Trade#,Date,Time_ET,League,Matchup,Away,Away_Score,Home,Home_Score,Actual_Total,Market_Total,Market_Spread,Favorite,Underdog,UD_Score,Pick_Direction,Tier,Ensemble_Score,Win_Prob,Base_Line,Scaled_OVER,Scaled_UNDER,Zone_Width,Primary_Bet,Primary_Line,Primary_Result,Hedge_Bet,Hedge_Line,Hedge_Result,Execution_Rule
1,2025-10-21,7:30 PM,NBA,GSW@LAL,GSW,119,LAL,109,228,227.5,+2.5,GSW,LAL,109,UNDER,C,+0.00,20.7,112.5,97.9,127.1,29.2,UNDER,127.1,HIT,OVER,97.9,HIT,Rule4_UnderDefault
2,2025-10-21,7:30 PM,NBA,HOU@OKC,HOU,124,OKC,125,249,226.0,+6.5,OKC,HOU,124,UNDER,A,+0.00,7.4,109.8,98.6,120.9,22.3,UNDER,120.9,MISS,OVER,98.6,HIT,Rule1_UpsetClause
3,2025-10-22,7:30 PM,NBA,BKN@CHA,BKN,117,CHA,136,253,228.0,+5.0,CHA,BKN,117,UNDER,B,+0.00,11.4,111.5,99.5,123.5,24.0,UNDER,123.5,HIT,OVER,99.5,HIT,Rule1_UpsetClause
4,2025-10-22,7:30 PM,NBA,CLE@NYK,CLE,111,NYK,119,230,229.0,+2.0,CLE,NYK,119,UNDER,C,+0.00,22.8,113.5,99.4,127.6,28.2,UNDER,127.6,HIT,OVER,99.4,HIT,Rule4_UnderDefault
5,2025-10-22,7:30 PM,NBA,DET@CHI,DET,111,CHI,115,226,236.5,-2.5,DET,CHI,115,UNDER,C,+0.00,40.1,117.0,102.4,131.6,29.2,UNDER,131.6,HIT,OVER,102.4,HIT,Rule4_UnderDefault
6,2025-10-22,7:30 PM,NBA,LAC@UTA,LAC,108,UTA,129,237,225.0,-9.5,LAC,UTA,129,UNDER,A,+0.00,49.0,107.8,93.7,121.8,28.1,UNDER,121.8,MISS,OVER,93.7,HIT,Rule4_UnderDefault
7,2025-10-22,7:30 PM,NBA,MIA@ORL,MIA,121,ORL,125,246,215.0,+8.5,ORL,MIA,121,UNDER,A,+0.00,4.0,103.2,90.2,116.3,26.2,UNDER,116.3,MISS,OVER,90.2,HIT,Rule1_UpsetClause
8,2025-10-22,7:30 PM,NBA,MIN@POR,MIN,118,POR,114,232,222.5,-4.5,MIN,POR,114,UNDER,B,+0.00,44.5,109.0,97.5,120.5,23.0,UNDER,120.5,HIT,OVER,97.5,HIT,Rule4_UnderDefault
9,2025-10-22,7:30 PM,NBA,NOP@MEM,NOP,122,MEM,128,250,236.0,+4.0,MEM,NOP,122,UNDER,B,+0.00,14.7,116.0,105.0,127.0,22.0,UNDER,127.0,HIT,OVER,105.0,HIT,Rule1_UpsetClause
10,2025-10-22,7:30 PM,NBA,PHI@BOS,PHI,117,BOS,116,233,230.5,+6.0,BOS,PHI,117,UNDER,A,+0.00,8.6,112.2,101.5,123.0,21.4,UNDER,123.0,HIT,OVER,101.5,HIT,Rule1_UpsetClause
11,2025-10-22,7:30 PM,NBA,SAS@DAL,SAS,125,DAL,92,217,224.5,-3.0,SAS,DAL,92,UNDER,C,+0.00,41.4,110.8,95.6,125.9,30.3,UNDER,125.9,HIT,OVER,95.6,MISS,Rule4_UnderDefault
12,2025-10-22,7:30 PM,NBA,TOR@ATL,TOR,138,ATL,118,256,237.0,-5.5,TOR,ATL,118,UNDER,A,+0.00,46.0,115.8,105.5,126.0,20.4,UNDER,126.0,HIT,OVER,105.5,HIT,Rule4_UnderDefault
13,2025-10-22,7:30 PM,NBA,WAS@MIL,WAS,120,MIL,133,253,228.5,+10.0,MIL,WAS,120,UNDER,A,+0.00,2.4,109.2,94.8,123.8,29.0,UNDER,123.8,HIT,OVER,94.8,HIT,Rule1_UpsetClause
14,2025-10-23,7:30 PM,NBA,DEN@GSW,DEN,131,GSW,137,268,232.5,+2.0,GSW,DEN,131,UNDER,C,+0.00,22.8,115.2,101.2,129.3,28.2,UNDER,129.3,MISS,OVER,101.2,HIT,Rule4_UnderDefault
15,2025-10-23,7:30 PM,NBA,OKC@IND,OKC,141,IND,135,276,231.5,+7.5,OKC,IND,135,UNDER,A,+0.00,5.5,112.0,99.9,124.1,24.2,UNDER,124.1,MISS,OVER,99.9,HIT,Rule1_UpsetClause
16,2025-10-24,7:30 PM,NBA,ATL@ORL,ATL,111,ORL,107,218,235.5,+6.0,ORL,ATL,111,UNDER,A,+0.00,8.6,114.8,104.0,125.5,21.4,UNDER,125.5,HIT,OVER,104.0,HIT,Rule1_UpsetClause
17,2025-10-24,7:30 PM,NBA,BOS@NYK,BOS,95,NYK,105,200,231.0,+3.5,NYK,BOS,95,UNDER,B,+0.00,16.6,113.8,103.2,124.2,21.0,UNDER,124.2,HIT,OVER,103.2,MISS,Rule4_UnderDefault
18,2025-10-24,7:30 PM,NBA,CLE@BKN,CLE,131,BKN,124,255,231.0,+11.5,CLE,BKN,124,UNDER,A,+0.00,1.5,109.8,93.8,125.7,31.8,UNDER,125.7,HIT,OVER,93.8,HIT,Rule1_UpsetClause
19,2025-10-24,7:30 PM,NBA,DET@HOU,DET,115,HOU,111,226,226.5,-6.5,DET,HOU,111,UNDER,A,+0.00,47.1,110.0,98.8,121.2,22.3,UNDER,121.2,HIT,OVER,98.8,HIT,Rule4_UnderDefault
20,2025-10-24,7:30 PM,NBA,GSW@POR,GSW,119,POR,139,258,227.5,-2.5,GSW,POR,139,UNDER,C,+0.00,40.1,112.5,97.9,127.1,29.2,UNDER,127.1,MISS,OVER,97.9,HIT,Rule4_UnderDefault
21,2025-10-24,7:30 PM,NBA,MIA@MEM,MIA,146,MEM,114,260,233.0,-3.0,MIA,MEM,114,UNDER,C,+0.00,41.4,115.0,99.8,130.2,30.3,UNDER,130.2,HIT,OVER,99.8,HIT,Rule4_UnderDefault
22,2025-10-24,7:30 PM,NBA,MIL@TOR,MIL,122,TOR,116,238,235.5,+2.0,TOR,MIL,122,UNDER,C,+0.00,22.8,116.8,102.7,130.8,28.2,UNDER,130.8,HIT,OVER,102.7,HIT,Rule4_UnderDefault
23,2025-10-24,7:30 PM,NBA,MIN@LAL,MIN,110,LAL,128,238,225.5,-1.5,MIN,LAL,128,UNDER,C,+0.00,37.0,112.0,98.4,125.6,27.2,UNDER,125.6,MISS,OVER,98.4,HIT,Rule4_UnderDefault
24,2025-10-24,7:30 PM,NBA,SAS@NOP,SAS,120,NOP,116,236,233.5,-4.0,SAS,NOP,116,UNDER,B,+0.00,43.6,114.8,103.8,125.8,22.0,UNDER,125.8,HIT,OVER,103.8,HIT,Rule4_UnderDefault
25,2025-10-24,7:30 PM,NBA,UTA@SAC,UTA,104,SAC,105,209,234.5,-6.0,UTA,SAC,105,UNDER,A,+0.00,46.6,114.2,103.5,125.0,21.4,UNDER,125.0,HIT,OVER,103.5,HIT,Rule4_UnderDefault
26,2025-10-24,7:30 PM,NBA,WAS@DAL,WAS,117,DAL,107,224,228.5,-9.5,WAS,DAL,107,UNDER,A,+0.00,49.0,109.5,95.5,123.5,28.1,UNDER,123.5,HIT,OVER,95.5,HIT,Rule4_UnderDefault
27,2025-10-25,7:00 PM,NBA,CHA@PHI,CHA,121,PHI,125,246,236.0,+5.0,PHI,CHA,121,UNDER,B,+0.00,11.4,115.5,103.5,127.5,24.0,UNDER,127.5,HIT,OVER,103.5,HIT,Rule1_UpsetClause
28,2025-10-25,7:00 PM,NBA,CHI@ORL,CHI,110,ORL,98,208,232.5,+6.0,ORL,CHI,110,UNDER,A,+0.00,8.6,113.2,102.5,124.0,21.4,UNDER,124.0,HIT,OVER,102.5,HIT,Rule1_UpsetClause
29,2025-10-25,7:00 PM,NBA,IND@MEM,IND,103,MEM,128,231,240.5,+2.0,MEM,IND,103,UNDER,C,+0.00,22.8,119.2,105.2,133.3,28.2,UNDER,133.3,HIT,OVER,105.2,MISS,Rule4_UnderDefault
30,2025-10-25,7:00 PM,NBA,OKC@ATL,OKC,117,ATL,100,217,236.5,+8.5,OKC,ATL,100,UNDER,A,+0.00,4.0,114.0,100.9,127.1,26.2,UNDER,127.1,HIT,OVER,100.9,MISS,Rule1_UpsetClause
31,2025-10-25,7:00 PM,NBA,PHX@DEN,PHX,111,DEN,133,244,234.0,+13.0,DEN,PHX,111,UNDER,A,+0.00,0.9,110.5,93.2,127.8,34.7,UNDER,127.8,HIT,OVER,93.2,HIT,Rule2_StructuralOutlier
32,2025-10-26,7:00 PM,NBA,BKN@SAS,BKN,107,SAS,118,225,227.5,+10.5,SAS,BKN,107,UNDER,A,+0.00,2.1,108.5,93.5,123.5,29.9,UNDER,123.5,HIT,OVER,93.5,HIT,Rule1_UpsetClause
33,2025-10-26,7:00 PM,NBA,BOS@DET,BOS,113,DET,119,232,227.0,+2.5,DET,BOS,113,UNDER,C,+0.00,20.7,112.2,97.6,126.9,29.2,UNDER,126.9,HIT,OVER,97.6,HIT,Rule4_UnderDefault
34,2025-10-26,7:00 PM,NBA,CHA@WAS,CHA,139,WAS,113,252,240.0,+1.5,WAS,CHA,139,UNDER,C,+0.00,25.0,119.2,105.7,132.8,27.1,UNDER,132.8,MISS,OVER,105.7,HIT,Rule4_UnderDefault
35,2025-10-26,7:00 PM,NBA,IND@MIN,IND,110,MIN,114,224,228.5,+12.0,MIN,IND,110,UNDER,A,+0.00,1.2,108.2,91.8,124.7,32.8,UNDER,124.7,HIT,OVER,91.8,HIT,Rule1_UpsetClause
36,2025-10-26,7:00 PM,NBA,LAL@SAC,LAL,127,SAC,120,247,225.0,+3.5,SAC,LAL,127,UNDER,B,+0.00,16.6,110.8,100.2,121.2,21.0,UNDER,121.2,MISS,OVER,100.2,HIT,Rule4_UnderDefault
37,2025-10-26,7:00 PM,NBA,MIL@CLE,MIL,113,CLE,118,231,234.0,+6.5,CLE,MIL,113,UNDER,A,+0.00,7.4,113.8,102.6,124.9,22.3,UNDER,124.9,HIT,OVER,102.6,HIT,Rule1_UpsetClause
38,2025-10-26,7:00 PM,NBA,NYK@MIA,NYK,107,MIA,115,222,230.5,+3.0,NYK,MIA,115,UNDER,C,+0.00,18.6,113.8,98.6,128.9,30.3,UNDER,128.9,HIT,OVER,98.6,HIT,Rule4_UnderDefault
39,2025-10-26,7:00 PM,NBA,POR@LAC,POR,107,LAC,114,221,224.0,+8.0,LAC,POR,107,UNDER,A,+0.00,4.7,108.0,95.4,120.6,25.2,UNDER,120.6,HIT,OVER,95.4,HIT,Rule1_UpsetClause
40,2025-10-26,7:00 PM,NBA,TOR@DAL,TOR,129,DAL,139,268,231.5,+1.0,TOR,DAL,139,UNDER,C,+0.00,27.2,115.2,102.2,128.3,26.1,UNDER,128.3,MISS,OVER,102.2,HIT,Rule4_UnderDefault
41,2025-10-27,7:30 PM,NBA,ATL@CHI,ATL,123,CHI,128,251,244.5,+2.5,CHI,ATL,123,UNDER,C,-43.83,20.7,121.0,106.4,135.6,29.2,UNDER,135.6,HIT,OVER,106.4,HIT,Rule4_UnderExecution
42,2025-10-27,7:30 PM,NBA,BKN@HOU,BKN,109,HOU,137,246,224.5,+16.0,HOU,BKN,109,OVER,A,+76.92,0.3,104.2,84.0,124.5,40.4,OVER,84.0,HIT,UNDER,124.5,HIT,Rule2_StructuralOutlier
43,2025-10-27,7:30 PM,NBA,BOS@NOP,BOS,122,NOP,90,212,231.5,+4.5,BOS,NOP,90,UNDER,B,-23.50,13.0,113.5,102.0,125.0,23.0,UNDER,125.0,HIT,OVER,102.0,MISS,Rule1_UpsetClause
44,2025-10-27,7:30 PM,NBA,CLE@DET,CLE,116,DET,95,211,231.0,+2.0,CLE,DET,95,OVER,C,+21.00,22.8,114.5,100.4,128.6,28.2,OVER,100.4,MISS,UNDER,128.6,HIT,Rule3_OverExecution
45,2025-10-27,7:30 PM,NBA,DEN@MIN,DEN,127,MIN,114,241,229.5,+6.5,MIN,DEN,127,OVER,A,+8.75,7.4,111.5,100.3,122.7,22.3,OVER,100.3,HIT,UNDER,122.7,MISS,Rule1_UpsetClause
46,2025-10-27,7:30 PM,NBA,MEM@GSW,MEM,118,GSW,131,249,240.5,+8.0,GSW,MEM,118,OVER,A,+144.25,4.7,116.2,103.7,128.8,25.2,OVER,103.7,HIT,UNDER,128.8,HIT,Rule1_UpsetClause
47,2025-10-27,7:30 PM,NBA,OKC@DAL,OKC,101,DAL,94,195,226.5,+8.5,DAL,OKC,101,OVER,A,+72.50,4.0,109.0,95.9,122.1,26.2,OVER,95.9,HIT,UNDER,122.1,HIT,Rule1_UpsetClause
48,2025-10-27,7:30 PM,NBA,ORL@PHI,ORL,124,PHI,136,260,227.0,+6.5,ORL,PHI,136,UNDER,A,-47.25,7.4,110.2,99.1,121.4,22.3,UNDER,121.4,MISS,OVER,99.1,HIT,Rule1_UpsetClause
49,2025-10-27,7:30 PM,NBA,PHX@UTA,PHX,134,UTA,138,272,229.5,+2.0,UTA,PHX,134,UNDER,C,+0.00,22.8,113.8,99.7,127.8,28.2,UNDER,127.8,MISS,OVER,99.7,HIT,Rule4_UnderDefault
50,2025-10-27,7:30 PM,NBA,POR@LAL,POR,122,LAL,108,230,228.0,+3.0,LAL,POR,122,OVER,C,+122.83,18.6,112.5,97.3,127.7,30.3,OVER,97.3,HIT,UNDER,127.7,HIT,Rule3_OverExecution
51,2025-10-27,7:30 PM,NBA,TOR@SAS,TOR,103,SAS,121,224,232.5,+4.5,SAS,TOR,103,OVER,B,+69.67,13.0,114.0,102.5,125.5,23.0,OVER,102.5,HIT,UNDER,125.5,HIT,Rule1_UpsetClause
52,2025-10-28,7:30 PM,NBA,CHA@MIA,CHA,117,MIA,144,261,239.5,+4.5,MIA,CHA,117,OVER,B,+96.50,13.0,117.5,106.0,129.0,23.0,OVER,106.0,HIT,UNDER,129.0,HIT,Rule1_UpsetClause
53,2025-10-28,7:30 PM,NBA,LAC@GSW,LAC,79,GSW,98,177,224.0,+1.5,GSW,LAC,79,OVER,C,+99.38,25.0,111.2,97.7,124.8,27.2,OVER,97.7,MISS,UNDER,124.8,HIT,Rule3_OverExecution
54,2025-10-28,7:30 PM,NBA,NYK@MIL,NYK,111,MIL,121,232,229.5,+2.0,NYK,MIL,121,UNDER,C,-14.50,22.8,113.8,99.7,127.8,28.2,UNDER,127.8,HIT,OVER,99.7,HIT,Rule4_UnderExecution
55,2025-10-28,7:30 PM,NBA,PHI@WAS,PHI,139,WAS,134,273,239.5,+4.5,PHI,WAS,134,OVER,B,+77.50,13.0,117.5,106.0,129.0,23.0,OVER,106.0,HIT,UNDER,129.0,MISS,Rule1_UpsetClause
56,2025-10-28,7:30 PM,NBA,SAC@OKC,SAC,101,OKC,107,208,227.5,+9.0,OKC,SAC,101,OVER,A,+53.62,3.4,109.2,95.7,122.8,27.1,OVER,95.7,HIT,UNDER,122.8,HIT,Rule1_UpsetClause
57,2025-10-29,7:30 PM,NBA,ATL@BKN,ATL,117,BKN,112,229,238.5,+8.5,ATL,BKN,112,OVER,A,+71.12,4.0,115.0,101.9,128.1,26.1,OVER,101.9,HIT,UNDER,128.1,HIT,Rule1_UpsetClause
58,2025-10-29,7:30 PM,NBA,CLE@BOS,CLE,105,BOS,125,230,233.5,+3.5,CLE,BOS,125,UNDER,B,-27.62,16.6,115.0,104.5,125.5,21.0,UNDER,125.5,HIT,OVER,104.5,HIT,Rule4_UnderExecution
59,2025-10-29,7:30 PM,NBA,HOU@TOR,HOU,139,TOR,121,260,233.5,+5.5,HOU,TOR,121,OVER,A,+81.12,9.9,114.0,103.8,124.2,20.4,OVER,103.8,HIT,UNDER,124.2,HIT,Rule1_UpsetClause
60,2025-10-29,7:30 PM,NBA,IND@DAL,IND,105,DAL,107,212,229.5,-6.0,IND,DAL,107,OVER,A,+29.42,46.6,111.8,101.0,122.5,21.4,OVER,101.0,HIT,UNDER,122.5,HIT,Rule3_OverExecution
61,2025-10-29,7:30 PM,NBA,LAL@MIN,LAL,116,MIN,115,231,224.5,-7.5,LAL,MIN,115,OVER,A,+49.50,47.9,108.5,96.4,120.6,24.2,OVER,96.4,HIT,UNDER,120.6,HIT,Rule3_OverExecution
62,2025-10-29,7:30 PM,NBA,MEM@PHX,MEM,114,PHX,113,227,242.0,-2.0,MEM,PHX,113,OVER,C,+30.00,38.6,120.0,105.9,134.1,28.2,OVER,105.9,HIT,UNDER,134.1,HIT,Rule3_OverExecution
63,2025-10-29,7:30 PM,NBA,NOP@DEN,NOP,88,DEN,122,210,238.0,+11.5,DEN,NOP,88,OVER,A,+26.92,1.5,113.2,97.3,129.2,31.9,OVER,97.3,MISS,UNDER,129.2,HIT,Rule1_UpsetClause
64,2025-10-29,7:30 PM,NBA,ORL@DET,ORL,116,DET,135,251,227.5,+2.0,ORL,DET,135,UNDER,C,-21.12,22.8,112.8,98.7,126.8,28.2,UNDER,126.8,MISS,OVER,98.7,HIT,Rule4_UnderExecution
65,2025-10-29,7:30 PM,NBA,POR@UTA,POR,136,UTA,134,270,235.0,-3.0,POR,UTA,134,OVER,C,+58.25,41.4,116.0,100.8,131.2,30.3,OVER,100.8,HIT,UNDER,131.2,MISS,Rule3_OverExecution
66,2025-10-29,7:30 PM,NBA,SAC@CHI,SAC,113,CHI,126,239,238.0,+4.5,CHI,SAC,113,UNDER,B,-51.50,13.0,116.8,105.2,128.2,23.0,UNDER,128.2,HIT,OVER,105.2,HIT,Rule1_UpsetClause
67,2025-10-30,7:30 PM,NBA,GSW@MIL,GSW,110,MIL,120,230,228.5,+7.5,GSW,MIL,120,OVER,A,+76.01,5.5,110.5,98.4,122.6,24.2,OVER,98.4,HIT,UNDER,122.6,HIT,Rule1_UpsetClause
68,2025-10-30,7:30 PM,NBA,MIA@SAS,MIA,101,SAS,107,208,228.0,+5.5,SAS,MIA,101,OVER,A,+58.75,9.9,111.2,101.0,121.5,20.4,OVER,101.0,MISS,UNDER,121.5,HIT,Rule1_UpsetClause
69,2025-10-30,7:30 PM,NBA,ORL@CHA,ORL,123,CHA,107,230,239.5,+3.5,ORL,CHA,107,OVER,B,+106.68,16.6,118.0,107.5,128.5,21.0,OVER,107.5,MISS,UNDER,128.5,HIT,Rule3_OverExecution
70,2025-10-30,7:30 PM,NBA,WAS@OKC,WAS,108,OKC,127,235,231.0,+15.5,OKC,WAS,108,OVER,A,+64.20,0.4,107.8,88.0,127.5,39.4,OVER,88.0,HIT,UNDER,127.5,HIT,Rule2_StructuralOutlier
71,2025-10-31,7:30 PM,NBA,ATL@IND,ATL,128,IND,108,236,232.5,+2.0,ATL,IND,108,OVER,C,+11.32,22.8,115.2,101.2,129.3,28.2,OVER,101.2,HIT,UNDER,129.3,HIT,Rule3_OverExecution
72,2025-10-31,7:30 PM,NBA,BOS@PHI,BOS,109,PHI,108,217,233.5,+2.0,BOS,PHI,108,OVER,C,+31.35,22.8,115.8,101.7,129.8,28.2,OVER,101.7,HIT,UNDER,129.8,HIT,Rule3_OverExecution
73,2025-10-31,7:30 PM,NBA,DEN@POR,DEN,107,POR,109,216,240.0,-5.5,DEN,POR,109,OVER,A,+116.15,46.0,117.2,107.0,127.5,20.4,OVER,107.0,HIT,UNDER,127.5,HIT,Rule3_OverExecution
74,2025-10-31,7:30 PM,NBA,LAL@MEM,LAL,117,MEM,112,229,238.5,+2.0,MEM,LAL,117,OVER,C,+100.27,22.8,118.2,104.2,132.3,28.2,OVER,104.2,HIT,UNDER,132.3,HIT,Rule3_OverExecution
75,2025-10-31,7:30 PM,NBA,NOP@LAC,NOP,124,LAC,126,250,223.5,-11.0,NOP,LAC,126,UNDER,A,-61.25,49.4,106.2,90.8,121.7,30.9,UNDER,121.7,MISS,OVER,90.8,HIT,Rule4_UnderExecution
76,2025-10-31,7:30 PM,NBA,NYK@CHI,NYK,125,CHI,135,260,233.5,+5.0,NYK,CHI,135,UNDER,B,-92.21,11.4,114.2,102.2,126.2,24.0,UNDER,126.2,MISS,OVER,102.2,HIT,Rule1_UpsetClause
77,2025-10-31,7:30 PM,NBA,TOR@CLE,TOR,112,CLE,101,213,237.0,+4.5,CLE,TOR,112,OVER,B,+33.70,13.0,116.2,104.8,127.8,23.0,OVER,104.8,HIT,UNDER,127.8,HIT,Rule1_UpsetClause
78,2025-10-31,7:30 PM,NBA,UTA@PHX,UTA,96,PHX,118,214,237.5,+3.0,PHX,UTA,96,OVER,C,+85.50,18.6,117.2,102.1,132.4,30.3,OVER,102.1,MISS,UNDER,132.4,HIT,Rule3_OverExecution
79,2025-11-01,7:00 PM,NBA,DAL@DET,DAL,110,DET,122,232,227.5,+7.5,DET,DAL,110,UNDER,A,-28.60,5.5,110.0,97.9,122.1,24.2,UNDER,122.1,HIT,OVER,97.9,HIT,Rule1_UpsetClause
80,2025-11-01,7:00 PM,NBA,GSW@IND,GSW,109,IND,114,223,230.0,+11.0,GSW,IND,114,OVER,A,+37.33,1.7,109.5,94.0,125.0,30.9,OVER,94.0,HIT,UNDER,125.0,HIT,Rule1_UpsetClause
81,2025-11-01,7:00 PM,NBA,HOU@BOS,HOU,128,BOS,101,229,226.5,+4.5,BOS,HOU,128,OVER,B,+5.81,13.0,111.0,99.5,122.5,23.0,OVER,99.5,HIT,UNDER,122.5,MISS,Rule1_UpsetClause
82,2025-11-01,7:00 PM,NBA,MIN@CHA,MIN,122,CHA,105,227,235.5,+4.5,MIN,CHA,105,OVER,B,+62.32,13.0,115.5,104.0,127.0,23.0,OVER,104.0,HIT,UNDER,127.0,HIT,Rule1_UpsetClause
83,2025-11-01,7:00 PM,NBA,ORL@WAS,ORL,125,WAS,94,219,233.5,+9.0,ORL,WAS,94,OVER,A,+88.24,3.4,112.2,98.7,125.8,27.1,OVER,98.7,MISS,UNDER,125.8,HIT,Rule1_UpsetClause
84,2025-11-01,7:00 PM,NBA,SAC@MIL,SAC,135,MIL,133,268,233.0,+6.5,MIL,SAC,135,UNDER,A,-35.12,7.4,113.2,102.1,124.4,22.3,UNDER,124.4,MISS,OVER,102.1,HIT,Rule1_UpsetClause
85,2025-11-02,7:00 PM,NBA,ATL@CLE,ATL,109,CLE,117,226,231.0,+6.5,CLE,ATL,109,UNDER,A,-72.15,7.4,112.2,101.1,123.4,22.3,UNDER,123.4,HIT,OVER,101.1,HIT,Rule1_UpsetClause
86,2025-11-02,7:00 PM,NBA,CHI@NYK,CHI,116,NYK,128,244,235.5,+7.5,NYK,CHI,116,UNDER,A,-6.72,5.5,114.0,101.9,126.1,24.2,UNDER,126.1,HIT,OVER,101.9,HIT,Rule1_UpsetClause
87,2025-11-02,7:00 PM,NBA,MEM@TOR,MEM,104,TOR,117,221,238.5,+4.5,TOR,MEM,104,OVER,B,+71.81,13.0,117.0,105.5,128.5,23.0,OVER,105.5,MISS,UNDER,128.5,HIT,Rule1_UpsetClause
88,2025-11-02,7:00 PM,NBA,MIA@LAL,MIA,120,LAL,130,250,232.0,+5.0,LAL,MIA,120,OVER,B,+63.73,11.4,113.5,101.5,125.5,24.0,OVER,101.5,HIT,UNDER,125.5,HIT,Rule1_UpsetClause
89,2025-11-02,7:00 PM,NBA,NOP@OKC,NOP,106,OKC,137,243,228.5,+13.0,OKC,NOP,106,UNDER,A,-43.68,0.9,107.8,90.4,125.1,34.7,UNDER,125.1,HIT,OVER,90.4,HIT,Rule2_StructuralOutlier
90,2025-11-02,7:00 PM,NBA,PHI@BKN,PHI,129,BKN,105,234,233.0,+4.5,PHI,BKN,105,OVER,B,+97.60,13.0,114.2,102.8,125.8,23.0,OVER,102.8,HIT,UNDER,125.8,HIT,Rule1_UpsetClause
91,2025-11-02,7:00 PM,NBA,SAS@PHX,SAS,118,PHX,130,248,227.5,+5.0,SAS,PHX,130,OVER,B,+16.07,11.4,111.2,99.2,123.2,24.0,OVER,99.2,HIT,UNDER,123.2,MISS,Rule1_UpsetClause
92,2025-11-02,7:00 PM,NBA,UTA@CHA,UTA,103,CHA,126,229,233.0,+1.5,UTA,CHA,126,OVER,C,+52.82,25.0,115.8,102.2,129.3,27.1,OVER,102.2,HIT,UNDER,129.3,HIT,Rule3_OverExecution
93,2025-11-03,7:30 PM,NBA,DAL@HOU,DAL,102,HOU,110,212,225.5,+12.5,HOU,DAL,102,OVER,A,+27.80,1.0,106.5,89.6,123.4,33.8,OVER,89.6,HIT,UNDER,123.4,HIT,Rule2_StructuralOutlier
94,2025-11-03,7:30 PM,NBA,DET@MEM,DET,114,MEM,106,220,236.0,+4.0,MEM,DET,114,UNDER,B,-10.95,14.7,116.0,105.0,127.0,22.0,UNDER,127.0,HIT,OVER,105.0,HIT,Rule1_UpsetClause
95,2025-11-03,7:30 PM,NBA,LAL@POR,LAL,123,POR,115,238,228.0,+9.5,POR,LAL,123,OVER,A,+81.87,2.9,109.2,95.2,123.3,28.1,OVER,95.2,HIT,UNDER,123.3,HIT,Rule1_UpsetClause
96,2025-11-03,7:30 PM,NBA,MIA@LAC,MIA,120,LAC,119,239,227.0,+7.5,LAC,MIA,120,OVER,A,+39.09,5.5,109.8,97.6,121.9,24.2,OVER,97.6,HIT,UNDER,121.9,HIT,Rule1_UpsetClause
97,2025-11-03,7:30 PM,NBA,MIL@IND,MIL,117,IND,115,232,235.0,+6.0,MIL,IND,115,OVER,A,+19.93,8.6,114.5,103.8,125.2,21.4,OVER,103.8,HIT,UNDER,125.2,HIT,Rule1_UpsetClause
98,2025-11-03,7:30 PM,NBA,MIN@BKN,MIN,125,BKN,109,234,226.0,+9.5,MIN,BKN,109,OVER,A,+47.27,2.9,108.2,94.2,122.3,28.1,OVER,94.2,HIT,UNDER,122.3,HIT,Rule1_UpsetClause
99,2025-11-03,7:30 PM,NBA,SAC@DEN,SAC,124,DEN,130,254,237.0,+11.5,DEN,SAC,124,UNDER,A,-3.57,1.5,112.8,96.8,128.7,31.9,UNDER,128.7,HIT,OVER,96.8,HIT,Rule1_UpsetClause
100,2025-11-03,7:30 PM,NBA,UTA@BOS,UTA,105,BOS,103,208,233.0,+10.5,BOS,UTA,105,UNDER,A,-2.96,2.1,111.2,96.3,126.2,29.9,UNDER,126.2,HIT,OVER,96.3,HIT,Rule1_UpsetClause
101,2025-11-03,7:30 PM,NBA,WAS@NYK,WAS,102,NYK,119,221,234.0,+13.0,NYK,WAS,102,OVER,A,+19.11,0.9,110.5,93.2,127.8,34.7,OVER,93.2,HIT,UNDER,127.8,HIT,Rule2_StructuralOutlier
102,2025-11-04,7:30 PM,NBA,CHA@NOP,CHA,112,NOP,116,228,229.5,+2.5,NOP,CHA,112,OVER,C,+25.96,20.7,113.5,98.9,128.1,29.2,OVER,98.9,HIT,UNDER,128.1,HIT,Rule3_OverExecution
103,2025-11-04,7:30 PM,NBA,MIL@TOR,MIL,100,TOR,128,228,237.5,+2.0,TOR,MIL,100,OVER,C,+88.42,22.8,117.8,103.7,131.8,28.2,OVER,103.7,MISS,UNDER,131.8,HIT,Rule3_OverExecution
104,2025-11-04,7:30 PM,NBA,ORL@ATL,ORL,112,ATL,127,239,240.0,+3.5,ORL,ATL,127,UNDER,B,-32.48,16.6,118.2,107.8,128.8,21.0,UNDER,128.8,HIT,OVER,107.8,HIT,Rule4_UnderExecution
105,2025-11-05,7:30 PM,NBA,BKN@IND,BKN,112,IND,103,215,232.5,+6.5,IND,BKN,112,OVER,A,+31.79,7.4,113.0,101.8,124.2,22.3,OVER,101.8,HIT,UNDER,124.2,HIT,Rule1_UpsetClause
106,2025-11-05,7:30 PM,NBA,GSW@SAC,GSW,116,SAC,121,237,226.0,+3.0,SAC,GSW,116,OVER,C,+24.92,18.6,111.5,96.3,126.7,30.3,OVER,96.3,HIT,UNDER,126.7,HIT,Rule3_OverExecution
107,2025-11-05,7:30 PM,NBA,HOU@MEM,HOU,124,MEM,109,233,232.5,+7.5,MEM,HOU,124,OVER,A,+45.85,5.5,112.5,100.4,124.6,24.2,OVER,100.4,HIT,UNDER,124.6,HIT,Rule1_UpsetClause
108,2025-11-05,7:30 PM,NBA,MIA@DEN,MIA,112,DEN,122,234,241.5,+9.0,DEN,MIA,112,OVER,A,+52.14,3.4,116.2,102.7,129.8,27.1,OVER,102.7,HIT,UNDER,129.8,HIT,Rule1_UpsetClause
109,2025-11-05,7:30 PM,NBA,MIN@NYK,MIN,114,NYK,137,251,229.0,+3.5,NYK,MIN,114,UNDER,B,-2.63,16.6,112.8,102.2,123.2,21.0,UNDER,123.2,HIT,OVER,102.2,HIT,Rule4_UnderExecution
110,2025-11-05,7:30 PM,NBA,NOP@DAL,NOP,101,DAL,99,200,226.0,-8.5,NOP,DAL,99,UNDER,A,-28.17,48.5,108.8,95.7,121.8,26.2,UNDER,121.8,HIT,OVER,95.7,HIT,Rule4_UnderExecution
111,2025-11-05,7:30 PM,NBA,OKC@POR,OKC,119,POR,121,240,232.0,-3.5,OKC,POR,121,OVER,B,+71.25,42.6,114.2,103.8,124.8,21.0,OVER,103.8,HIT,UNDER,124.8,HIT,Rule3_OverExecution
112,2025-11-05,7:30 PM,NBA,PHI@CLE,PHI,121,CLE,132,253,234.0,+12.0,CLE,PHI,121,OVER,A,+25.69,1.2,111.0,94.6,127.4,32.8,OVER,94.6,HIT,UNDER,127.4,HIT,Rule1_UpsetClause
113,2025-11-05,7:30 PM,NBA,SAS@LAL,SAS,116,LAL,118,234,227.5,-2.0,SAS,LAL,118,OVER,C,+74.70,38.6,112.8,98.7,126.8,28.2,OVER,98.7,HIT,UNDER,126.8,HIT,Rule3_OverExecution
114,2025-11-05,7:30 PM,NBA,UTA@DET,UTA,103,DET,114,217,233.5,+10.0,DET,UTA,103,OVER,A,+19.19,2.4,111.8,97.2,126.2,29.0,OVER,97.2,HIT,UNDER,126.2,HIT,Rule1_UpsetClause
115,2025-11-05,7:30 PM,NBA,WAS@BOS,WAS,107,BOS,136,243,232.5,+13.0,BOS,WAS,107,UNDER,A,-53.53,0.9,109.8,92.4,127.1,34.7,UNDER,127.1,HIT,OVER,92.4,HIT,Rule2_StructuralOutlier
116,2025-11-06,7:30 PM,NBA,LAC@PHX,LAC,102,PHX,115,217,224.5,+2.5,PHX,LAC,102,OVER,C,+21.00,20.7,111.0,96.4,125.6,29.2,OVER,96.4,HIT,UNDER,125.6,HIT,Rule3_OverExecution
117,2025-11-07,7:30 PM,NBA,BOS@ORL,BOS,110,ORL,123,233,226.5,+3.5,ORL,BOS,110,UNDER,B,-33.23,16.6,111.5,101.0,122.0,21.0,UNDER,122.0,HIT,OVER,101.0,HIT,Rule4_UnderExecution
118,2025-11-07,7:30 PM,NBA,CHA@MIA,CHA,108,MIA,126,234,235.0,+7.0,MIA,CHA,108,OVER,A,+33.82,6.4,114.0,102.3,125.7,23.3,OVER,102.3,HIT,UNDER,125.7,HIT,Rule1_UpsetClause
119,2025-11-07,7:30 PM,NBA,CHI@MIL,CHI,110,MIL,126,236,240.0,+4.5,MIL,CHI,110,OVER,B,+85.74,13.0,117.8,106.2,129.2,23.0,OVER,106.2,HIT,UNDER,129.2,HIT,Rule1_UpsetClause
120,2025-11-07,7:30 PM,NBA,CLE@WAS,CLE,148,WAS,115,263,240.5,+13.5,CLE,WAS,115,UNDER,A,-4.23,0.7,113.5,95.7,131.3,35.6,UNDER,131.3,HIT,OVER,95.7,HIT,Rule2_StructuralOutlier
121,2025-11-07,7:30 PM,NBA,DAL@MEM,DAL,104,MEM,118,222,233.0,+4.0,MEM,DAL,104,UNDER,B,-101.11,14.7,114.5,103.5,125.5,22.0,UNDER,125.5,HIT,OVER,103.5,HIT,Rule1_UpsetClause
122,2025-11-07,7:30 PM,NBA,DET@BKN,DET,125,BKN,107,232,227.5,+10.5,BKN,DET,125,UNDER,A,-1.39,2.1,108.5,93.5,123.5,29.9,UNDER,123.5,MISS,OVER,93.5,HIT,Rule1_UpsetClause
123,2025-11-07,7:30 PM,NBA,GSW@DEN,GSW,104,DEN,129,233,230.0,+9.5,DEN,GSW,104,UNDER,A,-16.31,2.9,110.2,96.2,124.3,28.1,UNDER,124.3,HIT,OVER,96.2,HIT,Rule1_UpsetClause
124,2025-11-07,7:30 PM,NBA,HOU@SAS,HOU,110,SAS,121,231,225.0,+4.0,HOU,SAS,121,OVER,B,+66.40,14.7,110.5,99.5,121.5,22.0,OVER,99.5,HIT,UNDER,121.5,HIT,Rule1_UpsetClause
125,2025-11-07,7:30 PM,NBA,OKC@SAC,OKC,132,SAC,101,233,229.5,+11.5,SAC,OKC,132,OVER,A,+19.19,1.5,109.0,93.1,124.9,31.8,OVER,93.1,HIT,UNDER,124.9,MISS,Rule1_UpsetClause
126,2025-11-07,7:30 PM,NBA,TOR@ATL,TOR,109,ATL,97,206,235.5,+2.5,ATL,TOR,109,UNDER,C,-25.02,20.7,116.5,101.9,131.1,29.2,UNDER,131.1,HIT,OVER,101.9,HIT,Rule4_UnderExecution
127,2025-11-07,7:30 PM,NBA,UTA@MIN,UTA,97,MIN,137,234,233.5,+12.5,MIN,UTA,97,OVER,A,+9.40,1.0,110.5,93.6,127.4,33.8,OVER,93.6,HIT,UNDER,127.4,HIT,Rule2_StructuralOutlier
128,2025-11-08,7:00 PM,NBA,CHI@CLE,CHI,122,CLE,128,250,239.0,+8.5,CLE,CHI,122,OVER,A,+20.19,4.0,115.2,102.2,128.3,26.1,OVER,102.2,HIT,UNDER,128.3,HIT,Rule1_UpsetClause
129,2025-11-08,7:00 PM,NBA,DAL@WAS,DAL,111,WAS,105,216,234.0,+4.5,DAL,WAS,105,UNDER,B,-5.09,13.0,114.8,103.2,126.2,23.0,UNDER,126.2,HIT,OVER,103.2,HIT,Rule1_UpsetClause
130,2025-11-08,7:00 PM,NBA,IND@DEN,IND,100,DEN,117,217,235.0,+9.0,DEN,IND,100,UNDER,A,-23.91,3.4,113.0,99.5,126.5,27.1,UNDER,126.5,HIT,OVER,99.5,HIT,Rule1_UpsetClause
131,2025-11-08,7:00 PM,NBA,LAL@ATL,LAL,102,ATL,122,224,228.5,-5.0,LAL,ATL,122,UNDER,B,-8.75,45.3,111.8,99.8,123.8,24.0,UNDER,123.8,HIT,OVER,99.8,HIT,Rule4_UnderExecution
132,2025-11-08,7:00 PM,NBA,NOP@SAS,NOP,119,SAS,126,245,223.5,-11.0,NOP,SAS,126,UNDER,A,-22.68,49.4,106.2,90.8,121.7,30.9,UNDER,121.7,MISS,OVER,90.8,HIT,Rule4_UnderExecution
133,2025-11-08,7:00 PM,NBA,PHX@LAC,PHX,114,LAC,103,217,226.0,-4.5,PHX,LAC,103,UNDER,B,-31.43,44.5,110.8,99.2,122.2,23.0,UNDER,122.2,HIT,OVER,99.2,HIT,Rule4_UnderExecution
134,2025-11-08,7:00 PM,NBA,POR@MIA,POR,131,MIA,136,267,242.0,+3.5,POR,MIA,136,OVER,B,+52.29,16.6,119.2,108.8,129.8,21.0,OVER,108.8,HIT,UNDER,129.8,MISS,Rule3_OverExecution
135,2025-11-08,7:00 PM,NBA,TOR@PHI,TOR,120,PHI,130,250,237.0,+5.0,PHI,TOR,120,OVER,B,+54.96,11.4,116.0,104.0,128.0,24.0,OVER,104.0,HIT,UNDER,128.0,HIT,Rule1_UpsetClause
136,2025-11-09,7:00 PM,NBA,BKN@NYK,BKN,98,NYK,134,232,227.0,+15.5,NYK,BKN,98,OVER,A,+34.55,0.4,105.8,86.0,125.5,39.4,OVER,86.0,HIT,UNDER,125.5,HIT,Rule2_StructuralOutlier
137,2025-11-09,7:00 PM,NBA,BOS@ORL,BOS,111,ORL,107,218,228.0,+4.0,ORL,BOS,111,UNDER,B,-28.17,14.7,112.0,101.0,123.0,22.0,UNDER,123.0,HIT,OVER,101.0,HIT,Rule1_UpsetClause
138,2025-11-09,7:00 PM,NBA,DET@PHI,DET,111,PHI,108,219,234.0,-4.5,DET,PHI,108,OVER,B,+60.51,44.5,114.8,103.2,126.2,23.0,OVER,103.2,HIT,UNDER,126.2,HIT,Rule3_OverExecution
139,2025-11-09,7:00 PM,NBA,HOU@MIL,HOU,122,MIL,115,237,232.0,+4.0,HOU,MIL,115,OVER,B,+69.66,14.7,114.0,103.0,125.0,22.0,OVER,103.0,HIT,UNDER,125.0,HIT,Rule1_UpsetClause
140,2025-11-09,7:00 PM,NBA,IND@GSW,IND,83,GSW,114,197,221.5,+13.0,GSW,IND,83,UNDER,A,-38.26,0.9,104.2,86.9,121.6,34.7,UNDER,121.6,HIT,OVER,86.9,MISS,Rule2_StructuralOutlier
141,2025-11-09,7:00 PM,NBA,MIN@SAC,MIN,144,SAC,117,261,238.0,+4.5,SAC,MIN,144,OVER,B,+34.64,13.0,116.8,105.2,128.2,23.0,OVER,105.2,HIT,UNDER,128.2,MISS,Rule1_UpsetClause
142,2025-11-09,7:00 PM,NBA,OKC@MEM,OKC,114,MEM,100,214,230.5,+10.5,OKC,MEM,100,UNDER,A,-8.27,2.1,110.0,95.0,125.0,29.9,UNDER,125.0,HIT,OVER,95.0,HIT,Rule1_UpsetClause
143,2025-11-10,7:30 PM,NBA,ATL@LAC,ATL,105,LAC,102,207,221.0,-4.5,ATL,LAC,102,UNDER,B,-96.65,44.5,108.2,96.8,119.8,23.0,UNDER,119.8,HIT,OVER,96.8,HIT,Rule4_UnderExecution
144,2025-11-10,7:30 PM,NBA,CLE@MIA,CLE,138,MIA,140,278,248.0,+7.5,CLE,MIA,140,OVER,A,+70.51,5.5,120.2,108.1,132.4,24.2,OVER,108.1,HIT,UNDER,132.4,MISS,Rule1_UpsetClause
145,2025-11-10,7:30 PM,NBA,LAL@CHA,LAL,121,CHA,111,232,230.0,+8.5,LAL,CHA,111,UNDER,A,-0.20,4.0,110.8,97.7,123.8,26.2,UNDER,123.8,HIT,OVER,97.7,HIT,Rule1_UpsetClause
146,2025-11-10,7:30 PM,NBA,MIL@DAL,MIL,116,DAL,114,230,229.5,-3.5,MIL,DAL,114,UNDER,B,-13.01,42.6,113.0,102.5,123.5,21.0,UNDER,123.5,HIT,OVER,102.5,HIT,Rule4_UnderExecution
147,2025-11-10,7:30 PM,NBA,MIN@UTA,MIN,120,UTA,113,233,234.5,-7.5,MIN,UTA,113,OVER,A,+5.53,47.9,113.5,101.4,125.6,24.2,OVER,101.4,HIT,UNDER,125.6,HIT,Rule3_OverExecution
148,2025-11-10,7:30 PM,NBA,NOP@PHX,NOP,98,PHX,121,219,227.0,+8.5,PHX,NOP,98,UNDER,A,-36.91,4.0,109.2,96.2,122.3,26.2,UNDER,122.3,HIT,OVER,96.2,HIT,Rule1_UpsetClause
149,2025-11-10,7:30 PM,NBA,POR@ORL,POR,112,ORL,115,227,235.0,+2.0,ORL,POR,112,OVER,C,+56.74,22.8,116.5,102.4,130.6,28.2,OVER,102.4,HIT,UNDER,130.6,HIT,Rule3_OverExecution
150,2025-11-10,7:30 PM,NBA,SAS@CHI,SAS,121,CHI,117,238,236.0,-5.0,SAS,CHI,117,OVER,B,+47.98,45.3,115.5,103.5,127.5,24.0,OVER,103.5,HIT,UNDER,127.5,HIT,Rule3_OverExecution
151,2025-11-10,7:30 PM,NBA,WAS@DET,WAS,135,DET,137,272,236.0,+11.0,DET,WAS,135,UNDER,A,-27.43,1.7,112.5,97.0,128.0,30.9,UNDER,128.0,MISS,OVER,97.0,HIT,Rule1_UpsetClause
152,2025-11-11,7:30 PM,NBA,BOS@PHI,BOS,100,PHI,102,202,231.5,+1.5,BOS,PHI,102,OVER,C,+7.01,25.0,115.0,101.4,128.6,27.1,OVER,101.4,HIT,UNDER,128.6,HIT,Rule3_OverExecution
153,2025-11-11,7:30 PM,NBA,DEN@SAC,DEN,122,SAC,108,230,244.0,+8.0,SAC,DEN,122,OVER,A,+14.79,4.7,118.0,105.4,130.6,25.2,OVER,105.4,HIT,UNDER,130.6,HIT,Rule1_UpsetClause
154,2025-11-11,7:30 PM,NBA,GSW@OKC,GSW,102,OKC,126,228,227.5,+8.5,OKC,GSW,102,OVER,A,+20.28,4.0,109.5,96.4,122.6,26.2,OVER,96.4,HIT,UNDER,122.6,HIT,Rule1_UpsetClause
155,2025-11-11,7:30 PM,NBA,IND@UTA,IND,128,UTA,152,280,233.0,+2.0,UTA,IND,128,UNDER,C,-87.62,22.8,115.5,101.4,129.6,28.2,UNDER,129.6,HIT,OVER,101.4,HIT,Rule4_UnderExecution
156,2025-11-11,7:30 PM,NBA,MEM@NYK,MEM,120,NYK,133,253,233.5,+10.0,NYK,MEM,120,UNDER,A,-26.17,2.4,111.8,97.2,126.2,29.0,UNDER,126.2,HIT,OVER,97.2,HIT,Rule1_UpsetClause
157,2025-11-11,7:30 PM,NBA,TOR@BKN,TOR,119,BKN,109,228,232.0,+9.5,TOR,BKN,109,OVER,A,+30.61,2.9,111.2,97.2,125.3,28.1,OVER,97.2,HIT,UNDER,125.3,HIT,Rule1_UpsetClause
158,2025-11-12,7:30 PM,NBA,ATL@SAC,ATL,133,SAC,100,233,229.5,+4.0,SAC,ATL,133,UNDER,B,-44.38,14.7,112.8,101.8,123.8,22.0,UNDER,123.8,MISS,OVER,101.8,HIT,Rule1_UpsetClause
159,2025-11-12,7:30 PM,NBA,CHI@DET,CHI,113,DET,124,237,229.5,+2.5,CHI,DET,124,OVER,C,+34.73,20.7,113.5,98.9,128.1,29.2,OVER,98.9,HIT,UNDER,128.1,HIT,Rule3_OverExecution
160,2025-11-12,7:30 PM,NBA,CLE@MIA,CLE,130,MIA,116,246,239.5,+4.5,MIA,CLE,130,OVER,B,+156.94,13.0,117.5,106.0,129.0,23.0,OVER,106.0,HIT,UNDER,129.0,MISS,Rule1_UpsetClause
161,2025-11-12,7:30 PM,NBA,DEN@LAC,DEN,130,LAC,116,246,224.0,+4.5,LAC,DEN,130,OVER,B,+31.67,13.0,109.8,98.2,121.2,23.0,OVER,98.2,HIT,UNDER,121.2,MISS,Rule1_UpsetClause
162,2025-11-12,7:30 PM,NBA,LAL@OKC,LAL,92,OKC,121,213,229.0,+8.0,OKC,LAL,92,OVER,A,+98.66,4.7,110.5,97.9,123.1,25.2,OVER,97.9,MISS,UNDER,123.1,HIT,Rule1_UpsetClause
163,2025-11-12,7:30 PM,NBA,MIL@CHA,MIL,100,CHA,111,211,228.0,+2.5,MIL,CHA,111,OVER,C,+34.24,20.7,112.8,98.1,127.4,29.2,OVER,98.1,HIT,UNDER,127.4,HIT,Rule3_OverExecution
164,2025-11-12,7:30 PM,NBA,ORL@NYK,ORL,124,NYK,107,231,227.5,+4.0,NYK,ORL,124,OVER,B,+24.91,14.7,111.8,100.8,122.8,22.0,OVER,100.8,HIT,UNDER,122.8,MISS,Rule1_UpsetClause
165,2025-11-12,7:30 PM,NBA,PHX@DAL,PHX,123,DAL,114,237,227.0,+2.0,DAL,PHX,123,OVER,C,+1.85,22.8,112.5,98.4,126.6,28.2,OVER,98.4,HIT,UNDER,126.6,HIT,Rule3_OverExecution
166,2025-11-12,7:30 PM,NBA,POR@NOP,POR,125,NOP,117,242,232.0,-8.0,POR,NOP,117,OVER,A,+6.02,48.3,112.0,99.4,124.6,25.2,OVER,99.4,HIT,UNDER,124.6,HIT,Rule3_OverExecution
167,2025-11-12,7:30 PM,NBA,WAS@HOU,WAS,112,HOU,135,247,237.5,+17.0,HOU,WAS,112,OVER,A,+77.95,0.2,110.2,89.1,131.4,42.3,OVER,89.1,HIT,UNDER,131.4,HIT,Rule2_StructuralOutlier
168,2025-11-13,7:30 PM,NBA,ATL@UTA,ATL,132,UTA,122,254,234.0,+1.5,ATL,UTA,122,UNDER,C,-58.51,25.0,116.2,102.7,129.8,27.1,UNDER,129.8,HIT,OVER,102.7,HIT,Rule4_UnderExecution
169,2025-11-13,7:30 PM,NBA,IND@PHX,IND,98,PHX,133,231,233.5,+3.5,PHX,IND,98,UNDER,B,-15.93,16.6,115.0,104.5,125.5,21.0,UNDER,125.5,HIT,OVER,104.5,MISS,Rule4_UnderExecution
170,2025-11-13,7:30 PM,NBA,TOR@CLE,TOR,126,CLE,113,239,238.5,+7.5,CLE,TOR,126,OVER,A,+9.08,5.5,115.5,103.4,127.6,24.2,OVER,103.4,HIT,UNDER,127.6,HIT,Rule1_UpsetClause
171,2025-11-14,7:30 PM,NBA,BKN@ORL,BKN,98,ORL,105,203,225.0,+14.5,ORL,BKN,98,OVER,A,+0.37,0.5,105.2,86.5,124.0,37.6,OVER,86.5,HIT,UNDER,124.0,HIT,Rule2_StructuralOutlier
172,2025-11-14,7:30 PM,NBA,CHA@MIL,CHA,134,MIL,147,281,238.0,+9.0,MIL,CHA,134,OVER,A,+1.21,3.4,114.5,101.0,128.1,27.1,OVER,101.0,HIT,UNDER,128.1,MISS,Rule1_UpsetClause
173,2025-11-14,7:30 PM,NBA,GSW@SAS,GSW,109,SAS,108,217,233.5,-2.5,GSW,SAS,108,OVER,C,+14.75,40.1,115.5,100.9,130.1,29.2,OVER,100.9,HIT,UNDER,130.1,HIT,Rule3_OverExecution
174,2025-11-14,7:30 PM,NBA,LAC@DAL,LAC,133,DAL,127,260,221.5,+3.0,DAL,LAC,133,UNDER,C,-127.63,18.6,109.2,94.1,124.4,30.3,UNDER,124.4,MISS,OVER,94.1,HIT,Rule4_UnderExecution
175,2025-11-14,7:30 PM,NBA,LAL@NOP,LAL,118,NOP,104,222,227.0,+9.5,NOP,LAL,118,OVER,A,+26.29,2.9,108.8,94.7,122.8,28.1,OVER,94.7,HIT,UNDER,122.8,HIT,Rule1_UpsetClause
176,2025-11-14,7:30 PM,NBA,MIA@NYK,MIA,132,NYK,140,272,240.5,+6.5,NYK,MIA,132,OVER,A,+99.50,7.4,117.0,105.8,128.2,22.4,OVER,105.8,HIT,UNDER,128.2,MISS,Rule1_UpsetClause
177,2025-11-14,7:30 PM,NBA,PHI@DET,PHI,105,DET,114,219,228.0,+1.0,DET,PHI,105,OVER,C,+17.62,27.2,113.5,100.5,126.5,26.1,OVER,100.5,HIT,UNDER,126.5,HIT,Rule3_OverExecution
178,2025-11-14,7:30 PM,NBA,POR@HOU,POR,116,HOU,140,256,236.5,+7.5,HOU,POR,116,OVER,A,+97.39,5.5,114.5,102.4,126.6,24.2,OVER,102.4,HIT,UNDER,126.6,HIT,Rule1_UpsetClause
179,2025-11-14,7:30 PM,NBA,SAC@MIN,SAC,110,MIN,124,234,240.0,+11.5,MIN,SAC,110,OVER,A,+67.12,1.5,114.2,98.3,130.2,31.9,OVER,98.3,HIT,UNDER,130.2,HIT,Rule1_UpsetClause
180,2025-11-15,7:00 PM,NBA,DEN@MIN,DEN,123,MIN,112,235,237.0,+1.0,DEN,MIN,112,OVER,C,+73.92,27.2,118.0,105.0,131.1,26.1,OVER,105.0,HIT,UNDER,131.1,HIT,Rule3_OverExecution
181,2025-11-15,7:00 PM,NBA,LAL@MIL,LAL,119,MIL,95,214,229.5,-2.0,LAL,MIL,95,OVER,C,+20.43,38.6,113.8,99.7,127.8,28.2,OVER,99.7,MISS,UNDER,127.8,HIT,Rule3_OverExecution
182,2025-11-15,7:00 PM,NBA,MEM@CLE,MEM,100,CLE,108,208,241.5,+10.5,CLE,MEM,100,OVER,A,+9.55,2.1,115.5,100.5,130.5,29.9,OVER,100.5,MISS,UNDER,130.5,HIT,Rule1_UpsetClause
183,2025-11-15,7:00 PM,NBA,OKC@CHA,OKC,109,CHA,96,205,224.0,+17.0,OKC,CHA,96,OVER,A,+37.89,0.2,103.5,82.3,124.7,42.3,OVER,82.3,HIT,UNDER,124.7,HIT,Rule2_StructuralOutlier
184,2025-11-15,7:00 PM,NBA,TOR@IND,TOR,129,IND,111,240,235.5,+6.0,TOR,IND,111,UNDER,A,-16.29,8.6,114.8,104.0,125.5,21.4,UNDER,125.5,HIT,OVER,104.0,HIT,Rule1_UpsetClause
185,2025-11-16,7:00 PM,NBA,ATL@PHX,ATL,124,PHX,122,246,226.5,-1.5,ATL,PHX,122,OVER,C,+31.39,37.0,112.5,98.9,126.1,27.2,OVER,98.9,HIT,UNDER,126.1,HIT,Rule3_OverExecution
186,2025-11-16,7:00 PM,NBA,BKN@WAS,BKN,129,WAS,106,235,232.0,+3.0,WAS,BKN,129,OVER,C,+24.15,18.6,114.5,99.3,129.7,30.3,OVER,99.3,HIT,UNDER,129.7,HIT,Rule3_OverExecution
187,2025-11-16,7:00 PM,NBA,CHI@UTA,CHI,147,UTA,150,297,244.5,-4.5,CHI,UTA,150,OVER,B,+40.71,44.5,120.0,108.5,131.5,23.0,OVER,108.5,HIT,UNDER,131.5,MISS,Rule3_OverExecution
188,2025-11-16,7:00 PM,NBA,GSW@NOP,GSW,124,NOP,106,230,229.0,+10.5,GSW,NOP,106,UNDER,A,-49.03,2.1,109.2,94.3,124.2,29.9,UNDER,124.2,HIT,OVER,94.3,HIT,Rule1_UpsetClause
189,2025-11-16,7:00 PM,NBA,LAC@BOS,LAC,118,BOS,121,239,220.0,+5.0,BOS,LAC,118,UNDER,B,-63.37,11.4,107.5,95.5,119.5,24.0,UNDER,119.5,HIT,OVER,95.5,HIT,Rule1_UpsetClause
190,2025-11-16,7:00 PM,NBA,ORL@HOU,ORL,113,HOU,117,230,223.0,-7.5,ORL,HOU,117,OVER,A,+54.96,47.9,107.8,95.6,119.9,24.2,OVER,95.6,HIT,UNDER,119.9,HIT,Rule3_OverExecution
191,2025-11-16,7:00 PM,NBA,POR@DAL,POR,133,DAL,138,271,237.0,-4.0,POR,DAL,138,OVER,B,+42.45,43.6,116.5,105.5,127.5,22.0,OVER,105.5,HIT,UNDER,127.5,MISS,Rule3_OverExecution
192,2025-11-16,7:00 PM,NBA,SAC@SAS,SAC,110,SAS,123,233,243.5,+7.0,SAS,SAC,110,OVER,A,+26.86,6.4,118.2,106.6,129.9,23.3,OVER,106.6,HIT,UNDER,129.9,HIT,Rule1_UpsetClause
193,2025-11-17,7:30 PM,NBA,CHA@TOR,CHA,108,TOR,110,218,240.0,-7.5,CHA,TOR,110,OVER,A,+3.92,47.9,116.2,104.1,128.4,24.2,OVER,104.1,HIT,UNDER,128.4,HIT,Rule3_OverExecution
194,2025-11-17,7:30 PM,NBA,CHI@DEN,CHI,130,DEN,127,257,241.0,-12.5,CHI,DEN,127,OVER,A,+134.43,49.6,114.2,97.4,131.1,33.8,OVER,97.4,HIT,UNDER,131.1,HIT,Rule2_StructuralOutlier
195,2025-11-17,7:30 PM,NBA,DAL@MIN,DAL,96,MIN,120,216,232.0,+14.0,MIN,DAL,96,OVER,A,+30.30,0.6,109.0,90.7,127.3,36.6,OVER,90.7,HIT,UNDER,127.3,HIT,Rule2_StructuralOutlier
196,2025-11-17,7:30 PM,NBA,IND@DET,IND,112,DET,127,239,231.0,+8.5,DET,IND,112,UNDER,A,-18.07,4.0,111.2,98.2,124.3,26.2,UNDER,124.3,HIT,OVER,98.2,HIT,Rule1_UpsetClause
197,2025-11-17,7:30 PM,NBA,LAC@PHI,LAC,108,PHI,110,218,222.0,+5.5,PHI,LAC,108,OVER,A,+69.45,9.9,108.2,98.0,118.5,20.4,OVER,98.0,HIT,UNDER,118.5,HIT,Rule1_UpsetClause
198,2025-11-17,7:30 PM,NBA,MIL@CLE,MIL,106,CLE,118,224,234.5,+6.0,CLE,MIL,106,OVER,A,+5.82,8.6,114.2,103.5,125.0,21.4,OVER,103.5,HIT,UNDER,125.0,HIT,Rule1_UpsetClause
199,2025-11-17,7:30 PM,NBA,NYK@MIA,NYK,113,MIA,115,228,244.5,+1.0,MIA,NYK,113,OVER,C,+140.83,27.2,121.8,108.7,134.8,26.1,OVER,108.7,HIT,UNDER,134.8,HIT,Rule3_OverExecution
200,2025-11-17,7:30 PM,NBA,OKC@NOP,OKC,126,NOP,109,235,223.0,-18.5,OKC,NOP,109,UNDER,A,-25.27,50.0,102.2,79.7,124.8,45.2,UNDER,124.8,HIT,OVER,79.7,HIT,Rule2_StructuralOutlier
201,2025-11-18,7:30 PM,NBA,BOS@BKN,BOS,113,BKN,99,212,223.0,+11.0,BOS,BKN,99,UNDER,A,-25.64,1.7,106.0,90.5,121.5,30.9,UNDER,121.5,HIT,OVER,90.5,HIT,Rule1_UpsetClause
202,2025-11-18,7:30 PM,NBA,DET@ATL,DET,120,ATL,112,232,227.0,+1.5,DET,ATL,112,OVER,C,+22.19,25.0,112.8,99.2,126.3,27.2,OVER,99.2,HIT,UNDER,126.3,HIT,Rule3_OverExecution
203,2025-11-18,7:30 PM,NBA,GSW@ORL,GSW,113,ORL,121,234,224.0,+2.5,GSW,ORL,121,UNDER,C,-24.29,20.7,110.8,96.1,125.4,29.2,UNDER,125.4,HIT,OVER,96.1,HIT,Rule4_UnderExecution
204,2025-11-18,7:30 PM,NBA,MEM@SAS,MEM,101,SAS,111,212,234.0,+6.0,SAS,MEM,101,UNDER,A,-40.70,8.6,114.0,103.3,124.7,21.4,UNDER,124.7,HIT,OVER,103.3,MISS,Rule1_UpsetClause
205,2025-11-18,7:30 PM,NBA,PHX@POR,PHX,127,POR,110,237,235.5,+2.0,POR,PHX,127,OVER,C,+148.75,22.8,116.8,102.7,130.8,28.2,OVER,102.7,HIT,UNDER,130.8,HIT,Rule3_OverExecution
206,2025-11-18,7:30 PM,NBA,UTA@LAL,UTA,126,LAL,140,266,240.0,+13.0,LAL,UTA,126,OVER,A,+51.84,0.9,113.5,96.2,130.8,34.7,OVER,96.2,HIT,UNDER,130.8,HIT,Rule2_StructuralOutlier
207,2025-11-19,7:30 PM,NBA,CHA@IND,CHA,118,IND,127,245,237.5,+2.0,CHA,IND,127,UNDER,C,-9.41,22.8,117.8,103.7,131.8,28.2,UNDER,131.8,HIT,OVER,103.7,HIT,Rule4_UnderExecution
208,2025-11-19,7:30 PM,NBA,CHI@POR,CHI,122,POR,121,243,244.5,-3.5,CHI,POR,121,OVER,B,+131.87,42.6,120.5,110.0,131.0,21.0,OVER,110.0,HIT,UNDER,131.0,HIT,Rule3_OverExecution
209,2025-11-19,7:30 PM,NBA,GSW@MIA,GSW,96,MIA,110,206,235.0,+10.5,MIA,GSW,96,OVER,A,+56.65,2.1,112.2,97.3,127.2,29.9,OVER,97.3,MISS,UNDER,127.2,HIT,Rule1_UpsetClause
210,2025-11-19,7:30 PM,NBA,HOU@CLE,HOU,114,CLE,104,218,232.5,+1.5,HOU,CLE,104,OVER,C,+64.38,25.0,115.5,101.9,129.1,27.1,OVER,101.9,HIT,UNDER,129.1,HIT,Rule3_OverExecution
211,2025-11-19,7:30 PM,NBA,NYK@DAL,NYK,113,DAL,111,224,232.5,-8.5,NYK,DAL,111,OVER,A,+37.19,48.5,112.0,98.9,125.1,26.2,OVER,98.9,HIT,UNDER,125.1,HIT,Rule3_OverExecution
212,2025-11-19,7:30 PM,NBA,SAC@OKC,SAC,99,OKC,113,212,232.5,-18.5,SAC,OKC,113,UNDER,A,-48.05,50.0,107.0,84.4,129.6,45.1,UNDER,129.6,HIT,OVER,84.4,HIT,Rule2_StructuralOutlier
213,2025-11-19,7:30 PM,NBA,TOR@PHI,TOR,121,PHI,112,233,234.0,+2.0,TOR,PHI,112,OVER,C,+13.73,22.8,116.0,101.9,130.1,28.2,OVER,101.9,HIT,UNDER,130.1,HIT,Rule3_OverExecution
214,2025-11-20,7:30 PM,NBA,ATL@SAS,ATL,126,SAS,135,261,234.5,+1.0,SAS,ATL,126,OVER,C,+4.47,27.2,116.8,103.7,129.8,26.1,OVER,103.7,HIT,UNDER,129.8,HIT,Rule3_OverExecution
215,2025-11-20,7:30 PM,NBA,LAC@ORL,LAC,101,ORL,129,230,219.0,+6.5,ORL,LAC,101,UNDER,A,-0.25,7.4,106.2,95.1,117.4,22.3,UNDER,117.4,HIT,OVER,95.1,HIT,Rule1_UpsetClause
216,2025-11-20,7:30 PM,NBA,PHI@MIL,PHI,123,MIL,114,237,223.0,+1.5,PHI,MIL,114,OVER,C,+15.01,25.0,110.8,97.2,124.3,27.2,OVER,97.2,HIT,UNDER,124.3,HIT,Rule3_OverExecution
217,2025-11-20,7:30 PM,NBA,SAC@MEM,SAC,96,MEM,137,233,234.5,+3.0,MEM,SAC,96,UNDER,C,-63.23,18.6,115.8,100.6,130.9,30.3,UNDER,130.9,HIT,OVER,100.6,MISS,Rule4_UnderExecution
218,2025-11-21,7:30 PM,NBA,BKN@BOS,BKN,113,BOS,105,218,222.0,+14.0,BOS,BKN,113,UNDER,A,-43.64,0.6,104.0,85.7,122.3,36.6,UNDER,122.3,HIT,OVER,85.7,HIT,Rule2_StructuralOutlier
219,2025-11-21,7:30 PM,NBA,DEN@HOU,DEN,112,HOU,109,221,234.5,-3.0,DEN,HOU,109,OVER,C,+91.40,41.4,115.8,100.6,130.9,30.3,OVER,100.6,HIT,UNDER,130.9,HIT,Rule3_OverExecution
220,2025-11-21,7:30 PM,NBA,IND@CLE,IND,109,CLE,120,229,242.0,+14.0,CLE,IND,109,UNDER,A,-13.49,0.6,114.0,95.7,132.3,36.6,UNDER,132.3,HIT,OVER,95.7,HIT,Rule2_StructuralOutlier
221,2025-11-21,7:30 PM,NBA,MIA@CHI,MIA,143,CHI,107,250,249.5,+2.5,CHI,MIA,143,OVER,C,+125.95,20.7,123.5,108.9,138.1,29.2,OVER,108.9,HIT,UNDER,138.1,MISS,Rule3_OverExecution
222,2025-11-21,7:30 PM,NBA,MIN@PHX,MIN,113,PHX,114,227,231.5,-4.5,MIN,PHX,114,OVER,B,+82.91,44.5,113.5,102.0,125.0,23.0,OVER,102.0,HIT,UNDER,125.0,HIT,Rule3_OverExecution
223,2025-11-21,7:30 PM,NBA,NOP@DAL,NOP,115,DAL,118,233,234.0,-3.5,NOP,DAL,118,UNDER,B,-18.95,42.6,115.2,104.8,125.8,21.0,UNDER,125.8,HIT,OVER,104.8,HIT,Rule4_UnderExecution
224,2025-11-21,7:30 PM,NBA,OKC@UTA,OKC,144,UTA,112,256,233.5,+17.0,UTA,OKC,144,OVER,A,+109.81,0.2,108.2,87.1,129.4,42.3,OVER,87.1,HIT,UNDER,129.4,MISS,Rule2_StructuralOutlier
225,2025-11-21,7:30 PM,NBA,POR@GSW,POR,127,GSW,123,250,237.5,-10.5,POR,GSW,123,OVER,A,+14.83,49.3,113.5,98.5,128.5,29.9,OVER,98.5,HIT,UNDER,128.5,HIT,Rule3_OverExecution
226,2025-11-21,7:30 PM,NBA,WAS@TOR,WAS,110,TOR,140,250,238.5,+14.0,TOR,WAS,110,OVER,A,+62.12,0.6,112.2,94.0,130.6,36.6,OVER,94.0,HIT,UNDER,130.6,HIT,Rule2_StructuralOutlier
227,2025-11-22,7:00 PM,NBA,ATL@NOP,ATL,115,NOP,98,213,233.0,+9.5,ATL,NOP,98,OVER,A,+10.77,2.9,111.8,97.7,125.8,28.1,OVER,97.7,HIT,UNDER,125.8,HIT,Rule1_UpsetClause
228,2025-11-22,7:00 PM,NBA,DET@MIL,DET,129,MIL,116,245,226.0,+8.0,MIL,DET,129,OVER,A,+83.04,4.7,109.0,96.4,121.6,25.2,OVER,96.4,HIT,UNDER,121.6,MISS,Rule1_UpsetClause
229,2025-11-22,7:00 PM,NBA,LAC@CHA,LAC,131,CHA,116,247,227.0,+1.5,CHA,LAC,131,OVER,C,+30.87,25.0,112.8,99.2,126.3,27.2,OVER,99.2,HIT,UNDER,126.3,MISS,Rule3_OverExecution
230,2025-11-22,7:00 PM,NBA,MEM@DAL,MEM,102,DAL,96,198,229.5,-1.0,MEM,DAL,96,UNDER,C,-34.23,35.3,114.2,101.2,127.3,26.1,UNDER,127.3,HIT,OVER,101.2,MISS,Rule4_UnderExecution
231,2025-11-22,7:00 PM,NBA,NYK@ORL,NYK,121,ORL,133,254,230.5,+2.0,ORL,NYK,121,OVER,C,+9.77,22.8,114.2,100.2,128.3,28.2,OVER,100.2,HIT,UNDER,128.3,HIT,Rule3_OverExecution
232,2025-11-22,7:00 PM,NBA,SAC@DEN,SAC,128,DEN,123,251,240.5,-11.0,SAC,DEN,123,OVER,A,+26.04,49.4,114.8,99.3,130.2,30.9,OVER,99.3,HIT,UNDER,130.2,HIT,Rule3_OverExecution
233,2025-11-22,7:00 PM,NBA,WAS@CHI,WAS,120,CHI,121,241,247.0,+12.5,CHI,WAS,120,OVER,A,+82.00,1.0,117.2,100.4,134.1,33.8,OVER,100.4,HIT,UNDER,134.1,HIT,Rule2_StructuralOutlier
234,2025-11-23,7:00 PM,NBA,BKN@TOR,BKN,109,TOR,119,228,229.5,-11.5,BKN,TOR,119,UNDER,A,-20.32,49.5,109.0,93.1,124.9,31.8,UNDER,124.9,HIT,OVER,93.1,HIT,Rule4_UnderExecution
235,2025-11-23,7:00 PM,NBA,CHA@ATL,CHA,110,ATL,113,223,228.5,+8.0,ATL,CHA,110,OVER,A,+25.49,4.7,110.2,97.7,122.8,25.2,OVER,97.7,HIT,UNDER,122.8,HIT,Rule1_UpsetClause
236,2025-11-23,7:00 PM,NBA,LAC@CLE,LAC,105,CLE,120,225,229.5,+7.5,CLE,LAC,105,OVER,A,+8.14,5.5,111.0,98.9,123.1,24.2,OVER,98.9,HIT,UNDER,123.1,HIT,Rule1_UpsetClause
237,2025-11-23,7:00 PM,NBA,LAL@UTA,LAL,108,UTA,106,214,245.5,-9.0,LAL,UTA,106,OVER,A,+98.76,48.8,118.2,104.7,131.8,27.1,OVER,104.7,HIT,UNDER,131.8,HIT,Rule3_OverExecution
238,2025-11-23,7:00 PM,NBA,MIA@PHI,MIA,127,PHI,117,244,241.0,+1.0,PHI,MIA,127,OVER,C,+101.73,27.2,120.0,107.0,133.1,26.1,OVER,107.0,HIT,UNDER,133.1,HIT,Rule3_OverExecution
239,2025-11-23,7:00 PM,NBA,ORL@BOS,ORL,129,BOS,138,267,223.0,+4.0,BOS,ORL,129,UNDER,B,-34.49,14.7,109.5,98.5,120.5,22.0,UNDER,120.5,MISS,OVER,98.5,HIT,Rule1_UpsetClause
240,2025-11-23,7:00 PM,NBA,POR@OKC,POR,95,OKC,122,217,233.5,+16.5,OKC,POR,95,OVER,A,+63.98,0.3,108.5,87.8,129.2,41.4,OVER,87.8,HIT,UNDER,129.2,HIT,Rule2_StructuralOutlier
241,2025-11-23,7:00 PM,NBA,SAS@PHX,SAS,102,PHX,111,213,234.0,+1.5,PHX,SAS,102,OVER,C,+58.43,25.0,116.2,102.7,129.8,27.1,OVER,102.7,MISS,UNDER,129.8,HIT,Rule3_OverExecution
242,2025-11-24,7:30 PM,NBA,CHI@NOP,CHI,130,NOP,143,273,244.5,+5.0,NOP,CHI,130,OVER,B,+17.41,11.4,119.8,107.8,131.8,24.0,OVER,107.8,HIT,UNDER,131.8,HIT,Rule1_UpsetClause
243,2025-11-24,7:30 PM,NBA,CLE@TOR,CLE,99,TOR,110,209,231.5,+1.5,TOR,CLE,99,OVER,C,+2.79,25.0,115.0,101.4,128.6,27.1,OVER,101.4,MISS,UNDER,128.6,HIT,Rule3_OverExecution
244,2025-11-24,7:30 PM,NBA,DAL@MIA,DAL,102,MIA,106,208,240.0,+7.5,MIA,DAL,102,UNDER,A,-3.47,5.5,116.2,104.1,128.4,24.2,UNDER,128.4,HIT,OVER,104.1,MISS,Rule1_UpsetClause
245,2025-11-24,7:30 PM,NBA,DEN@MEM,DEN,125,MEM,115,240,235.5,+6.5,MEM,DEN,125,OVER,A,+48.56,7.4,114.5,103.3,125.7,22.3,OVER,103.3,HIT,UNDER,125.7,HIT,Rule1_UpsetClause
246,2025-11-24,7:30 PM,NBA,DET@IND,DET,122,IND,117,239,237.0,+10.0,DET,IND,117,OVER,A,+2.35,2.4,113.5,99.0,128.0,29.0,OVER,99.0,HIT,UNDER,128.0,HIT,Rule1_UpsetClause
247,2025-11-24,7:30 PM,NBA,HOU@PHX,HOU,114,PHX,92,206,223.5,+6.5,PHX,HOU,114,OVER,A,+64.53,7.4,108.5,97.3,119.7,22.3,OVER,97.3,HIT,UNDER,119.7,HIT,Rule1_UpsetClause
248,2025-11-24,7:30 PM,NBA,MIN@SAC,MIN,112,SAC,117,229,238.0,+10.0,SAC,MIN,112,UNDER,A,-17.44,2.4,114.0,99.5,128.5,29.0,UNDER,128.5,HIT,OVER,99.5,HIT,Rule1_UpsetClause
249,2025-11-24,7:30 PM,NBA,NYK@BKN,NYK,113,BKN,100,213,228.5,+12.5,NYK,BKN,100,OVER,A,+22.19,1.0,108.0,91.1,124.9,33.8,OVER,91.1,HIT,UNDER,124.9,HIT,Rule2_StructuralOutlier
250,2025-11-24,7:30 PM,NBA,POR@MIL,POR,115,MIL,103,218,231.0,+1.0,MIL,POR,115,OVER,C,+76.75,27.2,115.0,102.0,128.1,26.1,OVER,102.0,HIT,UNDER,128.1,HIT,Rule3_OverExecution
251,2025-11-24,7:30 PM,NBA,UTA@GSW,UTA,117,GSW,134,251,239.0,+13.5,GSW,UTA,117,OVER,A,+41.59,0.7,112.8,94.9,130.6,35.6,OVER,94.9,HIT,UNDER,130.6,HIT,Rule2_StructuralOutlier
252,2025-11-25,7:30 PM,NBA,ATL@WAS,ATL,113,WAS,132,245,240.5,+11.0,WAS,ATL,113,OVER,A,+13.16,1.7,114.8,99.3,130.2,30.9,OVER,99.3,HIT,UNDER,130.2,HIT,Rule1_UpsetClause
253,2025-11-25,7:30 PM,NBA,LAC@LAL,LAC,118,LAL,135,253,228.0,+5.5,LAL,LAC,118,OVER,A,+2.34,9.9,111.2,101.0,121.5,20.4,OVER,101.0,HIT,UNDER,121.5,HIT,Rule1_UpsetClause
254,2025-11-25,7:30 PM,NBA,ORL@PHI,ORL,144,PHI,103,247,229.5,+4.5,ORL,PHI,103,OVER,B,+34.10,13.0,112.5,101.0,124.0,23.0,OVER,101.0,HIT,UNDER,124.0,HIT,Rule1_UpsetClause
255,2025-11-26,7:30 PM,NBA,DET@BOS,DET,114,BOS,117,231,233.0,+2.0,DET,BOS,117,UNDER,C,-2.35,22.8,115.5,101.4,129.6,28.2,UNDER,129.6,HIT,OVER,101.4,HIT,Rule4_UnderExecution
256,2025-11-26,7:30 PM,NBA,HOU@GSW,HOU,104,GSW,100,204,225.0,+3.5,GSW,HOU,104,OVER,B,+43.05,16.6,110.8,100.2,121.2,21.0,OVER,100.2,HIT,UNDER,121.2,HIT,Rule3_OverExecution
257,2025-11-26,7:30 PM,NBA,IND@TOR,IND,95,TOR,97,192,234.0,+10.5,TOR,IND,95,OVER,A,+2.59,2.1,111.8,96.8,126.7,29.9,OVER,96.8,MISS,UNDER,126.7,HIT,Rule1_UpsetClause
258,2025-11-26,7:30 PM,NBA,MEM@NOP,MEM,133,NOP,128,261,235.5,+3.5,NOP,MEM,133,UNDER,B,-66.10,16.6,116.0,105.5,126.5,21.0,UNDER,126.5,MISS,OVER,105.5,HIT,Rule4_UnderExecution
259,2025-11-26,7:30 PM,NBA,MIL@MIA,MIL,103,MIA,106,209,237.0,+10.0,MIA,MIL,103,UNDER,A,-10.61,2.4,113.5,99.0,128.0,29.0,UNDER,128.0,HIT,OVER,99.0,HIT,Rule1_UpsetClause
260,2025-11-26,7:30 PM,NBA,MIN@OKC,MIN,105,OKC,113,218,226.5,+10.5,OKC,MIN,105,OVER,A,+27.20,2.1,108.0,93.0,123.0,29.9,OVER,93.0,HIT,UNDER,123.0,HIT,Rule1_UpsetClause
261,2025-11-26,7:30 PM,NBA,NYK@CHA,NYK,129,CHA,101,230,242.0,+6.5,NYK,CHA,101,OVER,A,+15.66,7.4,117.8,106.6,128.9,22.4,OVER,106.6,MISS,UNDER,128.9,HIT,Rule1_UpsetClause
262,2025-11-26,7:30 PM,NBA,PHX@SAC,PHX,112,SAC,100,212,234.0,+4.0,SAC,PHX,112,UNDER,B,-5.61,14.7,115.0,104.0,126.0,22.0,UNDER,126.0,HIT,OVER,104.0,HIT,Rule1_UpsetClause
263,2025-11-26,7:30 PM,NBA,SAS@POR,SAS,115,POR,102,217,239.5,+1.0,POR,SAS,115,OVER,C,+24.88,27.2,119.2,106.2,132.3,26.1,OVER,106.2,HIT,UNDER,132.3,HIT,Rule3_OverExecution
264,2025-11-27,7:30 PM,NBA,CHI@CHA,CHI,116,CHA,123,239,249.5,+3.0,CHA,CHI,116,OVER,C,+50.35,18.6,123.2,108.1,138.4,30.3,OVER,108.1,HIT,UNDER,138.4,HIT,Rule3_OverExecution
265,2025-11-27,7:30 PM,NBA,CLE@ATL,CLE,123,ATL,130,253,236.0,+6.5,CLE,ATL,130,UNDER,A,-13.06,7.4,114.8,103.6,125.9,22.3,UNDER,125.9,MISS,OVER,103.6,HIT,Rule1_UpsetClause
266,2025-11-27,7:30 PM,NBA,DAL@LAL,DAL,119,LAL,129,248,232.5,+9.5,LAL,DAL,119,UNDER,A,-54.14,2.9,111.5,97.5,125.5,28.1,UNDER,125.5,HIT,OVER,97.5,HIT,Rule1_UpsetClause
267,2025-11-27,7:30 PM,NBA,MEM@LAC,MEM,112,LAC,107,219,224.5,+6.5,LAC,MEM,112,UNDER,A,-16.78,7.4,109.0,97.8,120.2,22.3,UNDER,120.2,HIT,OVER,97.8,HIT,Rule1_UpsetClause
268,2025-11-27,7:30 PM,NBA,MIL@NYK,MIL,109,NYK,118,227,232.0,+7.5,NYK,MIL,109,UNDER,A,-13.95,5.5,112.2,100.1,124.4,24.2,UNDER,124.4,HIT,OVER,100.1,HIT,Rule1_UpsetClause
269,2025-11-27,7:30 PM,NBA,ORL@DET,ORL,112,DET,109,221,230.5,+3.5,DET,ORL,112,OVER,B,+123.26,16.6,113.5,103.0,124.0,21.0,OVER,103.0,HIT,UNDER,124.0,HIT,Rule3_OverExecution
270,2025-11-27,7:30 PM,NBA,PHI@BKN,PHI,115,BKN,103,218,221.5,+7.0,PHI,BKN,103,OVER,A,+37.42,6.4,107.2,95.6,118.9,23.3,OVER,95.6,HIT,UNDER,118.9,HIT,Rule1_UpsetClause
271,2025-11-27,7:30 PM,NBA,PHX@OKC,PHX,119,OKC,123,242,223.0,+14.5,OKC,PHX,119,OVER,A,+22.63,0.5,104.2,85.5,123.0,37.6,OVER,85.5,HIT,UNDER,123.0,HIT,Rule2_StructuralOutlier
272,2025-11-27,7:30 PM,NBA,SAC@UTA,SAC,119,UTA,128,247,242.0,+3.0,UTA,SAC,119,OVER,C,+18.04,18.6,119.5,104.3,134.7,30.3,OVER,104.3,HIT,UNDER,134.7,HIT,Rule3_OverExecution
273,2025-11-27,7:30 PM,NBA,SAS@DEN,SAS,139,DEN,136,275,239.0,+6.5,DEN,SAS,139,UNDER,A,-15.84,7.4,116.2,105.1,127.4,22.3,UNDER,127.4,MISS,OVER,105.1,HIT,Rule1_UpsetClause
274,2025-11-27,7:30 PM,NBA,WAS@IND,WAS,86,IND,119,205,240.5,+6.5,IND,WAS,86,OVER,A,+17.20,7.4,117.0,105.8,128.2,22.4,OVER,105.8,MISS,UNDER,128.2,HIT,Rule1_UpsetClause
275,2025-11-28,7:30 PM,NBA,CHI@CHA,CHI,116,CHA,123,239,249.5,+3.0,CHA,CHI,116,OVER,C,+29.63,18.6,123.2,108.1,138.4,30.3,OVER,108.1,HIT,UNDER,138.4,HIT,Rule3_OverExecution
276,2025-11-28,7:30 PM,NBA,CLE@ATL,CLE,123,ATL,130,253,236.0,+6.5,ATL,CLE,123,UNDER,A,-39.23,7.4,114.8,103.6,125.9,22.3,UNDER,125.9,HIT,OVER,103.6,HIT,Rule1_UpsetClause
277,2025-11-28,7:30 PM,NBA,DAL@LAL,DAL,119,LAL,129,248,232.5,+9.5,LAL,DAL,119,UNDER,A,-26.68,2.9,111.5,97.5,125.5,28.1,UNDER,125.5,HIT,OVER,97.5,HIT,Rule1_UpsetClause
278,2025-11-28,7:30 PM,NBA,MEM@LAC,MEM,112,LAC,107,219,224.5,+6.5,LAC,MEM,112,UNDER,A,-19.27,7.4,109.0,97.8,120.2,22.3,UNDER,120.2,HIT,OVER,97.8,HIT,Rule1_UpsetClause
279,2025-11-28,7:30 PM,NBA,MIL@NYK,MIL,109,NYK,118,227,232.0,+7.5,NYK,MIL,109,UNDER,A,-13.54,5.5,112.2,100.1,124.4,24.2,UNDER,124.4,HIT,OVER,100.1,HIT,Rule1_UpsetClause
280,2025-11-28,7:30 PM,NBA,ORL@DET,ORL,112,DET,109,221,230.5,+3.5,DET,ORL,112,OVER,B,+87.60,16.6,113.5,103.0,124.0,21.0,OVER,103.0,HIT,UNDER,124.0,HIT,Rule3_OverExecution
281,2025-11-28,7:30 PM,NBA,PHI@BKN,PHI,115,BKN,103,218,221.5,+7.0,BKN,PHI,115,UNDER,A,-3.34,6.4,107.2,95.6,118.9,23.3,UNDER,118.9,HIT,OVER,95.6,HIT,Rule1_UpsetClause
282,2025-11-28,7:30 PM,NBA,PHX@OKC,PHX,119,OKC,123,242,223.0,+14.5,OKC,PHX,119,OVER,A,+39.99,0.5,104.2,85.5,123.0,37.6,OVER,85.5,HIT,UNDER,123.0,HIT,Rule2_StructuralOutlier
283,2025-11-28,7:30 PM,NBA,SAC@UTA,SAC,119,UTA,128,247,242.0,+3.0,UTA,SAC,119,OVER,C,+18.60,18.6,119.5,104.3,134.7,30.3,OVER,104.3,HIT,UNDER,134.7,HIT,Rule3_OverExecution
284,2025-11-28,7:30 PM,NBA,SAS@DEN,SAS,139,DEN,136,275,239.0,+6.5,DEN,SAS,139,OVER,A,+46.14,7.4,116.2,105.1,127.4,22.3,OVER,105.1,HIT,UNDER,127.4,MISS,Rule1_UpsetClause
285,2025-11-28,7:30 PM,NBA,WAS@IND,WAS,86,IND,119,205,240.5,+6.5,IND,WAS,86,UNDER,A,-86.94,7.4,117.0,105.8,128.2,22.4,UNDER,128.2,HIT,OVER,105.8,MISS,Rule1_UpsetClause
286,2025-11-29,7:00 PM,NBA,BKN@MIL,BKN,99,MIL,116,215,218.5,+11.5,MIL,BKN,99,UNDER,A,-9.72,1.5,103.5,87.6,119.4,31.8,UNDER,119.4,HIT,OVER,87.6,HIT,Rule1_UpsetClause
287,2025-11-29,7:00 PM,NBA,BOS@MIN,BOS,115,MIN,119,234,229.5,+6.0,MIN,BOS,115,UNDER,A,-15.11,8.6,111.8,101.0,122.5,21.4,UNDER,122.5,HIT,OVER,101.0,HIT,Rule1_UpsetClause
288,2025-11-29,7:00 PM,NBA,CHI@IND,CHI,101,IND,103,204,240.0,+2.5,CHI,IND,103,UNDER,C,-52.95,20.7,118.8,104.1,133.4,29.2,UNDER,133.4,HIT,OVER,104.1,MISS,Rule4_UnderExecution
289,2025-11-29,7:00 PM,NBA,DET@MIA,DET,138,MIA,135,273,240.0,+4.0,MIA,DET,138,OVER,B,+23.76,14.7,118.0,107.0,129.0,22.0,OVER,107.0,HIT,UNDER,129.0,MISS,Rule1_UpsetClause
290,2025-11-29,7:00 PM,NBA,NOP@GSW,NOP,96,GSW,104,200,228.0,+10.0,GSW,NOP,96,UNDER,A,-19.23,2.4,109.0,94.5,123.5,29.0,UNDER,123.5,HIT,OVER,94.5,HIT,Rule1_UpsetClause
291,2025-11-29,7:00 PM,NBA,TOR@CHA,TOR,111,CHA,118,229,234.5,+7.0,CHA,TOR,111,UNDER,A,-33.05,6.4,113.8,102.1,125.4,23.3,UNDER,125.4,HIT,OVER,102.1,HIT,Rule1_UpsetClause
292,2025-11-30,7:00 PM,NBA,ATL@PHI,ATL,142,PHI,134,276,232.5,+3.0,PHI,ATL,142,OVER,C,+67.82,18.6,114.8,99.6,129.9,30.3,OVER,99.6,HIT,UNDER,129.9,MISS,Rule3_OverExecution
293,2025-11-30,7:00 PM,NBA,BOS@CLE,BOS,117,CLE,115,232,235.0,-7.5,BOS,CLE,115,UNDER,A,-18.57,47.9,113.8,101.6,125.9,24.2,UNDER,125.9,HIT,OVER,101.6,HIT,Rule4_UnderExecution
294,2025-11-30,7:00 PM,NBA,HOU@UTA,HOU,129,UTA,101,230,232.5,+11.5,HOU,UTA,101,OVER,A,+49.18,1.5,110.5,94.6,126.4,31.8,OVER,94.6,HIT,UNDER,126.4,HIT,Rule1_UpsetClause
295,2025-11-30,7:00 PM,NBA,MEM@SAC,MEM,115,SAC,107,222,233.5,+3.0,SAC,MEM,115,UNDER,C,-76.43,18.6,115.2,100.1,130.4,30.3,UNDER,130.4,HIT,OVER,100.1,HIT,Rule4_UnderExecution
296,2025-11-30,7:00 PM,NBA,NOP@LAL,NOP,121,LAL,133,254,228.0,-15.5,NOP,LAL,133,OVER,A,+54.62,49.9,106.2,86.5,126.0,39.4,OVER,86.5,HIT,UNDER,126.0,MISS,Rule2_StructuralOutlier
297,2025-11-30,7:00 PM,NBA,OKC@POR,OKC,123,POR,115,238,233.5,+11.5,OKC,POR,115,OVER,A,+25.29,1.5,111.0,95.1,126.9,31.8,OVER,95.1,HIT,UNDER,126.9,HIT,Rule1_UpsetClause
298,2025-11-30,7:00 PM,NBA,SAS@MIN,SAS,112,MIN,125,237,234.0,+4.5,MIN,SAS,112,OVER,B,+52.77,13.0,114.8,103.2,126.2,23.0,OVER,103.2,HIT,UNDER,126.2,HIT,Rule1_UpsetClause
299,2025-11-30,7:00 PM,NBA,TOR@NYK,TOR,94,NYK,116,210,229.5,+8.5,NYK,TOR,94,UNDER,A,-27.76,4.0,110.5,97.4,123.6,26.2,UNDER,123.6,HIT,OVER,97.4,MISS,Rule1_UpsetClause
300,2025-12-01,7:30 PM,NBA,ATL@DET,ATL,98,DET,99,197,232.5,+9.5,DET,ATL,98,OVER,A,+64.24,2.9,111.5,97.5,125.5,28.1,OVER,97.5,HIT,UNDER,125.5,HIT,Rule1_UpsetClause
301,2025-12-01,7:30 PM,NBA,CHA@BKN,CHA,103,BKN,116,219,228.0,-4.5,CHA,BKN,116,UNDER,B,-33.09,44.5,111.8,100.2,123.2,23.0,UNDER,123.2,HIT,OVER,100.2,HIT,Rule4_UnderExecution
302,2025-12-01,7:30 PM,NBA,CHI@ORL,CHI,120,ORL,125,245,239.0,-9.5,CHI,ORL,125,OVER,A,+51.96,49.0,114.8,100.7,128.8,28.1,OVER,100.7,HIT,UNDER,128.8,HIT,Rule3_OverExecution
303,2025-12-01,7:30 PM,NBA,CLE@IND,CLE,135,IND,119,254,232.0,+5.0,CLE,IND,119,UNDER,B,-88.82,11.4,113.5,101.5,125.5,24.0,UNDER,125.5,HIT,OVER,101.5,HIT,Rule1_UpsetClause
304,2025-12-01,7:30 PM,NBA,DAL@DEN,DAL,131,DEN,121,252,235.5,-11.0,DAL,DEN,121,OVER,A,+73.84,49.4,112.2,96.8,127.7,30.9,OVER,96.8,HIT,UNDER,127.7,HIT,Rule3_OverExecution
305,2025-12-01,7:30 PM,NBA,HOU@UTA,HOU,125,UTA,133,258,235.0,-11.5,HOU,UTA,133,OVER,A,+31.21,49.5,111.8,95.8,127.7,31.8,OVER,95.8,HIT,UNDER,127.7,MISS,Rule3_OverExecution
306,2025-12-01,7:30 PM,NBA,LAC@MIA,LAC,123,MIA,140,263,235.5,+6.0,MIA,LAC,123,OVER,A,+24.78,8.6,114.8,104.0,125.5,21.4,OVER,104.0,HIT,UNDER,125.5,HIT,Rule1_UpsetClause
307,2025-12-01,7:30 PM,NBA,MIL@WAS,MIL,126,WAS,129,255,232.5,+10.0,MIL,WAS,129,UNDER,A,-33.07,2.4,111.2,96.8,125.8,29.0,UNDER,125.8,MISS,OVER,96.8,HIT,Rule1_UpsetClause
308,2025-12-01,7:30 PM,NBA,PHX@LAL,PHX,125,LAL,108,233,231.5,-5.5,PHX,LAL,108,OVER,A,+51.20,46.0,113.0,102.8,123.2,20.4,OVER,102.8,HIT,UNDER,123.2,HIT,Rule3_OverExecution
309,2025-12-02,7:30 PM,NBA,MEM@SAS,MEM,119,SAS,126,245,232.5,+5.0,SAS,MEM,119,UNDER,B,-4.55,11.4,113.8,101.8,125.8,24.0,UNDER,125.8,HIT,OVER,101.8,HIT,Rule1_UpsetClause
310,2025-12-02,7:30 PM,NBA,MIN@NOP,MIN,149,NOP,142,291,229.5,+12.5,MIN,NOP,142,UNDER,A,-15.03,1.0,108.5,91.6,125.4,33.8,UNDER,125.4,MISS,OVER,91.6,HIT,Rule2_StructuralOutlier
311,2025-12-02,7:30 PM,NBA,NYK@BOS,NYK,117,BOS,123,240,231.0,+1.0,BOS,NYK,117,UNDER,C,-16.75,27.2,115.0,102.0,128.1,26.1,UNDER,128.1,HIT,OVER,102.0,HIT,Rule4_UnderExecution
312,2025-12-02,7:30 PM,NBA,OKC@GSW,OKC,124,GSW,112,236,223.5,+11.0,OKC,GSW,112,UNDER,A,-6.93,1.7,106.2,90.8,121.7,30.9,UNDER,121.7,HIT,OVER,90.8,HIT,Rule1_UpsetClause
313,2025-12-02,7:30 PM,NBA,POR@TOR,POR,118,TOR,121,239,231.5,+5.0,TOR,POR,118,UNDER,B,-16.65,11.4,113.2,101.2,125.2,24.0,UNDER,125.2,HIT,OVER,101.2,HIT,Rule1_UpsetClause
314,2025-12-02,7:30 PM,NBA,WAS@PHI,WAS,102,PHI,121,223,235.5,+13.0,PHI,WAS,102,OVER,A,+44.75,0.9,111.2,93.9,128.6,34.7,OVER,93.9,HIT,UNDER,128.6,HIT,Rule2_StructuralOutlier
315,2025-12-03,7:30 PM,NBA,BKN@CHI,BKN,113,CHI,103,216,231.0,+8.0,CHI,BKN,113,UNDER,A,-32.97,4.7,111.5,98.9,124.1,25.2,UNDER,124.1,HIT,OVER,98.9,HIT,Rule1_UpsetClause
316,2025-12-03,7:30 PM,NBA,CHA@NYK,CHA,104,NYK,119,223,235.5,+9.0,NYK,CHA,104,UNDER,A,-27.33,3.4,113.2,99.7,126.8,27.1,UNDER,126.8,HIT,OVER,99.7,HIT,Rule1_UpsetClause
317,2025-12-03,7:30 PM,NBA,DEN@IND,DEN,135,IND,120,255,237.5,+8.0,DEN,IND,120,UNDER,A,-18.61,4.7,114.8,102.2,127.3,25.2,UNDER,127.3,HIT,OVER,102.2,HIT,Rule1_UpsetClause
318,2025-12-03,7:30 PM,NBA,DET@MIL,DET,109,MIL,113,222,228.0,+4.5,MIL,DET,109,OVER,B,+61.82,13.0,111.8,100.2,123.2,23.0,OVER,100.2,HIT,UNDER,123.2,HIT,Rule1_UpsetClause
319,2025-12-03,7:30 PM,NBA,LAC@ATL,LAC,115,ATL,92,207,225.5,+2.0,ATL,LAC,115,OVER,C,+44.75,22.8,111.8,97.7,125.8,28.2,OVER,97.7,HIT,UNDER,125.8,HIT,Rule3_OverExecution
320,2025-12-03,7:30 PM,NBA,MIA@DAL,MIA,108,DAL,118,226,239.0,+4.5,DAL,MIA,108,OVER,B,+47.33,13.0,117.2,105.8,128.8,23.0,OVER,105.8,HIT,UNDER,128.8,HIT,Rule1_UpsetClause
321,2025-12-03,7:30 PM,NBA,POR@CLE,POR,122,CLE,110,232,245.0,+10.0,CLE,POR,122,OVER,A,+17.01,2.4,117.5,103.0,132.0,29.0,OVER,103.0,HIT,UNDER,132.0,HIT,Rule1_UpsetClause
322,2025-12-03,7:30 PM,NBA,SAC@HOU,SAC,95,HOU,121,216,231.0,+15.5,HOU,SAC,95,OVER,A,+5.91,0.4,107.8,88.0,127.5,39.4,OVER,88.0,HIT,UNDER,127.5,HIT,Rule2_StructuralOutlier
323,2025-12-03,7:30 PM,NBA,SAS@ORL,SAS,114,ORL,112,226,236.0,+8.0,ORL,SAS,114,OVER,A,+85.08,4.7,114.0,101.4,126.6,25.2,OVER,101.4,HIT,UNDER,126.6,HIT,Rule1_UpsetClause
324,2025-12-04,7:30 PM,NBA,BOS@WAS,BOS,146,WAS,101,247,232.0,+11.0,BOS,WAS,101,UNDER,A,-19.56,1.7,110.5,95.0,126.0,30.9,UNDER,126.0,HIT,OVER,95.0,HIT,Rule1_UpsetClause
325,2025-12-04,7:30 PM,NBA,GSW@PHI,GSW,98,PHI,99,197,223.5,+4.0,PHI,GSW,98,OVER,B,+50.34,14.7,109.8,98.8,120.8,22.0,OVER,98.8,MISS,UNDER,120.8,HIT,Rule1_UpsetClause
326,2025-12-04,7:30 PM,NBA,LAL@TOR,LAL,123,TOR,120,243,228.5,+2.0,TOR,LAL,123,OVER,C,+50.26,22.8,113.2,99.2,127.3,28.2,OVER,99.2,HIT,UNDER,127.3,HIT,Rule3_OverExecution
327,2025-12-04,7:30 PM,NBA,MIN@NOP,MIN,125,NOP,116,241,233.5,+12.0,NOP,MIN,125,OVER,A,+84.23,1.2,110.8,94.3,127.2,32.8,OVER,94.3,HIT,UNDER,127.2,HIT,Rule1_UpsetClause
328,2025-12-04,7:30 PM,NBA,UTA@BKN,UTA,123,BKN,110,233,231.0,+5.0,UTA,BKN,110,OVER,B,+18.78,11.4,113.0,101.0,125.0,24.0,OVER,101.0,HIT,UNDER,125.0,HIT,Rule1_UpsetClause
329,2025-12-05,7:30 PM,NBA,CHA@TOR,CHA,111,TOR,86,197,230.5,-6.0,CHA,TOR,86,UNDER,A,-71.72,46.6,112.2,101.5,123.0,21.4,UNDER,123.0,HIT,OVER,101.5,MISS,Rule4_UnderExecution
330,2025-12-05,7:30 PM,NBA,DAL@OKC,DAL,111,OKC,132,243,229.0,+15.5,OKC,DAL,111,UNDER,A,-1.29,0.4,106.8,87.0,126.5,39.4,UNDER,126.5,HIT,OVER,87.0,HIT,Rule2_StructuralOutlier
331,2025-12-05,7:30 PM,NBA,DEN@ATL,DEN,134,ATL,133,267,239.5,-3.5,DEN,ATL,133,OVER,B,+89.59,42.6,118.0,107.5,128.5,21.0,OVER,107.5,HIT,UNDER,128.5,MISS,Rule3_OverExecution
332,2025-12-05,7:30 PM,NBA,IND@CHI,IND,120,CHI,105,225,235.5,-4.5,IND,CHI,105,UNDER,B,-87.10,44.5,115.5,104.0,127.0,23.0,UNDER,127.0,HIT,OVER,104.0,HIT,Rule4_UnderExecution
333,2025-12-05,7:30 PM,NBA,LAC@MEM,LAC,98,MEM,107,205,223.5,-2.0,LAC,MEM,107,UNDER,C,-22.28,38.6,110.8,96.7,124.8,28.2,UNDER,124.8,HIT,OVER,96.7,HIT,Rule4_UnderExecution
334,2025-12-05,7:30 PM,NBA,LAL@BOS,LAL,105,BOS,126,231,227.5,+9.0,BOS,LAL,105,OVER,A,+76.72,3.4,109.2,95.7,122.8,27.1,OVER,95.7,HIT,UNDER,122.8,HIT,Rule1_UpsetClause
335,2025-12-05,7:30 PM,NBA,MIA@ORL,MIA,105,ORL,106,211,241.0,+7.0,ORL,MIA,105,OVER,A,+54.43,6.4,117.0,105.3,128.7,23.3,OVER,105.3,MISS,UNDER,128.7,HIT,Rule1_UpsetClause
336,2025-12-05,7:30 PM,NBA,PHI@MIL,PHI,116,MIL,101,217,221.5,+1.0,MIL,PHI,116,OVER,C,+10.84,27.2,110.2,97.2,123.3,26.1,OVER,97.2,HIT,UNDER,123.3,HIT,Rule3_OverExecution
337,2025-12-05,7:30 PM,NBA,PHX@HOU,PHX,98,HOU,117,215,219.0,+8.5,HOU,PHX,98,OVER,A,+72.37,4.0,105.2,92.2,118.3,26.2,OVER,92.2,HIT,UNDER,118.3,HIT,Rule1_UpsetClause
338,2025-12-05,7:30 PM,NBA,POR@DET,POR,116,DET,122,238,235.5,-8.5,POR,DET,122,OVER,A,+42.45,48.5,113.5,100.4,126.6,26.2,OVER,100.4,HIT,UNDER,126.6,HIT,Rule3_OverExecution
339,2025-12-05,7:30 PM,NBA,SAS@CLE,SAS,117,CLE,130,247,238.5,+5.5,CLE,SAS,117,OVER,A,+60.67,9.9,116.5,106.3,126.7,20.4,OVER,106.3,HIT,UNDER,126.7,HIT,Rule1_UpsetClause
340,2025-12-05,7:30 PM,NBA,UTA@NYK,UTA,112,NYK,146,258,243.0,+16.0,NYK,UTA,112,OVER,A,+38.61,0.3,113.5,93.3,133.7,40.4,OVER,93.3,HIT,UNDER,133.7,HIT,Rule2_StructuralOutlier
341,2025-12-06,7:00 PM,NBA,ATL@WAS,ATL,131,WAS,116,247,237.5,+9.5,ATL,WAS,116,UNDER,A,-18.90,2.9,114.0,100.0,128.0,28.1,UNDER,128.0,HIT,OVER,100.0,HIT,Rule1_UpsetClause
342,2025-12-06,7:00 PM,NBA,GSW@CLE,GSW,99,CLE,94,193,230.5,+9.5,CLE,GSW,99,UNDER,A,-18.64,2.9,110.5,96.5,124.5,28.1,UNDER,124.5,HIT,OVER,96.5,HIT,Rule1_UpsetClause
343,2025-12-06,7:00 PM,NBA,HOU@DAL,HOU,109,DAL,122,231,221.5,+6.5,DAL,HOU,109,OVER,A,+25.80,7.4,107.5,96.3,118.7,22.3,OVER,96.3,HIT,UNDER,118.7,HIT,Rule1_UpsetClause
344,2025-12-06,7:00 PM,NBA,LAC@MIN,LAC,106,MIN,109,215,228.0,+8.0,MIN,LAC,106,OVER,A,+48.73,4.7,110.0,97.4,122.6,25.2,OVER,97.4,HIT,UNDER,122.6,HIT,Rule1_UpsetClause
345,2025-12-06,7:00 PM,NBA,MIL@DET,MIL,112,DET,124,236,223.5,+12.5,DET,MIL,112,UNDER,A,-31.21,1.0,105.5,88.6,122.4,33.8,UNDER,122.4,HIT,OVER,88.6,HIT,Rule2_StructuralOutlier
346,2025-12-06,7:00 PM,NBA,NOP@BKN,NOP,101,BKN,119,220,227.5,+4.0,BKN,NOP,101,UNDER,B,-49.33,14.7,111.8,100.8,122.8,22.0,UNDER,122.8,HIT,OVER,100.8,HIT,Rule1_UpsetClause
347,2025-12-06,7:00 PM,NBA,SAC@MIA,SAC,127,MIA,111,238,241.5,+8.5,MIA,SAC,127,UNDER,A,-18.55,4.0,116.5,103.4,129.6,26.1,UNDER,129.6,HIT,OVER,103.4,HIT,Rule1_UpsetClause
348,2025-12-07,7:00 PM,NBA,BOS@TOR,BOS,121,TOR,113,234,224.5,+3.5,BOS,TOR,113,UNDER,B,-42.55,16.6,110.5,100.0,121.0,21.0,UNDER,121.0,HIT,OVER,100.0,HIT,Rule4_UnderExecution
349,2025-12-07,7:00 PM,NBA,DEN@CHA,DEN,115,CHA,106,221,235.5,+10.5,DEN,CHA,106,OVER,A,+25.86,2.1,112.5,97.5,127.5,29.9,OVER,97.5,HIT,UNDER,127.5,HIT,Rule1_UpsetClause
350,2025-12-07,7:00 PM,NBA,GSW@CHI,GSW,123,CHI,91,214,229.5,+1.0,GSW,CHI,91,UNDER,C,-65.89,27.2,114.2,101.2,127.3,26.1,UNDER,127.3,HIT,OVER,101.2,MISS,Rule4_UnderExecution
351,2025-12-07,7:00 PM,NBA,LAL@PHI,LAL,112,PHI,108,220,234.0,+2.5,LAL,PHI,108,OVER,C,+33.51,20.7,115.8,101.1,130.4,29.2,OVER,101.1,HIT,UNDER,130.4,HIT,Rule3_OverExecution
352,2025-12-07,7:00 PM,NBA,OKC@UTA,OKC,131,UTA,101,232,234.0,+11.5,OKC,UTA,101,OVER,A,+75.67,1.5,111.2,95.3,127.2,31.8,OVER,95.3,HIT,UNDER,127.2,HIT,Rule1_UpsetClause
353,2025-12-07,7:00 PM,NBA,ORL@NYK,ORL,100,NYK,106,206,229.5,+1.0,NYK,ORL,100,OVER,C,+44.03,27.2,114.2,101.2,127.3,26.1,OVER,101.2,MISS,UNDER,127.3,HIT,Rule3_OverExecution
354,2025-12-07,7:00 PM,NBA,POR@MEM,POR,96,MEM,119,215,232.5,+2.0,MEM,POR,96,UNDER,C,-21.37,22.8,115.2,101.2,129.3,28.2,UNDER,129.3,HIT,OVER,101.2,MISS,Rule4_UnderExecution
355,2025-12-08,7:30 PM,NBA,PHX@MIN,PHX,108,MIN,105,213,225.5,+8.0,MIN,PHX,108,OVER,A,+81.82,4.7,108.8,96.2,121.3,25.2,OVER,96.2,HIT,UNDER,121.3,HIT,Rule1_UpsetClause
356,2025-12-08,7:30 PM,NBA,SAC@IND,SAC,105,IND,116,221,232.0,+4.0,IND,SAC,105,UNDER,B,-80.96,14.7,114.0,103.0,125.0,22.0,UNDER,125.0,HIT,OVER,103.0,HIT,Rule1_UpsetClause
357,2025-12-08,7:30 PM,NBA,SAS@NOP,SAS,135,NOP,132,267,238.5,+8.0,SAS,NOP,132,OVER,A,+35.92,4.7,115.2,102.7,127.8,25.2,OVER,102.7,HIT,UNDER,127.8,MISS,Rule1_UpsetClause
358,2025-12-09,7:30 PM,NBA,MIA@ORL,MIA,108,ORL,117,225,235.0,+1.5,ORL,MIA,108,OVER,C,+16.96,25.0,116.8,103.2,130.3,27.1,OVER,103.2,HIT,UNDER,130.3,HIT,Rule3_OverExecution
359,2025-12-09,7:30 PM,NBA,NYK@TOR,NYK,117,TOR,101,218,226.5,+6.0,NYK,TOR,101,UNDER,A,-46.27,8.6,110.2,99.5,121.0,21.4,UNDER,121.0,HIT,OVER,99.5,HIT,Rule1_UpsetClause
360,2025-12-10,7:30 PM,NBA,PHX@OKC,PHX,89,OKC,138,227,221.5,+15.5,OKC,PHX,89,OVER,A,+73.10,0.4,103.0,83.3,122.7,39.4,OVER,83.3,HIT,UNDER,122.7,HIT,Rule2_StructuralOutlier
361,2025-12-10,7:30 PM,NBA,SAS@LAL,SAS,132,LAL,119,251,243.0,+7.0,LAL,SAS,132,OVER,A,+69.15,6.4,118.0,106.3,129.7,23.3,OVER,106.3,HIT,UNDER,129.7,MISS,Rule1_UpsetClause
362,2025-12-11,7:30 PM,NBA,BOS@MIL,BOS,101,MIL,116,217,222.5,+9.5,BOS,MIL,116,OVER,A,+7.07,2.9,106.5,92.5,120.5,28.1,OVER,92.5,HIT,UNDER,120.5,HIT,Rule1_UpsetClause
363,2025-12-11,7:30 PM,NBA,DEN@SAC,DEN,136,SAC,105,241,240.0,+10.5,DEN,SAC,105,OVER,A,+15.81,2.1,114.8,99.8,129.7,29.9,OVER,99.8,HIT,UNDER,129.7,HIT,Rule1_UpsetClause
364,2025-12-11,7:30 PM,NBA,LAC@HOU,LAC,113,HOU,115,228,221.5,+9.0,HOU,LAC,113,OVER,A,+30.73,3.4,106.2,92.7,119.8,27.1,OVER,92.7,HIT,UNDER,119.8,HIT,Rule1_UpsetClause
365,2025-12-11,7:30 PM,NBA,POR@NOP,POR,120,NOP,143,263,242.5,+4.0,NOP,POR,120,OVER,B,+47.08,14.7,119.2,108.2,130.2,22.0,OVER,108.2,HIT,UNDER,130.2,HIT,Rule1_UpsetClause
366,2025-12-12,7:30 PM,NBA,ATL@DET,ATL,115,DET,142,257,233.0,+7.0,DET,ATL,115,OVER,A,+36.15,6.4,113.0,101.3,124.7,23.3,OVER,101.3,HIT,UNDER,124.7,HIT,Rule1_UpsetClause
367,2025-12-12,7:30 PM,NBA,BKN@DAL,BKN,111,DAL,119,230,219.0,+7.5,DAL,BKN,111,UNDER,A,-15.80,5.5,105.8,93.6,117.9,24.2,UNDER,117.9,HIT,OVER,93.6,HIT,Rule1_UpsetClause
368,2025-12-12,7:30 PM,NBA,CHI@CHA,CHI,129,CHA,126,255,229.5,+2.5,CHI,CHA,126,UNDER,C,-80.63,20.7,113.5,98.9,128.1,29.2,UNDER,128.1,HIT,OVER,98.9,HIT,Rule4_UnderExecution
369,2025-12-12,7:30 PM,NBA,CLE@WAS,CLE,130,WAS,126,256,246.0,+17.0,CLE,WAS,126,UNDER,A,-19.74,0.2,114.5,93.3,135.7,42.3,UNDER,135.7,HIT,OVER,93.3,HIT,Rule2_StructuralOutlier
370,2025-12-12,7:30 PM,NBA,IND@PHI,IND,105,PHI,115,220,221.0,+5.0,PHI,IND,105,UNDER,B,-15.20,11.4,108.0,96.0,120.0,24.0,UNDER,120.0,HIT,OVER,96.0,HIT,Rule1_UpsetClause
371,2025-12-12,7:30 PM,NBA,MIN@GSW,MIN,127,GSW,120,247,229.0,+5.0,GSW,MIN,127,OVER,B,+0.58,11.4,112.0,100.0,124.0,24.0,OVER,100.0,HIT,UNDER,124.0,MISS,Rule1_UpsetClause
372,2025-12-12,7:30 PM,NBA,UTA@MEM,UTA,130,MEM,126,256,244.0,+7.5,MEM,UTA,130,UNDER,A,-4.62,5.5,118.2,106.1,130.4,24.2,UNDER,130.4,HIT,OVER,106.1,HIT,Rule1_UpsetClause
373,2025-12-13,7:00 PM,NBA,NYK@ORL,NYK,132,ORL,120,252,225.0,+4.0,NYK,ORL,120,OVER,B,+9.03,14.7,110.5,99.5,121.5,22.0,OVER,99.5,HIT,UNDER,121.5,HIT,Rule1_UpsetClause
374,2025-12-13,7:00 PM,NBA,SAS@OKC,SAS,111,OKC,109,220,234.0,+10.0,OKC,SAS,111,OVER,A,+86.51,2.4,112.0,97.5,126.5,29.0,OVER,97.5,HIT,UNDER,126.5,HIT,Rule1_UpsetClause
375,2025-12-14,7:00 PM,NBA,CHA@CLE,CHA,119,CLE,111,230,233.0,+12.5,CLE,CHA,119,UNDER,A,-41.94,1.0,110.2,93.4,127.1,33.8,UNDER,127.1,HIT,OVER,93.4,HIT,Rule2_StructuralOutlier
376,2025-12-14,7:00 PM,NBA,GSW@POR,GSW,131,POR,136,267,238.0,+5.0,POR,GSW,131,UNDER,B,-34.21,11.4,116.5,104.5,128.5,24.0,UNDER,128.5,MISS,OVER,104.5,HIT,Rule1_UpsetClause
377,2025-12-14,7:00 PM,NBA,LAL@PHX,LAL,116,PHX,114,230,232.0,+1.5,PHX,LAL,116,OVER,C,+43.50,25.0,115.2,101.7,128.8,27.1,OVER,101.7,HIT,UNDER,128.8,HIT,Rule3_OverExecution
378,2025-12-14,7:00 PM,NBA,MIL@BKN,MIL,82,BKN,127,209,216.0,+1.0,MIL,BKN,127,UNDER,C,-6.46,27.2,107.5,94.5,120.5,26.1,UNDER,120.5,MISS,OVER,94.5,HIT,Rule4_UnderExecution
379,2025-12-14,7:00 PM,NBA,NOP@CHI,NOP,114,CHI,104,218,247.5,+4.5,CHI,NOP,114,OVER,B,+28.89,13.0,121.5,110.0,133.0,23.0,OVER,110.0,HIT,UNDER,133.0,HIT,Rule1_UpsetClause
380,2025-12-14,7:00 PM,NBA,PHI@ATL,PHI,117,ATL,120,237,226.0,+4.5,ATL,PHI,117,UNDER,B,-28.97,13.0,110.8,99.2,122.2,23.0,UNDER,122.2,HIT,OVER,99.2,HIT,Rule1_UpsetClause
381,2025-12-14,7:00 PM,NBA,SAC@MIN,SAC,103,MIN,117,220,235.5,+10.0,MIN,SAC,103,UNDER,A,-4.73,2.4,112.8,98.2,127.2,29.0,UNDER,127.2,HIT,OVER,98.2,HIT,Rule1_UpsetClause
382,2025-12-14,7:00 PM,NBA,WAS@IND,WAS,108,IND,89,197,233.5,+10.0,IND,WAS,108,UNDER,A,-24.06,2.4,111.8,97.2,126.2,29.0,UNDER,126.2,HIT,OVER,97.2,HIT,Rule1_UpsetClause
383,2025-12-15,7:30 PM,NBA,DAL@UTA,DAL,133,UTA,140,273,241.5,+1.0,DAL,UTA,140,OVER,C,+54.58,27.2,120.2,107.2,133.3,26.1,OVER,107.2,HIT,UNDER,133.3,MISS,Rule3_OverExecution
384,2025-12-15,7:30 PM,NBA,DET@BOS,DET,112,BOS,105,217,231.5,+1.0,BOS,DET,112,OVER,C,+61.39,27.2,115.2,102.2,128.3,26.1,OVER,102.2,HIT,UNDER,128.3,HIT,Rule3_OverExecution
385,2025-12-15,7:30 PM,NBA,HOU@DEN,HOU,125,DEN,128,253,237.5,+1.0,DEN,HOU,125,OVER,C,+74.46,27.2,118.2,105.2,131.3,26.1,OVER,105.2,HIT,UNDER,131.3,HIT,Rule3_OverExecution
386,2025-12-15,7:30 PM,NBA,MEM@LAC,MEM,121,LAC,103,224,229.5,-5.5,MEM,LAC,103,UNDER,A,-16.88,46.0,112.0,101.8,122.2,20.4,UNDER,122.2,HIT,OVER,101.8,HIT,Rule4_UnderExecution
387,2025-12-15,7:30 PM,NBA,TOR@MIA,TOR,106,MIA,96,202,233.0,+5.0,MIA,TOR,106,UNDER,B,-45.80,11.4,114.0,102.0,126.0,24.0,UNDER,126.0,HIT,OVER,102.0,HIT,Rule1_UpsetClause
388,2025-12-16,7:30 PM,NBA,SAS@NYK,SAS,113,NYK,124,237,233.0,+2.5,NYK,SAS,113,OVER,C,+58.84,20.7,115.2,100.6,129.9,29.2,OVER,100.6,HIT,UNDER,129.9,HIT,Rule3_OverExecution
389,2025-12-17,7:30 PM,NBA,CLE@CHI,CLE,111,CHI,127,238,243.5,+5.5,CLE,CHI,127,UNDER,A,-50.39,9.9,119.0,108.8,129.2,20.4,UNDER,129.2,HIT,OVER,108.8,HIT,Rule1_UpsetClause
390,2025-12-17,7:30 PM,NBA,MEM@MIN,MEM,116,MIN,110,226,227.0,+6.5,MIN,MEM,116,UNDER,A,-25.68,7.4,110.2,99.1,121.4,22.3,UNDER,121.4,HIT,OVER,99.1,HIT,Rule1_UpsetClause
391,2025-12-18,7:30 PM,NBA,ATL@CHA,ATL,126,CHA,133,259,246.0,+2.5,CHA,ATL,126,OVER,C,+21.62,20.7,121.8,107.1,136.4,29.2,OVER,107.1,HIT,UNDER,136.4,HIT,Rule3_OverExecution
392,2025-12-18,7:30 PM,NBA,DET@DAL,DET,114,DAL,116,230,233.0,+1.5,DAL,DET,114,OVER,C,+73.94,25.0,115.8,102.2,129.3,27.1,OVER,102.2,HIT,UNDER,129.3,HIT,Rule3_OverExecution
393,2025-12-18,7:30 PM,NBA,GSW@PHX,GSW,98,PHX,99,197,231.0,+2.0,PHX,GSW,98,UNDER,C,-31.02,22.8,114.5,100.4,128.6,28.2,UNDER,128.6,HIT,OVER,100.4,MISS,Rule4_UnderExecution
394,2025-12-18,7:30 PM,NBA,HOU@NOP,HOU,128,NOP,133,261,236.0,+9.5,HOU,NOP,133,OVER,A,+31.29,2.9,113.2,99.2,127.3,28.1,OVER,99.2,HIT,UNDER,127.3,MISS,Rule1_UpsetClause
395,2025-12-18,7:30 PM,NBA,LAC@OKC,LAC,101,OKC,122,223,222.5,+17.0,OKC,LAC,101,OVER,A,+9.66,0.2,102.8,81.6,123.9,42.3,OVER,81.6,HIT,UNDER,123.9,HIT,Rule2_StructuralOutlier
396,2025-12-18,7:30 PM,NBA,LAL@UTA,LAL,143,UTA,135,278,249.5,+7.0,LAL,UTA,135,OVER,A,+67.91,6.4,121.2,109.6,132.9,23.3,OVER,109.6,HIT,UNDER,132.9,MISS,Rule1_UpsetClause
397,2025-12-18,7:30 PM,NBA,MIA@BKN,MIA,106,BKN,95,201,236.0,+11.5,MIA,BKN,95,UNDER,A,-49.61,1.5,112.2,96.3,128.2,31.9,UNDER,128.2,HIT,OVER,96.3,MISS,Rule1_UpsetClause
398,2025-12-18,7:30 PM,NBA,NYK@IND,NYK,114,IND,113,227,225.0,+2.5,NYK,IND,113,UNDER,C,-16.49,20.7,111.2,96.6,125.9,29.2,UNDER,125.9,HIT,OVER,96.6,HIT,Rule4_UnderExecution
399,2025-12-18,7:30 PM,NBA,ORL@DEN,ORL,115,DEN,126,241,238.0,+4.5,DEN,ORL,115,OVER,B,+63.66,13.0,116.8,105.2,128.2,23.0,OVER,105.2,HIT,UNDER,128.2,HIT,Rule1_UpsetClause
400,2025-12-18,7:30 PM,NBA,TOR@MIL,TOR,111,MIL,105,216,218.0,+4.5,TOR,MIL,105,UNDER,B,-30.58,13.0,106.8,95.2,118.2,23.0,UNDER,118.2,HIT,OVER,95.2,HIT,Rule1_UpsetClause
401,2025-12-18,7:30 PM,NBA,WAS@SAS,WAS,94,SAS,119,213,241.0,+16.0,SAS,WAS,94,OVER,A,+19.27,0.3,112.5,92.3,132.7,40.4,OVER,92.3,HIT,UNDER,132.7,HIT,Rule2_StructuralOutlier
402,2025-12-19,7:30 PM,NBA,CHI@CLE,CHI,136,CLE,125,261,240.0,+8.0,CLE,CHI,136,UNDER,A,-49.57,4.7,116.0,103.4,128.6,25.2,UNDER,128.6,MISS,OVER,103.4,HIT,Rule1_UpsetClause
403,2025-12-19,7:30 PM,NBA,MIA@BOS,MIA,116,BOS,129,245,234.0,+8.0,BOS,MIA,116,UNDER,A,-11.15,4.7,113.0,100.4,125.6,25.2,UNDER,125.6,HIT,OVER,100.4,HIT,Rule1_UpsetClause
404,2025-12-19,7:30 PM,NBA,OKC@MIN,OKC,107,MIN,112,219,231.0,+7.0,OKC,MIN,112,OVER,A,+48.99,6.4,112.0,100.3,123.7,23.3,OVER,100.3,HIT,UNDER,123.7,HIT,Rule1_UpsetClause
405,2025-12-19,7:30 PM,NBA,PHI@NYK,PHI,116,NYK,107,223,233.5,+3.5,NYK,PHI,116,OVER,B,+2.67,16.6,115.0,104.5,125.5,21.0,OVER,104.5,HIT,UNDER,125.5,HIT,Rule3_OverExecution
406,2025-12-19,7:30 PM,NBA,SAS@ATL,SAS,126,ATL,98,224,238.5,+6.0,SAS,ATL,98,OVER,A,+78.45,8.6,116.2,105.5,127.0,21.4,OVER,105.5,MISS,UNDER,127.0,HIT,Rule1_UpsetClause
407,2025-12-20,7:00 PM,NBA,BOS@TOR,BOS,112,TOR,96,208,216.5,+4.0,TOR,BOS,112,UNDER,B,-25.51,14.7,106.2,95.2,117.2,22.0,UNDER,117.2,HIT,OVER,95.2,HIT,Rule1_UpsetClause
408,2025-12-20,7:00 PM,NBA,CHA@DET,CHA,86,DET,123,209,230.0,+9.5,DET,CHA,86,UNDER,A,-7.17,2.9,110.2,96.2,124.3,28.1,UNDER,124.3,HIT,OVER,96.2,MISS,Rule1_UpsetClause
409,2025-12-20,7:00 PM,NBA,DAL@PHI,DAL,114,PHI,121,235,227.5,+2.5,DAL,PHI,121,OVER,C,+16.54,20.7,112.5,97.9,127.1,29.2,OVER,97.9,HIT,UNDER,127.1,HIT,Rule3_OverExecution
410,2025-12-20,7:00 PM,NBA,HOU@DEN,HOU,115,DEN,101,216,235.0,+3.0,HOU,DEN,101,OVER,C,+140.88,18.6,116.0,100.8,131.2,30.3,OVER,100.8,HIT,UNDER,131.2,HIT,Rule3_OverExecution
411,2025-12-20,7:00 PM,NBA,IND@NOP,IND,109,NOP,128,237,238.5,+5.0,NOP,IND,109,UNDER,B,-20.58,11.4,116.8,104.8,128.8,24.0,UNDER,128.8,HIT,OVER,104.8,HIT,Rule1_UpsetClause
412,2025-12-21,7:00 PM,NBA,CHI@ATL,CHI,152,ATL,150,302,261.0,+2.0,ATL,CHI,152,OVER,C,+17.62,22.8,129.5,115.4,143.6,28.2,OVER,115.4,HIT,UNDER,143.6,MISS,Rule3_OverExecution
413,2025-12-21,7:00 PM,NBA,HOU@SAC,HOU,124,SAC,125,249,228.5,+10.5,SAC,HOU,124,UNDER,A,-24.63,2.1,109.0,94.0,124.0,29.9,UNDER,124.0,MISS,OVER,94.0,HIT,Rule1_UpsetClause
414,2025-12-21,7:00 PM,NBA,MIA@NYK,MIA,125,NYK,132,257,231.0,+5.0,NYK,MIA,125,OVER,B,+20.13,11.4,113.0,101.0,125.0,24.0,OVER,101.0,HIT,UNDER,125.0,MISS,Rule1_UpsetClause
415,2025-12-21,7:00 PM,NBA,MIL@MIN,MIL,100,MIN,103,203,222.5,+7.5,MIN,MIL,100,UNDER,A,-17.36,5.5,107.5,95.4,119.6,24.2,UNDER,119.6,HIT,OVER,95.4,HIT,Rule1_UpsetClause
416,2025-12-21,7:00 PM,NBA,SAS@WAS,SAS,124,WAS,113,237,236.0,+14.0,WAS,SAS,124,UNDER,A,-14.24,0.6,111.0,92.7,129.3,36.6,UNDER,129.3,HIT,OVER,92.7,HIT,Rule2_StructuralOutlier
417,2025-12-21,7:00 PM,NBA,TOR@BKN,TOR,81,BKN,96,177,215.5,+4.0,BKN,TOR,81,UNDER,B,-114.40,14.7,105.8,94.8,116.8,22.0,UNDER,116.8,HIT,OVER,94.8,MISS,Rule1_UpsetClause
418,2025-12-22,7:30 PM,NBA,CHA@CLE,CHA,132,CLE,139,271,251.0,+9.5,CLE,CHA,132,UNDER,A,-41.40,2.9,120.8,106.7,134.8,28.1,UNDER,134.8,HIT,OVER,106.7,HIT,Rule1_UpsetClause
419,2025-12-22,7:30 PM,NBA,DAL@NOP,DAL,113,NOP,119,232,244.0,+4.0,NOP,DAL,113,OVER,B,+42.96,14.7,120.0,109.0,131.0,22.0,OVER,109.0,HIT,UNDER,131.0,HIT,Rule1_UpsetClause
420,2025-12-22,7:30 PM,NBA,DET@POR,DET,110,POR,102,212,234.5,+8.0,POR,DET,110,OVER,A,+59.78,4.7,113.2,100.7,125.8,25.2,OVER,100.7,HIT,UNDER,125.8,HIT,Rule1_UpsetClause
421,2025-12-22,7:30 PM,NBA,IND@BOS,IND,95,BOS,103,198,232.0,+11.0,BOS,IND,95,UNDER,A,-45.33,1.7,110.5,95.0,126.0,30.9,UNDER,126.0,HIT,OVER,95.0,MISS,Rule1_UpsetClause
422,2025-12-22,7:30 PM,NBA,MEM@OKC,MEM,103,OKC,119,222,233.5,+11.5,OKC,MEM,103,UNDER,A,-27.16,1.5,111.0,95.1,126.9,31.8,UNDER,126.9,HIT,OVER,95.1,HIT,Rule1_UpsetClause
423,2025-12-22,7:30 PM,NBA,ORL@GSW,ORL,97,GSW,120,217,229.5,+5.0,GSW,ORL,97,UNDER,B,-3.59,11.4,112.2,100.2,124.2,24.0,UNDER,124.2,HIT,OVER,100.2,MISS,Rule1_UpsetClause
424,2025-12-22,7:30 PM,NBA,UTA@DEN,UTA,112,DEN,135,247,250.0,+20.5,DEN,UTA,112,OVER,A,+93.54,0.1,114.8,90.3,139.2,48.9,OVER,90.3,HIT,UNDER,139.2,HIT,Rule2_StructuralOutlier
425,2025-12-23,7:30 PM,NBA,BKN@PHI,BKN,114,PHI,106,220,216.5,+9.5,PHI,BKN,114,UNDER,A,-29.24,2.9,103.5,89.5,117.5,28.1,UNDER,117.5,HIT,OVER,89.5,HIT,Rule1_UpsetClause
426,2025-12-23,7:30 PM,NBA,CHI@ATL,CHI,126,ATL,123,249,254.5,+3.5,ATL,CHI,126,OVER,B,+67.16,16.6,125.5,115.0,136.0,21.0,OVER,115.0,HIT,UNDER,136.0,HIT,Rule3_OverExecution
427,2025-12-23,7:30 PM,NBA,MIL@IND,MIL,111,IND,94,205,217.0,+1.5,MIL,IND,94,UNDER,C,-69.79,25.0,107.8,94.2,121.3,27.2,UNDER,121.3,HIT,OVER,94.2,MISS,Rule4_UnderExecution
428,2025-12-23,7:30 PM,NBA,NOP@CLE,NOP,118,CLE,141,259,248.5,+10.0,CLE,NOP,118,OVER,A,+10.16,2.4,119.2,104.8,133.8,29.0,OVER,104.8,HIT,UNDER,133.8,HIT,Rule1_UpsetClause
429,2025-12-23,7:30 PM,NBA,TOR@MIA,TOR,112,MIA,91,203,227.5,+5.5,MIA,TOR,112,UNDER,A,-105.62,9.9,111.0,100.8,121.2,20.4,UNDER,121.2,HIT,OVER,100.8,HIT,Rule1_UpsetClause
430,2025-12-23,7:30 PM,NBA,WAS@CHA,WAS,109,CHA,126,235,229.5,+8.0,CHA,WAS,109,UNDER,A,-32.10,4.7,110.8,98.2,123.3,25.2,UNDER,123.3,HIT,OVER,98.2,HIT,Rule1_UpsetClause
431,2025-12-24,7:30 PM,NBA,CLE@NYK,CLE,124,NYK,126,250,237.5,+3.5,NYK,CLE,124,OVER,B,+31.49,16.6,117.0,106.5,127.5,21.0,OVER,106.5,HIT,UNDER,127.5,HIT,Rule3_OverExecution
432,2025-12-24,7:30 PM,NBA,DAL@GSW,DAL,116,GSW,126,242,228.5,+10.5,GSW,DAL,116,UNDER,A,-18.40,2.1,109.0,94.0,124.0,29.9,UNDER,124.0,HIT,OVER,94.0,HIT,Rule1_UpsetClause
433,2025-12-24,7:30 PM,NBA,HOU@LAL,HOU,119,LAL,96,215,233.0,+5.0,HOU,LAL,96,OVER,B,+86.63,11.4,114.0,102.0,126.0,24.0,OVER,102.0,MISS,UNDER,126.0,HIT,Rule1_UpsetClause
434,2025-12-24,7:30 PM,NBA,MIN@DEN,MIN,138,DEN,142,280,232.0,+1.0,DEN,MIN,138,OVER,C,+49.05,27.2,115.5,102.5,128.6,26.1,OVER,102.5,HIT,UNDER,128.6,MISS,Rule3_OverExecution
435,2025-12-24,7:30 PM,NBA,SAS@OKC,SAS,117,OKC,102,219,246.5,+10.5,OKC,SAS,117,OVER,A,+14.66,2.1,118.0,103.0,133.0,29.9,OVER,103.0,HIT,UNDER,133.0,HIT,Rule1_UpsetClause
436,2025-12-25,7:30 PM,NBA,CLE@NYK,CLE,124,NYK,126,250,237.5,+3.5,NYK,CLE,124,OVER,B,+41.30,16.6,117.0,106.5,127.5,21.0,OVER,106.5,HIT,UNDER,127.5,HIT,Rule3_OverExecution
437,2025-12-25,7:30 PM,NBA,DAL@GSW,DAL,116,GSW,126,242,228.5,+10.5,GSW,DAL,116,UNDER,A,-1.91,2.1,109.0,94.0,124.0,29.9,UNDER,124.0,HIT,OVER,94.0,HIT,Rule1_UpsetClause
438,2025-12-25,7:30 PM,NBA,HOU@LAL,HOU,119,LAL,96,215,233.0,+5.0,HOU,LAL,96,OVER,B,+57.40,11.4,114.0,102.0,126.0,24.0,OVER,102.0,MISS,UNDER,126.0,HIT,Rule1_UpsetClause
439,2025-12-25,7:30 PM,NBA,SAS@OKC,SAS,117,OKC,102,219,246.5,+10.5,OKC,SAS,117,UNDER,A,-17.18,2.1,118.0,103.0,133.0,29.9,UNDER,133.0,HIT,OVER,103.0,HIT,Rule1_UpsetClause
440,2025-12-26,7:30 PM,NBA,BOS@IND,BOS,140,IND,122,262,229.5,+5.0,BOS,IND,122,UNDER,B,-86.80,11.4,112.2,100.2,124.2,24.0,UNDER,124.2,HIT,OVER,100.2,HIT,Rule1_UpsetClause
441,2025-12-26,7:30 PM,NBA,CHA@ORL,CHA,120,ORL,105,225,236.5,+3.0,ORL,CHA,120,UNDER,C,-14.92,18.6,116.8,101.6,131.9,30.3,UNDER,131.9,HIT,OVER,101.6,HIT,Rule4_UnderExecution
442,2025-12-26,7:30 PM,NBA,DET@UTA,DET,129,UTA,131,260,249.0,-8.0,DET,UTA,131,OVER,A,+52.03,48.3,120.5,107.9,133.1,25.2,OVER,107.9,HIT,UNDER,133.1,HIT,Rule3_OverExecution
443,2025-12-26,7:30 PM,NBA,LAC@POR,LAC,119,POR,103,222,228.5,-3.0,LAC,POR,103,UNDER,C,-18.89,41.4,112.8,97.6,127.9,30.3,UNDER,127.9,HIT,OVER,97.6,HIT,Rule4_UnderExecution
444,2025-12-26,7:30 PM,NBA,MIA@ATL,MIA,126,ATL,111,237,254.0,+2.5,ATL,MIA,126,OVER,C,+36.87,20.7,125.8,111.1,140.4,29.2,OVER,111.1,HIT,UNDER,140.4,HIT,Rule3_OverExecution
445,2025-12-26,7:30 PM,NBA,MIL@MEM,MIL,104,MEM,125,229,229.0,+2.5,MEM,MIL,104,UNDER,C,-57.05,20.7,113.2,98.6,127.9,29.2,UNDER,127.9,HIT,OVER,98.6,HIT,Rule4_UnderExecution
446,2025-12-26,7:30 PM,NBA,PHI@CHI,PHI,102,CHI,109,211,240.0,-5.5,PHI,CHI,109,OVER,A,+32.03,46.0,117.2,107.0,127.5,20.4,OVER,107.0,HIT,UNDER,127.5,HIT,Rule3_OverExecution
447,2025-12-26,7:30 PM,NBA,PHX@NOP,PHX,115,NOP,108,223,238.5,+5.0,NOP,PHX,115,OVER,B,+28.37,11.4,116.8,104.8,128.8,24.0,OVER,104.8,HIT,UNDER,128.8,HIT,Rule1_UpsetClause
448,2025-12-26,7:30 PM,NBA,TOR@WAS,TOR,117,WAS,138,255,223.0,+8.0,WAS,TOR,117,UNDER,A,-127.48,4.7,107.5,94.9,120.1,25.2,UNDER,120.1,HIT,OVER,94.9,HIT,Rule1_UpsetClause
449,2025-12-27,7:00 PM,NBA,BKN@MIN,BKN,123,MIN,107,230,225.5,+12.0,BKN,MIN,107,UNDER,A,-30.54,1.2,106.8,90.3,123.2,32.8,UNDER,123.2,HIT,OVER,90.3,HIT,Rule1_UpsetClause
450,2025-12-27,7:00 PM,NBA,CLE@HOU,CLE,100,HOU,117,217,228.5,+2.0,HOU,CLE,100,OVER,C,+49.11,22.8,113.2,99.2,127.3,28.2,OVER,99.2,HIT,UNDER,127.3,HIT,Rule3_OverExecution
451,2025-12-27,7:00 PM,NBA,DAL@SAC,DAL,107,SAC,113,220,236.5,+1.0,SAC,DAL,107,UNDER,C,-41.03,27.2,117.8,104.7,130.8,26.1,UNDER,130.8,HIT,OVER,104.7,HIT,Rule4_UnderExecution
452,2025-12-27,7:00 PM,NBA,DEN@ORL,DEN,126,ORL,127,253,239.0,+1.5,ORL,DEN,126,OVER,C,+78.29,25.0,118.8,105.2,132.3,27.1,OVER,105.2,HIT,UNDER,132.3,HIT,Rule3_OverExecution
453,2025-12-27,7:00 PM,NBA,IND@MIA,IND,116,MIA,142,258,238.5,+6.5,MIA,IND,116,UNDER,A,-81.97,7.4,116.0,104.8,127.2,22.3,UNDER,127.2,HIT,OVER,104.8,HIT,Rule1_UpsetClause
454,2025-12-27,7:00 PM,NBA,MIL@CHI,MIL,112,CHI,103,215,229.5,+3.0,MIL,CHI,103,UNDER,C,-7.85,18.6,113.2,98.1,128.4,30.3,UNDER,128.4,HIT,OVER,98.1,HIT,Rule4_UnderExecution
455,2025-12-27,7:00 PM,NBA,NYK@ATL,NYK,128,ATL,125,253,243.5,+4.5,NYK,ATL,125,OVER,B,+61.82,13.0,119.5,108.0,131.0,23.0,OVER,108.0,HIT,UNDER,131.0,HIT,Rule1_UpsetClause
456,2025-12-27,7:00 PM,NBA,PHX@NOP,PHX,123,NOP,114,237,238.0,+4.5,PHX,NOP,114,UNDER,B,-28.42,13.0,116.8,105.2,128.2,23.0,UNDER,128.2,HIT,OVER,105.2,HIT,Rule1_UpsetClause
457,2025-12-27,7:00 PM,NBA,UTA@SAS,UTA,127,SAS,114,241,243.5,+13.0,UTA,SAS,114,OVER,A,+55.87,0.9,115.2,97.9,132.6,34.7,OVER,97.9,HIT,UNDER,132.6,HIT,Rule2_StructuralOutlier
458,2025-12-28,7:00 PM,NBA,BOS@POR,BOS,108,POR,114,222,231.5,+9.5,POR,BOS,108,UNDER,A,-1.62,2.9,111.0,97.0,125.0,28.1,UNDER,125.0,HIT,OVER,97.0,HIT,Rule1_UpsetClause
459,2025-12-28,7:00 PM,NBA,DET@LAC,DET,99,LAC,112,211,227.5,+1.0,LAC,DET,99,UNDER,C,-11.56,27.2,113.2,100.2,126.3,26.1,UNDER,126.3,HIT,OVER,100.2,MISS,Rule4_UnderExecution
460,2025-12-28,7:00 PM,NBA,GSW@TOR,GSW,127,TOR,141,268,233.0,+6.0,TOR,GSW,127,UNDER,A,-40.11,8.6,113.5,102.8,124.2,21.4,UNDER,124.2,MISS,OVER,102.8,HIT,Rule1_UpsetClause
461,2025-12-28,7:00 PM,NBA,MEM@WAS,MEM,112,WAS,116,228,244.5,+8.0,WAS,MEM,112,UNDER,A,-36.62,4.7,118.2,105.7,130.8,25.2,UNDER,130.8,HIT,OVER,105.7,HIT,Rule1_UpsetClause
462,2025-12-28,7:00 PM,NBA,PHI@OKC,PHI,104,OKC,129,233,230.5,+17.5,OKC,PHI,104,UNDER,A,-47.22,0.2,106.5,84.9,128.1,43.2,UNDER,128.1,HIT,OVER,84.9,HIT,Rule2_StructuralOutlier
463,2025-12-28,7:00 PM,NBA,SAC@LAL,SAC,101,LAL,125,226,231.5,+12.0,LAL,SAC,101,UNDER,A,-23.79,1.2,109.8,93.3,126.2,32.8,UNDER,126.2,HIT,OVER,93.3,HIT,Rule1_UpsetClause
464,2025-12-29,7:30 PM,NBA,ATL@OKC,ATL,129,OKC,140,269,236.0,+17.0,OKC,ATL,129,OVER,A,+5.49,0.2,109.5,88.3,130.7,42.3,OVER,88.3,HIT,UNDER,130.7,HIT,Rule2_StructuralOutlier
465,2025-12-29,7:30 PM,NBA,CLE@SAS,CLE,113,SAS,101,214,239.5,+1.5,SAS,CLE,113,UNDER,C,-2.26,25.0,119.0,105.4,132.6,27.1,UNDER,132.6,HIT,OVER,105.4,HIT,Rule4_UnderExecution
466,2025-12-29,7:30 PM,NBA,DAL@POR,DAL,122,POR,125,247,233.0,+2.0,POR,DAL,122,OVER,C,+1.20,22.8,115.5,101.4,129.6,28.2,OVER,101.4,HIT,UNDER,129.6,HIT,Rule3_OverExecution
467,2025-12-29,7:30 PM,NBA,DEN@MIA,DEN,123,MIA,147,270,245.0,+1.5,MIA,DEN,123,OVER,C,+70.99,25.0,121.8,108.2,135.3,27.1,OVER,108.2,HIT,UNDER,135.3,HIT,Rule3_OverExecution
468,2025-12-29,7:30 PM,NBA,GSW@BKN,GSW,120,BKN,107,227,233.0,+2.0,BKN,GSW,120,UNDER,C,-70.91,22.8,115.5,101.4,129.6,28.2,UNDER,129.6,HIT,OVER,101.4,HIT,Rule4_UnderExecution
469,2025-12-29,7:30 PM,NBA,IND@HOU,IND,119,HOU,126,245,220.5,+15.5,HOU,IND,119,UNDER,A,-31.41,0.4,102.5,82.8,122.2,39.4,UNDER,122.2,HIT,OVER,82.8,HIT,Rule2_StructuralOutlier
470,2025-12-29,7:30 PM,NBA,MIL@CHA,MIL,123,CHA,113,236,226.5,+4.0,MIL,CHA,113,UNDER,B,-42.07,14.7,111.2,100.2,122.2,22.0,UNDER,122.2,HIT,OVER,100.2,HIT,Rule1_UpsetClause
471,2025-12-29,7:30 PM,NBA,MIN@CHI,MIN,136,CHI,101,237,230.0,+6.0,CHI,MIN,136,OVER,A,+31.02,8.6,112.0,101.3,122.7,21.4,OVER,101.3,HIT,UNDER,122.7,MISS,Rule1_UpsetClause
472,2025-12-29,7:30 PM,NBA,NYK@NOP,NYK,130,NOP,125,255,253.0,+9.5,NOP,NYK,130,OVER,A,+27.62,2.9,121.8,107.7,135.8,28.1,OVER,107.7,HIT,UNDER,135.8,HIT,Rule1_UpsetClause
473,2025-12-29,7:30 PM,NBA,ORL@TOR,ORL,106,TOR,107,213,216.5,+6.0,TOR,ORL,106,OVER,A,+25.62,8.6,105.2,94.5,116.0,21.4,OVER,94.5,HIT,UNDER,116.0,HIT,Rule1_UpsetClause
474,2025-12-29,7:30 PM,NBA,PHX@WAS,PHX,115,WAS,101,216,230.0,+11.0,PHX,WAS,101,UNDER,A,-52.69,1.7,109.5,94.0,125.0,30.9,UNDER,125.0,HIT,OVER,94.0,HIT,Rule1_UpsetClause
475,2025-12-30,7:30 PM,NBA,BOS@UTA,BOS,129,UTA,119,248,247.0,+4.0,BOS,UTA,119,OVER,B,+60.59,14.7,121.5,110.5,132.5,22.0,OVER,110.5,HIT,UNDER,132.5,HIT,Rule1_UpsetClause
476,2025-12-30,7:30 PM,NBA,DET@LAL,DET,128,LAL,106,234,238.5,+3.0,DET,LAL,106,UNDER,C,-5.37,18.6,117.8,102.6,132.9,30.3,UNDER,132.9,HIT,OVER,102.6,HIT,Rule4_UnderExecution
477,2025-12-30,7:30 PM,NBA,PHI@MEM,PHI,139,MEM,136,275,237.5,+3.5,PHI,MEM,136,UNDER,B,-40.35,16.6,117.0,106.5,127.5,21.0,UNDER,127.5,MISS,OVER,106.5,HIT,Rule4_UnderExecution
478,2025-12-30,7:30 PM,NBA,SAC@LAC,SAC,90,LAC,131,221,216.5,+10.0,LAC,SAC,90,UNDER,A,-62.34,2.4,103.2,88.8,117.8,29.0,UNDER,117.8,HIT,OVER,88.8,HIT,Rule1_UpsetClause
479,2025-12-31,7:30 PM,NBA,DEN@TOR,DEN,106,TOR,103,209,230.5,+6.0,TOR,DEN,106,OVER,A,+93.79,8.6,112.2,101.5,123.0,21.4,OVER,101.5,HIT,UNDER,123.0,HIT,Rule1_UpsetClause
480,2025-12-31,7:30 PM,NBA,GSW@CHA,GSW,132,CHA,125,257,239.0,+8.0,CHA,GSW,132,UNDER,A,-4.33,4.7,115.5,102.9,128.1,25.2,UNDER,128.1,MISS,OVER,102.9,HIT,Rule1_UpsetClause
481,2025-12-31,7:30 PM,NBA,MIN@ATL,MIN,102,ATL,126,228,247.5,+3.0,ATL,MIN,102,OVER,C,+85.24,18.6,122.2,107.1,137.4,30.3,OVER,107.1,MISS,UNDER,137.4,HIT,Rule3_OverExecution
482,2025-12-31,7:30 PM,NBA,ORL@IND,ORL,112,IND,110,222,228.5,+7.0,IND,ORL,112,UNDER,A,-40.03,6.4,110.8,99.1,122.4,23.3,UNDER,122.4,HIT,OVER,99.1,HIT,Rule1_UpsetClause
483,2025-12-31,7:30 PM,NBA,PHX@CLE,PHX,113,CLE,129,242,237.5,+11.0,CLE,PHX,113,UNDER,A,-2.38,1.7,113.2,97.8,128.7,30.9,UNDER,128.7,HIT,OVER,97.8,HIT,Rule1_UpsetClause
484,2025-12-31,7:30 PM,NBA,POR@OKC,POR,95,OKC,124,219,230.5,+18.5,OKC,POR,95,UNDER,A,-9.30,0.1,106.0,83.4,128.6,45.1,UNDER,128.6,HIT,OVER,83.4,HIT,Rule2_StructuralOutlier
485,2025-12-31,7:30 PM,NBA,WAS@MIL,WAS,114,MIL,113,227,233.0,+15.0,MIL,WAS,114,UNDER,A,-37.62,0.4,109.0,89.8,128.2,38.5,UNDER,128.2,HIT,OVER,89.8,HIT,Rule2_StructuralOutlier
486,2026-01-01,7:30 PM,NBA,BOS@SAC,BOS,120,SAC,106,226,234.5,+8.0,BOS,SAC,106,UNDER,A,-40.27,4.7,113.2,100.7,125.8,25.2,UNDER,125.8,HIT,OVER,100.7,HIT,Rule1_UpsetClause
487,2026-01-01,7:30 PM,NBA,HOU@BKN,HOU,120,BKN,96,216,217.5,+17.0,HOU,BKN,96,UNDER,A,-22.41,0.2,100.2,79.1,121.4,42.3,UNDER,121.4,HIT,OVER,79.1,HIT,Rule2_StructuralOutlier
488,2026-01-01,7:30 PM,NBA,MIA@DET,MIA,118,DET,112,230,238.5,+2.5,DET,MIA,118,OVER,C,+11.74,20.7,118.0,103.4,132.6,29.2,OVER,103.4,HIT,UNDER,132.6,HIT,Rule3_OverExecution
489,2026-01-01,7:30 PM,NBA,PHI@DAL,PHI,123,DAL,108,231,234.0,+1.0,DAL,PHI,123,OVER,C,+19.17,27.2,116.5,103.5,129.6,26.1,OVER,103.5,HIT,UNDER,129.6,HIT,Rule3_OverExecution
490,2026-01-01,7:30 PM,NBA,UTA@LAC,UTA,101,LAC,118,219,225.0,+20.0,LAC,UTA,101,OVER,A,+32.67,0.1,102.5,78.5,126.5,48.0,OVER,78.5,HIT,UNDER,126.5,HIT,Rule2_StructuralOutlier
491,2026-01-01,7:00 PM,WNBA,LV@CHI,LV,83,CHI,84,167,184.0,+5.5,LV,CHI,84,UNDER,A,-6.88,9.9,89.2,79.0,99.5,20.4,UNDER,99.5,HIT,OVER,79.0,HIT,Rule1_UpsetClause
492,2026-01-01,7:00 PM,WNBA,NY@PHO,NY,94,PHO,92,186,177.0,+2.5,NY,PHO,92,UNDER,C,+0.00,20.7,87.2,72.6,101.9,29.2,UNDER,101.9,HIT,OVER,72.6,HIT,Rule4_UnderDefault
493,2026-01-01,7:00 PM,WNBA,ATL@WAS,ATL,76,WAS,81,157,167.0,+8.5,ATL,WAS,81,UNDER,A,-17.27,4.0,79.2,66.2,92.3,26.2,UNDER,92.3,HIT,OVER,66.2,HIT,Rule1_UpsetClause
494,2026-01-01,7:00 PM,WNBA,DAL@CON,DAL,86,CON,83,169,172.0,+6.5,DAL,CON,83,OVER,A,+9.67,7.4,82.8,71.6,93.9,22.3,OVER,71.6,HIT,UNDER,93.9,HIT,Rule1_UpsetClause
495,2026-01-01,7:00 PM,WNBA,SEA@PHO,SEA,67,PHO,90,157,170.5,+4.5,PHX,PHO,90,UNDER,B,+0.00,13.0,83.0,71.5,94.5,23.0,UNDER,94.5,HIT,OVER,71.5,HIT,Rule1_UpsetClause
496,2026-01-02,7:30 PM,NBA,ATL@NYK,ATL,111,NYK,99,210,247.5,+6.0,NYK,ATL,111,OVER,A,+67.59,8.6,120.8,110.0,131.4,21.4,OVER,110.0,HIT,UNDER,131.4,HIT,Rule1_UpsetClause
497,2026-01-02,7:30 PM,NBA,BKN@WAS,BKN,99,WAS,119,218,230.0,+5.0,WAS,BKN,99,UNDER,B,-50.71,11.4,112.5,100.5,124.5,24.0,UNDER,124.5,HIT,OVER,100.5,MISS,Rule1_UpsetClause
498,2026-01-02,7:30 PM,NBA,CHA@MIL,CHA,121,MIL,122,243,240.5,+5.0,MIL,CHA,121,UNDER,B,-19.91,11.4,117.8,105.8,129.8,24.0,UNDER,129.8,HIT,OVER,105.8,HIT,Rule1_UpsetClause
499,2026-01-02,7:30 PM,NBA,DEN@CLE,DEN,108,CLE,113,221,237.0,+14.0,CLE,DEN,108,OVER,A,+75.86,0.6,111.5,93.2,129.8,36.6,OVER,93.2,HIT,UNDER,129.8,HIT,Rule2_StructuralOutlier
500,2026-01-02,7:30 PM,NBA,MEM@LAL,MEM,121,LAL,128,249,240.5,+8.0,LAL,MEM,121,UNDER,A,-5.53,4.7,116.2,103.7,128.8,25.2,UNDER,128.8,HIT,OVER,103.7,HIT,Rule1_UpsetClause
501,2026-01-02,7:30 PM,NBA,OKC@GSW,OKC,131,GSW,94,225,220.0,+16.5,GSW,OKC,131,OVER,A,+79.04,0.3,101.8,81.1,122.4,41.3,OVER,81.1,HIT,UNDER,122.4,MISS,Rule2_StructuralOutlier
502,2026-01-02,7:30 PM,NBA,ORL@CHI,ORL,114,CHI,121,235,225.0,+8.5,CHI,ORL,114,UNDER,A,-37.46,4.0,108.2,95.2,121.3,26.2,UNDER,121.3,HIT,OVER,95.2,HIT,Rule1_UpsetClause
503,2026-01-02,7:30 PM,NBA,POR@NOP,POR,122,NOP,109,231,252.5,+3.5,NOP,POR,122,UNDER,B,-10.46,16.6,124.5,114.0,135.0,21.0,UNDER,135.0,HIT,OVER,114.0,HIT,Rule4_UnderExecution
504,2026-01-02,7:30 PM,NBA,SAC@PHX,SAC,102,PHX,129,231,226.0,+14.5,PHX,SAC,102,UNDER,A,-74.47,0.5,105.8,87.0,124.5,37.6,UNDER,124.5,HIT,OVER,87.0,HIT,Rule2_StructuralOutlier
505,2026-01-02,7:30 PM,NBA,SAS@IND,SAS,123,IND,113,236,243.0,+1.0,SAS,IND,113,UNDER,C,-33.27,27.2,121.0,108.0,134.1,26.1,UNDER,134.1,HIT,OVER,108.0,HIT,Rule4_UnderExecution
506,2026-01-02,7:00 PM,WNBA,ATL@WAS,ATL,76,WAS,81,157,167.0,+8.5,ATL,WAS,81,UNDER,A,-48.52,4.0,79.2,66.2,92.3,26.2,UNDER,92.3,HIT,OVER,66.2,HIT,Rule1_UpsetClause
507,2026-01-02,7:00 PM,WNBA,DAL@CON,DAL,86,CON,83,169,172.0,+6.5,DAL,CON,83,OVER,A,+3.87,7.4,82.8,71.6,93.9,22.3,OVER,71.6,HIT,UNDER,93.9,HIT,Rule1_UpsetClause
508,2026-01-02,7:00 PM,WNBA,SEA@PHO,SEA,67,PHO,90,157,170.5,+4.5,PHX,PHO,90,UNDER,B,+0.00,13.0,83.0,71.5,94.5,23.0,UNDER,94.5,HIT,OVER,71.5,HIT,Rule1_UpsetClause
509,2026-01-03,7:00 PM,NBA,ATL@TOR,ATL,117,TOR,134,251,226.5,+4.0,TOR,ATL,117,OVER,B,+15.70,14.7,111.2,100.2,122.2,22.0,OVER,100.2,HIT,UNDER,122.2,HIT,Rule1_UpsetClause
510,2026-01-03,7:00 PM,NBA,BOS@LAC,BOS,146,LAC,115,261,221.5,+3.5,LAC,BOS,146,UNDER,B,-26.95,16.6,109.0,98.5,119.5,21.0,UNDER,119.5,MISS,OVER,98.5,HIT,Rule4_UnderExecution
511,2026-01-03,7:00 PM,NBA,CHA@CHI,CHA,112,CHI,99,211,244.0,+2.5,CHI,CHA,112,UNDER,C,-45.15,20.7,120.8,106.1,135.4,29.2,UNDER,135.4,HIT,OVER,106.1,HIT,Rule4_UnderExecution
512,2026-01-03,7:00 PM,NBA,HOU@DAL,HOU,104,DAL,110,214,227.0,-9.5,HOU,DAL,110,UNDER,A,-1.52,49.0,108.8,94.7,122.8,28.1,UNDER,122.8,HIT,OVER,94.7,HIT,Rule4_UnderExecution
513,2026-01-03,7:00 PM,NBA,MIN@MIA,MIN,125,MIA,115,240,234.0,+6.5,MIN,MIA,115,OVER,A,+21.78,7.4,113.8,102.6,124.9,22.3,OVER,102.6,HIT,UNDER,124.9,HIT,Rule1_UpsetClause
514,2026-01-03,7:00 PM,NBA,PHI@NYK,PHI,130,NYK,119,249,227.5,+4.0,NYK,PHI,130,OVER,B,+8.23,14.7,111.8,100.8,122.8,22.0,OVER,100.8,HIT,UNDER,122.8,MISS,Rule1_UpsetClause
515,2026-01-03,7:00 PM,NBA,POR@SAS,POR,115,SAS,110,225,237.5,-5.0,POR,SAS,110,UNDER,B,-20.91,45.3,116.2,104.2,128.2,24.0,UNDER,128.2,HIT,OVER,104.2,HIT,Rule4_UnderExecution
516,2026-01-03,7:00 PM,NBA,UTA@GSW,UTA,114,GSW,123,237,249.5,+9.0,GSW,UTA,114,OVER,A,+46.12,3.4,120.2,106.7,133.8,27.1,OVER,106.7,HIT,UNDER,133.8,HIT,Rule1_UpsetClause
517,2026-01-03,7:00 PM,WNBA,MIN@NY,MIN,86,NY,99,185,175.0,+2.5,NY,MIN,86,OVER,C,+52.42,20.7,86.2,71.6,100.9,29.2,OVER,71.6,HIT,UNDER,100.9,HIT,Rule3_OverExecution
518,2026-01-03,7:00 PM,WNBA,CHI@LV,CHI,90,LV,98,188,180.0,+4.5,LV,CHI,90,UNDER,B,-25.90,13.0,87.8,76.2,99.2,23.0,UNDER,99.2,HIT,OVER,76.2,HIT,Rule1_UpsetClause
519,2026-01-04,7:00 PM,NBA,DEN@BKN,DEN,115,BKN,127,242,223.5,+1.5,BKN,DEN,115,OVER,C,+17.09,25.0,111.0,97.4,124.6,27.2,OVER,97.4,HIT,UNDER,124.6,HIT,Rule3_OverExecution
520,2026-01-04,7:00 PM,NBA,DET@CLE,DET,114,CLE,110,224,240.5,+3.5,CLE,DET,114,UNDER,B,-20.48,16.6,118.5,108.0,129.0,21.0,UNDER,129.0,HIT,OVER,108.0,HIT,Rule4_UnderExecution
521,2026-01-04,7:00 PM,NBA,IND@ORL,IND,127,ORL,135,262,234.0,+5.5,ORL,IND,127,UNDER,A,-8.16,9.9,114.2,104.0,124.5,20.4,UNDER,124.5,MISS,OVER,104.0,HIT,Rule1_UpsetClause
522,2026-01-04,7:00 PM,NBA,MEM@LAL,MEM,114,LAL,120,234,241.0,+3.5,LAL,MEM,114,UNDER,B,-3.85,16.6,118.8,108.2,129.2,21.0,UNDER,129.2,HIT,OVER,108.2,HIT,Rule4_UnderExecution
523,2026-01-04,7:00 PM,NBA,MIL@SAC,MIL,115,SAC,98,213,223.0,+5.0,SAC,MIL,115,UNDER,B,-81.48,11.4,109.0,97.0,121.0,24.0,UNDER,121.0,HIT,OVER,97.0,HIT,Rule1_UpsetClause
524,2026-01-04,7:00 PM,NBA,MIN@WAS,MIN,141,WAS,115,256,245.0,+12.0,WAS,MIN,141,OVER,A,+8.99,1.2,116.5,100.1,132.9,32.8,OVER,100.1,HIT,UNDER,132.9,MISS,Rule1_UpsetClause
525,2026-01-04,7:00 PM,NBA,NOP@MIA,NOP,106,MIA,125,231,258.0,+7.0,MIA,NOP,106,UNDER,A,-6.64,6.4,125.5,113.8,137.2,23.3,UNDER,137.2,HIT,OVER,113.8,MISS,Rule1_UpsetClause
526,2026-01-04,7:00 PM,NBA,OKC@PHX,OKC,105,PHX,108,213,227.0,-12.5,OKC,PHX,108,OVER,A,+10.16,49.6,107.2,90.4,124.1,33.8,OVER,90.4,HIT,UNDER,124.1,HIT,Rule2_StructuralOutlier
527,2026-01-04,7:00 PM,WNBA,GS@ATL,GS,88,ATL,83,171,163.0,+4.5,ATL,GS,88,UNDER,B,-20.73,13.0,79.2,67.8,90.8,23.0,UNDER,90.8,HIT,OVER,67.8,HIT,Rule1_UpsetClause
528,2026-01-04,7:00 PM,WNBA,PDX@SEA,PDX,77,SEA,72,149,173.5,+4.5,SEA,PDX,77,UNDER,B,+0.00,13.0,84.5,73.0,96.0,23.0,UNDER,96.0,HIT,OVER,73.0,HIT,Rule1_UpsetClause
529,2026-01-05,7:30 PM,NBA,ATL@TOR,ATL,100,TOR,118,218,237.0,+2.5,TOR,ATL,100,OVER,C,+44.89,20.7,117.2,102.6,131.9,29.2,OVER,102.6,MISS,UNDER,131.9,HIT,Rule3_OverExecution
530,2026-01-05,7:30 PM,NBA,CHA@OKC,CHA,124,OKC,97,221,235.0,+16.0,OKC,CHA,124,UNDER,A,-26.98,0.3,109.5,89.3,129.7,40.4,UNDER,129.7,HIT,OVER,89.3,HIT,Rule2_StructuralOutlier
531,2026-01-05,7:30 PM,NBA,CHI@BOS,CHI,101,BOS,115,216,236.0,+10.5,BOS,CHI,101,OVER,A,+5.48,2.1,112.8,97.8,127.7,29.9,OVER,97.8,HIT,UNDER,127.7,HIT,Rule1_UpsetClause
532,2026-01-05,7:30 PM,NBA,DEN@PHI,DEN,125,PHI,124,249,228.0,+15.0,PHI,DEN,125,OVER,A,+85.18,0.4,106.5,87.2,125.8,38.5,OVER,87.2,HIT,UNDER,125.8,HIT,Rule2_StructuralOutlier
533,2026-01-05,7:30 PM,NBA,GSW@LAC,GSW,102,LAC,103,205,222.5,+4.0,LAC,GSW,102,OVER,B,+11.96,14.7,109.2,98.2,120.2,22.0,OVER,98.2,HIT,UNDER,120.2,HIT,Rule1_UpsetClause
534,2026-01-05,7:30 PM,NBA,NY@DET,NY,90,DET,121,211,233.0,+1.0,NYK,DET,121,UNDER,C,-2.38,27.2,116.0,103.0,129.1,26.1,UNDER,129.1,HIT,OVER,103.0,HIT,Rule4_UnderExecution
535,2026-01-05,7:30 PM,NBA,PHX@HOU,PHX,97,HOU,100,197,222.5,+9.0,HOU,PHX,97,OVER,A,+12.88,3.4,106.8,93.2,120.3,27.1,OVER,93.2,HIT,UNDER,120.3,HIT,Rule1_UpsetClause
536,2026-01-05,7:30 PM,NBA,UTA@POR,UTA,117,POR,137,254,242.0,+5.5,POR,UTA,117,OVER,A,+8.26,9.9,118.2,108.0,128.5,20.4,OVER,108.0,HIT,UNDER,128.5,HIT,Rule1_UpsetClause
537,2026-01-05,7:00 PM,WNBA,DAL@TOR,DAL,89,TOR,76,165,185.5,+6.5,DAL,TOR,76,UNDER,A,-38.47,7.4,89.5,78.3,100.7,22.3,UNDER,100.7,HIT,OVER,78.3,MISS,Rule1_UpsetClause
538,2026-01-05,7:00 PM,WNBA,IND@LV,IND,84,LV,68,152,181.5,+2.5,LV,IND,84,UNDER,C,-2.85,20.7,89.5,74.9,104.1,29.2,UNDER,104.1,HIT,OVER,74.9,HIT,Rule4_UnderExecution
539,2026-01-06,7:30 PM,NBA,CLE@IND,CLE,120,IND,116,236,236.5,+6.5,CLE,IND,116,UNDER,A,-49.43,7.4,115.0,103.8,126.2,22.3,UNDER,126.2,HIT,OVER,103.8,HIT,Rule1_UpsetClause
540,2026-01-06,7:30 PM,NBA,DAL@SAC,DAL,100,SAC,98,198,234.0,+5.0,SAC,DAL,100,UNDER,B,-73.00,11.4,114.5,102.5,126.5,24.0,UNDER,126.5,HIT,OVER,102.5,MISS,Rule1_UpsetClause
541,2026-01-06,7:30 PM,NBA,LAL@NOP,LAL,111,NOP,103,214,246.0,+5.5,LAL,NOP,103,UNDER,A,-18.78,9.9,120.2,110.0,130.5,20.4,UNDER,130.5,HIT,OVER,110.0,MISS,Rule1_UpsetClause
542,2026-01-06,7:30 PM,NBA,MIA@MIN,MIA,94,MIN,122,216,238.0,+5.5,MIN,MIA,94,OVER,A,+31.95,9.9,116.2,106.0,126.5,20.4,OVER,106.0,MISS,UNDER,126.5,HIT,Rule1_UpsetClause
543,2026-01-06,7:30 PM,NBA,ORL@WAS,ORL,112,WAS,120,232,235.5,+7.5,ORL,WAS,120,UNDER,A,-13.54,5.5,114.0,101.9,126.1,24.2,UNDER,126.1,HIT,OVER,101.9,HIT,Rule1_UpsetClause
544,2026-01-06,7:30 PM,NBA,SAS@MEM,SAS,105,MEM,106,211,238.0,+6.0,MEM,SAS,105,UNDER,A,-11.47,8.6,116.0,105.3,126.7,21.4,UNDER,126.7,HIT,OVER,105.3,MISS,Rule1_UpsetClause
545,2026-01-06,7:00 PM,WNBA,GS@WAS,GS,62,WAS,49,111,155.0,+7.5,GS,WAS,49,UNDER,A,-29.91,5.5,73.8,61.6,85.9,24.2,UNDER,85.9,HIT,OVER,61.6,MISS,Rule1_UpsetClause
546,2026-01-06,7:00 PM,WNBA,CON@MIN,CON,90,MIN,89,179,165.5,+11.5,MIN,CON,90,UNDER,A,-1.66,1.5,77.0,61.1,92.9,31.8,UNDER,92.9,HIT,OVER,61.1,HIT,Rule1_UpsetClause
547,2026-01-06,7:00 PM,WNBA,SEA@LA,SEA,82,LA,64,146,177.0,+4.5,SEA,LA,64,UNDER,B,-148.17,13.0,86.2,74.8,97.8,23.0,UNDER,97.8,HIT,OVER,74.8,MISS,Rule1_UpsetClause
548,2026-01-07,7:30 PM,NBA,CHI@DET,CHI,93,DET,108,201,227.0,+8.0,DET,CHI,93,UNDER,A,-58.04,4.7,109.5,96.9,122.1,25.2,UNDER,122.1,HIT,OVER,96.9,MISS,Rule1_UpsetClause
549,2026-01-07,7:30 PM,NBA,DEN@BOS,DEN,114,BOS,110,224,229.5,+9.5,BOS,DEN,114,OVER,A,+79.55,2.9,110.0,96.0,124.0,28.1,OVER,96.0,HIT,UNDER,124.0,HIT,Rule1_UpsetClause
550,2026-01-07,7:30 PM,NBA,LAC@NYK,LAC,111,NYK,123,234,223.0,+5.5,NYK,LAC,111,OVER,A,+10.73,9.9,108.8,98.5,119.0,20.4,OVER,98.5,HIT,UNDER,119.0,HIT,Rule1_UpsetClause
551,2026-01-07,7:30 PM,NBA,LAL@SAS,LAL,91,SAS,107,198,233.5,+8.5,SAS,LAL,91,UNDER,A,-24.79,4.0,112.5,99.4,125.6,26.2,UNDER,125.6,HIT,OVER,99.4,MISS,Rule1_UpsetClause
552,2026-01-07,7:30 PM,NBA,MIL@GSW,MIL,113,GSW,120,233,228.0,+6.5,GSW,MIL,113,UNDER,A,-46.49,7.4,110.8,99.6,121.9,22.3,UNDER,121.9,HIT,OVER,99.6,HIT,Rule1_UpsetClause
553,2026-01-07,7:30 PM,NBA,NOP@ATL,NOP,100,ATL,117,217,247.0,+10.5,ATL,NOP,100,UNDER,A,-54.92,2.1,118.2,103.3,133.2,29.9,UNDER,133.2,HIT,OVER,103.3,MISS,Rule1_UpsetClause
554,2026-01-07,7:30 PM,NBA,ORL@BKN,ORL,104,BKN,103,207,221.0,+2.5,ORL,BKN,103,UNDER,C,-4.34,20.7,109.2,94.6,123.9,29.2,UNDER,123.9,HIT,OVER,94.6,HIT,Rule4_UnderExecution
555,2026-01-07,7:30 PM,NBA,PHX@MEM,PHX,117,MEM,98,215,231.5,+6.0,PHX,MEM,98,UNDER,A,-46.24,8.6,112.8,102.0,123.5,21.4,UNDER,123.5,HIT,OVER,102.0,MISS,Rule1_UpsetClause
556,2026-01-07,7:30 PM,NBA,TOR@CHA,TOR,97,CHA,96,193,229.5,+2.0,TOR,CHA,96,UNDER,C,-33.77,22.8,113.8,99.7,127.8,28.2,UNDER,127.8,HIT,OVER,99.7,MISS,Rule4_UnderExecution
557,2026-01-07,7:30 PM,NBA,UTA@OKC,UTA,125,OKC,129,254,243.5,+19.5,OKC,UTA,125,OVER,A,+11.16,0.1,112.0,88.5,135.5,47.1,OVER,88.5,HIT,UNDER,135.5,HIT,Rule2_StructuralOutlier
558,2026-01-07,7:30 PM,NBA,WAS@PHI,WAS,110,PHI,131,241,234.0,+16.0,PHI,WAS,110,UNDER,A,-5.10,0.3,109.0,88.8,129.2,40.4,UNDER,129.2,HIT,OVER,88.8,HIT,Rule2_StructuralOutlier
559,2026-01-07,7:00 PM,WNBA,DAL@NY,DAL,88,NY,77,165,175.5,+4.5,NY,DAL,88,UNDER,B,-59.03,13.0,85.5,74.0,97.0,23.0,UNDER,97.0,HIT,OVER,74.0,HIT,Rule1_UpsetClause
560,2026-01-07,7:00 PM,WNBA,CHI@PHO,CHI,77,PHO,66,143,172.5,+4.5,PHO,CHI,77,UNDER,B,-56.88,13.0,84.0,72.5,95.5,23.0,UNDER,95.5,HIT,OVER,72.5,HIT,Rule1_UpsetClause
561,2026-01-08,7:30 PM,NBA,CLE@MIN,CLE,122,MIN,131,253,239.5,+2.5,MIN,CLE,122,UNDER,C,-13.58,20.7,118.5,103.9,133.1,29.2,UNDER,133.1,HIT,OVER,103.9,HIT,Rule4_UnderExecution
562,2026-01-08,7:30 PM,NBA,DAL@UTA,DAL,114,UTA,116,230,243.5,+5.0,DAL,UTA,116,OVER,B,+9.47,11.4,119.2,107.2,131.2,24.0,OVER,107.2,HIT,UNDER,131.2,HIT,Rule1_UpsetClause
563,2026-01-08,7:30 PM,NBA,IND@CHA,IND,114,CHA,112,226,233.0,+4.0,CHA,IND,114,UNDER,B,-50.50,14.7,114.5,103.5,125.5,22.0,UNDER,125.5,HIT,OVER,103.5,HIT,Rule1_UpsetClause
564,2026-01-08,7:00 PM,WNBA,GS@TOR,GS,83,TOR,75,158,165.0,+8.5,TOR,GS,83,UNDER,A,-33.49,4.0,78.2,65.2,91.3,26.2,UNDER,91.3,HIT,OVER,65.2,HIT,Rule1_UpsetClause
565,2026-01-08,7:00 PM,WNBA,MIN@CON,MIN,86,CON,80,166,166.5,+7.5,MIN,CON,80,OVER,A,+47.88,5.5,79.5,67.4,91.6,24.2,OVER,67.4,HIT,UNDER,91.6,HIT,Rule1_UpsetClause
566,2026-01-08,7:00 PM,WNBA,IND@LA,IND,92,LA,106,198,183.0,+6.5,IND,LA,106,UNDER,A,-58.79,7.4,88.2,77.1,99.4,22.3,UNDER,99.4,MISS,OVER,77.1,HIT,Rule1_UpsetClause
567,2026-01-09,7:30 PM,NBA,ATL@DEN,ATL,110,DEN,87,197,229.5,+3.0,ATL,DEN,87,OVER,C,+36.92,18.6,113.2,98.1,128.4,30.3,OVER,98.1,MISS,UNDER,128.4,HIT,Rule3_OverExecution
568,2026-01-09,7:30 PM,NBA,HOU@POR,HOU,105,POR,111,216,222.5,+7.0,HOU,POR,111,UNDER,A,-26.93,6.4,107.8,96.1,119.4,23.3,UNDER,119.4,HIT,OVER,96.1,HIT,Rule1_UpsetClause
569,2026-01-09,7:30 PM,NBA,LAC@BKN,LAC,121,BKN,105,226,215.0,+6.0,LAC,BKN,105,UNDER,A,-27.57,8.6,104.5,93.8,115.2,21.4,UNDER,115.2,HIT,OVER,93.8,HIT,Rule1_UpsetClause
570,2026-01-09,7:30 PM,NBA,MIL@LAL,MIL,105,LAL,101,206,228.5,+3.0,LAL,MIL,105,UNDER,C,-38.57,18.6,112.8,97.6,127.9,30.3,UNDER,127.9,HIT,OVER,97.6,HIT,Rule4_UnderExecution
571,2026-01-09,7:30 PM,NBA,NOP@WAS,NOP,128,WAS,107,235,244.0,+3.0,NOP,WAS,107,UNDER,C,-81.02,18.6,120.5,105.3,135.7,30.3,UNDER,135.7,HIT,OVER,105.3,HIT,Rule4_UnderExecution
572,2026-01-09,7:30 PM,NBA,NYK@PHX,NYK,107,PHX,112,219,229.0,+1.0,NYK,PHX,112,OVER,C,+2.89,27.2,114.0,101.0,127.0,26.1,OVER,101.0,HIT,UNDER,127.0,HIT,Rule3_OverExecution
573,2026-01-09,7:30 PM,NBA,OKC@MEM,OKC,117,MEM,116,233,230.0,+6.0,OKC,MEM,116,UNDER,A,-42.67,8.6,112.0,101.3,122.7,21.4,UNDER,122.7,HIT,OVER,101.3,HIT,Rule1_UpsetClause
574,2026-01-09,7:30 PM,NBA,PHI@ORL,PHI,103,ORL,91,194,227.0,+3.5,PHI,ORL,91,OVER,B,+63.07,16.6,111.8,101.2,122.2,21.0,OVER,101.2,MISS,UNDER,122.2,HIT,Rule3_OverExecution
575,2026-01-09,7:30 PM,NBA,SAC@GSW,SAC,103,GSW,137,240,231.5,+15.0,GSW,SAC,103,UNDER,A,-66.37,0.4,108.2,89.0,127.5,38.5,UNDER,127.5,HIT,OVER,89.0,HIT,Rule2_StructuralOutlier
576,2026-01-09,7:30 PM,NBA,TOR@BOS,TOR,117,BOS,125,242,223.5,+9.5,BOS,TOR,117,UNDER,A,-51.09,2.9,107.0,93.0,121.0,28.1,UNDER,121.0,HIT,OVER,93.0,HIT,Rule1_UpsetClause
577,2026-01-09,7:00 PM,WNBA,SEA@ATL,SEA,78,ATL,89,167,170.5,+12.5,ATL,SEA,78,UNDER,A,-89.48,1.0,79.0,62.1,95.9,33.8,UNDER,95.9,HIT,OVER,62.1,HIT,Rule2_StructuralOutlier
578,2026-01-09,7:00 PM,WNBA,IND@PHO,IND,92,PHO,89,181,172.0,+1.5,IND,PHO,89,UNDER,C,-48.66,25.0,85.2,71.7,98.8,27.2,UNDER,98.8,HIT,OVER,71.7,HIT,Rule4_UnderExecution
579,2026-01-09,7:00 PM,WNBA,LV@PDX,LV,88,PDX,80,168,175.5,+9.5,LV,PDX,80,UNDER,A,-88.50,2.9,83.0,69.0,97.0,28.1,UNDER,97.0,HIT,OVER,69.0,HIT,Rule1_UpsetClause
580,2026-01-10,7:00 PM,NBA,LAC@DET,LAC,98,DET,92,190,214.5,+1.5,DET,LAC,98,UNDER,C,-14.60,25.0,106.5,92.9,120.1,27.2,UNDER,120.1,HIT,OVER,92.9,HIT,Rule4_UnderExecution
581,2026-01-10,7:00 PM,NBA,MIA@IND,MIA,99,IND,123,222,237.0,+6.5,IND,MIA,99,UNDER,A,-43.29,7.4,115.2,104.1,126.4,22.3,UNDER,126.4,HIT,OVER,104.1,MISS,Rule1_UpsetClause
582,2026-01-10,7:00 PM,NBA,MIN@CLE,MIN,134,CLE,146,280,240.0,+3.0,CLE,MIN,134,OVER,C,+29.63,18.6,118.5,103.3,133.7,30.3,OVER,103.3,HIT,UNDER,133.7,MISS,Rule3_OverExecution
583,2026-01-10,7:00 PM,NBA,SA@BOS,SA,100,BOS,95,195,230.5,+1.5,SAS,BOS,95,OVER,C,+21.68,25.0,114.5,100.9,128.1,27.1,OVER,100.9,MISS,UNDER,128.1,HIT,Rule3_OverExecution
584,2026-01-10,7:00 PM,NBA,SAS@BOS,SAS,100,BOS,95,195,230.5,+1.5,SAS,BOS,95,UNDER,C,-44.69,25.0,114.5,100.9,128.1,27.1,UNDER,128.1,HIT,OVER,100.9,MISS,Rule4_UnderExecution
585,2026-01-10,7:00 PM,WNBA,DAL@TOR,DAL,108,TOR,95,203,179.5,+8.5,DAL,TOR,95,UNDER,A,-94.74,4.0,85.5,72.4,98.6,26.2,UNDER,98.6,HIT,OVER,72.4,HIT,Rule1_UpsetClause
586,2026-01-10,7:00 PM,WNBA,GS@CON,GS,79,CON,64,143,153.0,+6.5,GS,CON,64,UNDER,A,-20.25,7.4,73.2,62.1,84.4,22.3,UNDER,84.4,HIT,OVER,62.1,HIT,Rule1_UpsetClause
587,2026-01-10,7:00 PM,WNBA,CHI@LA,CHI,87,LA,102,189,177.5,+1.5,LA,CHI,87,UNDER,C,-57.97,25.0,88.0,74.4,101.6,27.2,UNDER,101.6,HIT,OVER,74.4,HIT,Rule4_UnderExecution
588,2026-01-11,7:00 PM,NBA,ATL@GSW,ATL,124,GSW,111,235,237.5,+7.5,GSW,ATL,124,UNDER,A,-18.07,5.5,115.0,102.9,127.1,24.2,UNDER,127.1,HIT,OVER,102.9,HIT,Rule1_UpsetClause
589,2026-01-11,7:00 PM,NBA,BKN@MEM,BKN,98,MEM,103,201,221.5,+7.5,MEM,BKN,98,UNDER,A,-43.34,5.5,107.0,94.9,119.1,24.2,UNDER,119.1,HIT,OVER,94.9,HIT,Rule1_UpsetClause
590,2026-01-11,7:00 PM,NBA,HOU@SAC,HOU,98,SAC,111,209,223.0,+14.0,HOU,SAC,111,UNDER,A,-54.02,0.6,104.5,86.2,122.8,36.6,UNDER,122.8,HIT,OVER,86.2,HIT,Rule2_StructuralOutlier
591,2026-01-11,7:00 PM,NBA,MIA@OKC,MIA,112,OKC,124,236,234.0,+15.0,OKC,MIA,112,UNDER,A,-38.46,0.4,109.5,90.2,128.8,38.5,UNDER,128.8,HIT,OVER,90.2,HIT,Rule2_StructuralOutlier
592,2026-01-11,7:00 PM,NBA,MIL@DEN,MIL,104,DEN,108,212,219.0,+6.0,MIL,DEN,108,OVER,A,+19.20,8.6,106.5,95.8,117.2,21.4,OVER,95.8,HIT,UNDER,117.2,HIT,Rule1_UpsetClause
593,2026-01-11,7:00 PM,NBA,NOP@ORL,NOP,118,ORL,128,246,236.5,+7.5,ORL,NOP,118,UNDER,A,-71.13,5.5,114.5,102.4,126.6,24.2,UNDER,126.6,HIT,OVER,102.4,HIT,Rule1_UpsetClause
594,2026-01-11,7:00 PM,NBA,NYK@POR,NYK,123,POR,114,237,230.5,+5.0,NYK,POR,114,UNDER,B,-19.81,11.4,112.8,100.8,124.8,24.0,UNDER,124.8,HIT,OVER,100.8,HIT,Rule1_UpsetClause
595,2026-01-11,7:00 PM,NBA,PHI@TOR,PHI,115,TOR,116,231,220.0,+1.0,PHI,TOR,116,UNDER,C,-23.96,27.2,109.5,96.5,122.5,26.1,UNDER,122.5,HIT,OVER,96.5,HIT,Rule4_UnderExecution
596,2026-01-11,7:00 PM,NBA,SAS@MIN,SAS,103,MIN,104,207,233.0,+2.5,MIN,SAS,103,UNDER,C,-16.02,20.7,115.2,100.6,129.9,29.2,UNDER,129.9,HIT,OVER,100.6,HIT,Rule4_UnderExecution
597,2026-01-11,7:00 PM,NBA,WAS@PHX,WAS,93,PHX,112,205,230.5,+15.0,PHX,WAS,93,UNDER,A,-86.28,0.4,107.8,88.5,127.0,38.5,UNDER,127.0,HIT,OVER,88.5,HIT,Rule2_StructuralOutlier
598,2026-01-11,7:00 PM,WNBA,NY@MIN,NY,85,MIN,90,175,173.5,+4.5,MIN,NY,85,OVER,B,+4.52,13.0,84.5,73.0,96.0,23.0,OVER,73.0,HIT,UNDER,96.0,HIT,Rule1_UpsetClause
599,2026-01-11,7:00 PM,WNBA,PDX@ATL,PDX,102,ATL,92,194,174.5,+12.5,ATL,PDX,102,UNDER,A,-45.69,1.0,81.0,64.1,97.9,33.8,UNDER,97.9,MISS,OVER,64.1,HIT,Rule2_StructuralOutlier
600,2026-01-11,7:00 PM,WNBA,PHO@LV,PHO,58,LV,106,164,168.5,+8.5,LV,PHO,58,UNDER,A,-72.60,4.0,80.0,66.9,93.1,26.2,UNDER,93.1,HIT,OVER,66.9,MISS,Rule1_UpsetClause
601,2026-01-12,7:30 PM,NBA,BKN@DAL,BKN,105,DAL,113,218,220.0,+3.5,DAL,BKN,105,UNDER,B,-45.55,16.6,108.2,97.8,118.8,21.0,UNDER,118.8,HIT,OVER,97.8,HIT,Rule4_UnderExecution
602,2026-01-12,7:30 PM,NBA,BOS@IND,BOS,96,IND,98,194,227.0,+5.0,BOS,IND,98,UNDER,B,-33.66,11.4,111.0,99.0,123.0,24.0,UNDER,123.0,HIT,OVER,99.0,MISS,Rule1_UpsetClause
603,2026-01-12,7:30 PM,NBA,CHA@LAC,CHA,109,LAC,117,226,222.5,+4.5,LAC,CHA,109,UNDER,B,-52.64,13.0,109.0,97.5,120.5,23.0,UNDER,120.5,HIT,OVER,97.5,HIT,Rule1_UpsetClause
604,2026-01-12,7:30 PM,NBA,LAL@SAC,LAL,112,SAC,124,236,231.5,+9.5,LAL,SAC,124,UNDER,A,-73.20,2.9,111.0,97.0,125.0,28.1,UNDER,125.0,HIT,OVER,97.0,HIT,Rule1_UpsetClause
605,2026-01-12,7:30 PM,NBA,PHI@TOR,PHI,115,TOR,102,217,221.5,+3.0,PHI,TOR,102,UNDER,C,-2.84,18.6,109.2,94.1,124.4,30.3,UNDER,124.4,HIT,OVER,94.1,HIT,Rule4_UnderExecution
606,2026-01-12,7:30 PM,NBA,UTA@CLE,UTA,123,CLE,112,235,249.5,+13.0,CLE,UTA,123,OVER,A,+32.24,0.9,118.2,100.9,135.6,34.7,OVER,100.9,HIT,UNDER,135.6,HIT,Rule2_StructuralOutlier
607,2026-01-12,7:00 PM,WNBA,NY@TOR,NY,91,TOR,93,184,178.5,+7.5,TOR,NY,91,UNDER,A,-2.74,5.5,85.5,73.4,97.6,24.2,UNDER,97.6,HIT,OVER,73.4,HIT,Rule1_UpsetClause
608,2026-01-12,7:00 PM,WNBA,SEA@WAS,SEA,79,WAS,84,163,162.5,+5.5,WSH,WAS,84,UNDER,A,-198.44,9.9,78.5,68.3,88.7,20.4,UNDER,88.7,HIT,OVER,68.3,HIT,Rule1_UpsetClause
609,2026-01-12,7:00 PM,WNBA,CHI@DAL,CHI,91,DAL,96,187,178.0,+9.5,DAL,CHI,91,UNDER,A,-58.34,2.9,84.2,70.2,98.3,28.1,UNDER,98.3,HIT,OVER,70.2,HIT,Rule1_UpsetClause
610,2026-01-12,7:00 PM,WNBA,IND@LV,IND,109,LV,75,184,180.5,+5.5,IND,LV,75,UNDER,A,-79.40,9.9,87.5,77.3,97.7,20.4,UNDER,97.7,HIT,OVER,77.3,MISS,Rule1_UpsetClause
611,2026-01-13,7:30 PM,NBA,ATL@LAL,ATL,116,LAL,141,257,233.5,+1.5,LAL,ATL,116,UNDER,C,-24.03,25.0,116.0,102.4,129.6,27.1,UNDER,129.6,HIT,OVER,102.4,HIT,Rule4_UnderExecution
612,2026-01-13,7:30 PM,NBA,CHI@HOU,CHI,113,HOU,119,232,224.0,+12.0,HOU,CHI,113,UNDER,A,-60.71,1.2,106.0,89.6,122.4,32.8,UNDER,122.4,HIT,OVER,89.6,HIT,Rule1_UpsetClause
613,2026-01-13,7:30 PM,NBA,DEN@NOP,DEN,122,NOP,116,238,235.5,+2.0,DEN,NOP,116,UNDER,C,-16.37,22.8,116.8,102.7,130.8,28.2,UNDER,130.8,HIT,OVER,102.7,HIT,Rule4_UnderExecution
614,2026-01-13,7:30 PM,NBA,MIN@MIL,MIN,139,MIL,106,245,229.5,+1.5,MIL,MIN,139,OVER,C,+36.47,25.0,114.0,100.4,127.6,27.2,OVER,100.4,HIT,UNDER,127.6,MISS,Rule3_OverExecution
615,2026-01-13,7:30 PM,NBA,PHX@MIA,PHX,121,MIA,127,248,232.5,+1.5,MIA,PHX,121,UNDER,C,-52.56,25.0,115.5,101.9,129.1,27.1,UNDER,129.1,HIT,OVER,101.9,HIT,Rule4_UnderExecution
616,2026-01-13,7:30 PM,NBA,POR@GSW,POR,97,GSW,119,216,226.0,+11.0,GSW,POR,97,UNDER,A,-41.57,1.7,107.5,92.0,123.0,30.9,UNDER,123.0,HIT,OVER,92.0,HIT,Rule1_UpsetClause
617,2026-01-13,7:30 PM,NBA,SAS@OKC,SAS,98,OKC,119,217,230.0,+8.5,OKC,SAS,98,UNDER,A,-72.81,4.0,110.8,97.7,123.8,26.2,UNDER,123.8,HIT,OVER,97.7,HIT,Rule1_UpsetClause
618,2026-01-13,7:00 PM,WNBA,LA@ATL,LA,92,ATL,101,193,181.5,+9.5,ATL,LA,92,UNDER,A,-16.86,2.9,86.0,72.0,100.0,28.1,UNDER,100.0,HIT,OVER,72.0,HIT,Rule1_UpsetClause
619,2026-01-13,7:00 PM,WNBA,PHO@MIN,PHO,100,MIN,104,204,170.0,+11.5,MIN,PHO,100,UNDER,A,-17.57,1.5,79.2,63.3,95.2,31.8,UNDER,95.2,MISS,OVER,63.3,HIT,Rule1_UpsetClause
620,2026-01-14,7:30 PM,NBA,BKN@NOP,BKN,113,NOP,116,229,232.5,+1.0,BKN,NOP,116,UNDER,C,-67.85,27.2,115.8,102.7,128.8,26.1,UNDER,128.8,HIT,OVER,102.7,HIT,Rule4_UnderExecution
621,2026-01-14,7:30 PM,NBA,CLE@PHI,CLE,133,PHI,107,240,237.0,+1.0,PHI,CLE,133,OVER,C,+15.95,27.2,118.0,105.0,131.1,26.1,OVER,105.0,HIT,UNDER,131.1,MISS,Rule3_OverExecution
622,2026-01-14,7:30 PM,NBA,TOR@IND,TOR,115,IND,101,216,220.5,+1.5,IND,TOR,115,UNDER,C,-47.25,25.0,109.5,95.9,123.1,27.2,UNDER,123.1,HIT,OVER,95.9,HIT,Rule4_UnderExecution
623,2026-01-14,7:30 PM,NBA,UTA@CHI,UTA,126,CHI,128,254,241.0,+5.0,CHI,UTA,126,UNDER,B,-12.59,11.4,118.0,106.0,130.0,24.0,UNDER,130.0,HIT,OVER,106.0,HIT,Rule1_UpsetClause
624,2026-01-14,7:30 PM,NBA,WAS@LAC,WAS,105,LAC,119,224,227.0,+11.0,LAC,WAS,105,UNDER,A,-73.67,1.7,108.0,92.5,123.5,30.9,UNDER,123.5,HIT,OVER,92.5,HIT,Rule1_UpsetClause
625,2026-01-14,7:00 PM,WNBA,PDX@CON,PDX,87,CON,90,177,167.0,+2.5,CON,PDX,87,OVER,C,+3.20,20.7,82.2,67.6,96.9,29.2,OVER,67.6,HIT,UNDER,96.9,HIT,Rule3_OverExecution
626,2026-01-14,7:00 PM,WNBA,WAS@TOR,WAS,79,TOR,62,141,171.5,+1.5,WSH,TOR,62,UNDER,C,-52.11,25.0,85.0,71.4,98.6,27.2,UNDER,98.6,HIT,OVER,71.4,MISS,Rule4_UnderExecution
627,2026-01-15,7:30 PM,NBA,ATL@POR,ATL,101,POR,117,218,229.5,+4.0,ATL,POR,117,UNDER,B,-19.78,14.7,112.8,101.8,123.8,22.0,UNDER,123.8,HIT,OVER,101.8,HIT,Rule1_UpsetClause
628,2026-01-15,7:30 PM,NBA,BOS@MIA,BOS,119,MIA,114,233,235.5,+3.0,BOS,MIA,114,UNDER,C,-40.13,18.6,116.2,101.1,131.4,30.3,UNDER,131.4,HIT,OVER,101.1,HIT,Rule4_UnderExecution
629,2026-01-15,7:30 PM,NBA,CHA@LAL,CHA,135,LAL,117,252,234.5,+3.5,LAL,CHA,135,UNDER,B,-61.01,16.6,115.5,105.0,126.0,21.0,UNDER,126.0,MISS,OVER,105.0,HIT,Rule4_UnderExecution
630,2026-01-15,7:30 PM,NBA,MEM@ORL,MEM,111,ORL,118,229,228.0,+5.5,ORL,MEM,111,UNDER,A,-45.28,9.9,111.2,101.0,121.5,20.4,UNDER,121.5,HIT,OVER,101.0,HIT,Rule1_UpsetClause
631,2026-01-15,7:30 PM,NBA,MIL@SAS,MIL,101,SAS,119,220,225.5,+7.0,SAS,MIL,101,UNDER,A,-92.66,6.4,109.2,97.6,120.9,23.3,UNDER,120.9,HIT,OVER,97.6,HIT,Rule1_UpsetClause
632,2026-01-15,7:30 PM,NBA,NYK@GSW,NYK,113,GSW,126,239,228.5,+7.5,GSW,NYK,113,OVER,A,+10.81,5.5,110.5,98.4,122.6,24.2,OVER,98.4,HIT,UNDER,122.6,HIT,Rule1_UpsetClause
633,2026-01-15,7:30 PM,NBA,OKC@HOU,OKC,111,HOU,91,202,222.0,+4.5,OKC,HOU,91,UNDER,B,-2.50,13.0,108.8,97.2,120.2,23.0,UNDER,120.2,HIT,OVER,97.2,MISS,Rule1_UpsetClause
634,2026-01-15,7:30 PM,NBA,PHX@DET,PHX,105,DET,108,213,219.0,+7.0,DET,PHX,105,UNDER,A,-57.42,6.4,106.0,94.3,117.7,23.3,UNDER,117.7,HIT,OVER,94.3,HIT,Rule1_UpsetClause
635,2026-01-15,7:30 PM,NBA,UTA@DAL,UTA,122,DAL,144,266,237.0,+2.5,DAL,UTA,122,OVER,C,+31.22,20.7,117.2,102.6,131.9,29.2,OVER,102.6,HIT,UNDER,131.9,HIT,Rule3_OverExecution
636,2026-01-15,7:00 PM,WNBA,SEA@CHI,SEA,90,CHI,95,185,170.0,+1.0,SEA,CHI,95,UNDER,C,-126.51,27.2,84.5,71.5,97.5,26.1,UNDER,97.5,HIT,OVER,71.5,HIT,Rule4_UnderExecution
637,2026-01-15,7:00 PM,WNBA,LA@MIN,LA,87,MIN,96,183,181.5,+10.5,MIN,LA,87,OVER,A,+32.39,2.1,85.5,70.5,100.5,29.9,OVER,70.5,HIT,UNDER,100.5,HIT,Rule1_UpsetClause
638,2026-01-15,7:00 PM,WNBA,GS@IND,GS,88,IND,75,163,166.0,+2.5,IND,GS,88,UNDER,C,-83.03,20.7,81.8,67.1,96.4,29.2,UNDER,96.4,HIT,OVER,67.1,HIT,Rule4_UnderExecution
639,2026-01-16,7:30 PM,NBA,CHI@BKN,CHI,109,BKN,112,221,224.5,+1.0,BKN,CHI,109,UNDER,C,-36.58,27.2,111.8,98.7,124.8,26.1,UNDER,124.8,HIT,OVER,98.7,HIT,Rule4_UnderExecution
640,2026-01-16,7:30 PM,NBA,CLE@PHI,CLE,117,PHI,115,232,233.5,+2.5,PHI,CLE,117,OVER,C,+19.86,20.7,115.5,100.9,130.1,29.2,OVER,100.9,HIT,UNDER,130.1,HIT,Rule3_OverExecution
641,2026-01-16,7:30 PM,NBA,LAC@TOR,LAC,121,TOR,117,238,213.5,+2.5,TOR,LAC,121,UNDER,C,-19.00,20.7,105.5,90.9,120.1,29.2,UNDER,120.1,MISS,OVER,90.9,HIT,Rule4_UnderExecution
642,2026-01-16,7:30 PM,NBA,MIN@HOU,MIN,105,HOU,110,215,221.0,+4.0,HOU,MIN,105,OVER,B,+45.43,14.7,108.5,97.5,119.5,22.0,OVER,97.5,HIT,UNDER,119.5,HIT,Rule1_UpsetClause
643,2026-01-16,7:30 PM,NBA,NOP@IND,NOP,119,IND,127,246,242.0,+5.0,IND,NOP,119,UNDER,B,-70.05,11.4,118.5,106.5,130.5,24.0,UNDER,130.5,HIT,OVER,106.5,HIT,Rule1_UpsetClause
644,2026-01-16,7:30 PM,NBA,WAS@SAC,WAS,115,SAC,128,243,235.0,+7.5,SAC,WAS,115,UNDER,A,-129.61,5.5,113.8,101.6,125.9,24.2,UNDER,125.9,HIT,OVER,101.6,HIT,Rule1_UpsetClause
645,2026-01-16,7:00 PM,WNBA,PDX@WAS,PDX,75,WAS,56,131,163.0,+7.5,WSH,WAS,56,UNDER,A,-42.96,5.5,77.8,65.6,89.9,24.2,UNDER,89.9,HIT,OVER,65.6,MISS,Rule1_UpsetClause
646,2026-01-17,7:00 PM,NBA,BOS@ATL,BOS,132,ATL,106,238,230.5,+3.5,BOS,ATL,106,OVER,B,+7.25,16.6,113.5,103.0,124.0,21.0,OVER,103.0,HIT,UNDER,124.0,HIT,Rule3_OverExecution
647,2026-01-17,7:00 PM,NBA,CHA@GSW,CHA,116,GSW,136,252,237.5,+7.5,GSW,CHA,116,UNDER,A,-27.78,5.5,115.0,102.9,127.1,24.2,UNDER,127.1,HIT,OVER,102.9,HIT,Rule1_UpsetClause
648,2026-01-17,7:00 PM,NBA,IND@DET,IND,78,DET,121,199,225.0,+16.0,DET,IND,78,UNDER,A,-75.39,0.3,104.5,84.3,124.7,40.4,UNDER,124.7,HIT,OVER,84.3,MISS,Rule2_StructuralOutlier
649,2026-01-17,7:00 PM,NBA,LAL@POR,LAL,116,POR,132,248,223.5,+3.5,POR,LAL,116,UNDER,B,-9.09,16.6,110.0,99.5,120.5,21.0,UNDER,120.5,HIT,OVER,99.5,HIT,Rule4_UnderExecution
650,2026-01-17,7:00 PM,NBA,MIN@SAS,MIN,123,SAS,126,249,234.5,+5.0,SAS,MIN,123,OVER,B,+10.79,11.4,114.8,102.8,126.8,24.0,OVER,102.8,HIT,UNDER,126.8,HIT,Rule1_UpsetClause
651,2026-01-17,7:00 PM,NBA,OKC@MIA,OKC,120,MIA,122,242,235.0,+11.5,OKC,MIA,122,UNDER,A,-34.64,1.5,111.8,95.8,127.7,31.8,UNDER,127.7,HIT,OVER,95.8,HIT,Rule1_UpsetClause
652,2026-01-17,7:00 PM,NBA,PHX@NYK,PHX,106,NYK,99,205,224.0,+1.0,NYK,PHX,106,OVER,C,+16.99,27.2,111.5,98.5,124.5,26.1,OVER,98.5,HIT,UNDER,124.5,HIT,Rule3_OverExecution
653,2026-01-17,7:00 PM,NBA,UTA@DAL,UTA,120,DAL,138,258,240.5,+3.0,DAL,UTA,120,OVER,C,+56.21,18.6,118.8,103.6,133.9,30.3,OVER,103.6,HIT,UNDER,133.9,HIT,Rule3_OverExecution
654,2026-01-17,7:00 PM,NBA,WAS@DEN,WAS,115,DEN,121,236,227.0,+10.0,DEN,WAS,115,UNDER,A,-30.76,2.4,108.5,94.0,123.0,29.0,UNDER,123.0,HIT,OVER,94.0,HIT,Rule1_UpsetClause
655,2026-01-17,7:00 PM,WNBA,ATL@TOR,ATL,111,TOR,92,203,181.0,+10.5,ATL,TOR,92,UNDER,A,-36.80,2.1,85.2,70.3,100.2,29.9,UNDER,100.2,HIT,OVER,70.3,HIT,Rule1_UpsetClause
656,2026-01-17,7:00 PM,WNBA,SEA@IND,SEA,107,IND,110,217,178.0,+8.5,IND,SEA,107,UNDER,A,-64.69,4.0,84.8,71.7,97.8,26.2,UNDER,97.8,MISS,OVER,71.7,HIT,Rule1_UpsetClause
657,2026-01-17,7:00 PM,WNBA,LA@CHI,LA,82,CHI,96,178,182.5,+1.5,CHI,LA,82,UNDER,C,-5.16,25.0,90.5,76.9,104.1,27.2,UNDER,104.1,HIT,OVER,76.9,HIT,Rule4_UnderExecution
658,2026-01-17,7:00 PM,WNBA,CON@PHO,CON,96,PHO,83,179,162.5,+4.5,CON,PHO,83,OVER,B,+19.18,13.0,79.0,67.5,90.5,23.0,OVER,67.5,HIT,UNDER,90.5,HIT,Rule1_UpsetClause
659,2026-01-18,7:00 PM,NBA,BKN@CHI,BKN,102,CHI,124,226,223.5,+7.0,CHI,BKN,102,UNDER,A,-42.75,6.4,108.2,96.6,119.9,23.3,UNDER,119.9,HIT,OVER,96.6,HIT,Rule1_UpsetClause
660,2026-01-18,7:00 PM,NBA,CHA@DEN,CHA,110,DEN,87,197,226.0,+2.5,CHA,DEN,87,OVER,C,+11.89,20.7,111.8,97.1,126.4,29.2,OVER,97.1,MISS,UNDER,126.4,HIT,Rule3_OverExecution
661,2026-01-18,7:00 PM,NBA,NOP@HOU,NOP,110,HOU,119,229,232.5,+14.0,HOU,NOP,110,UNDER,A,-34.94,0.6,109.2,91.0,127.5,36.6,UNDER,127.5,HIT,OVER,91.0,HIT,Rule2_StructuralOutlier
662,2026-01-18,7:00 PM,NBA,ORL@MEM,ORL,109,MEM,126,235,229.5,+3.0,ORL,MEM,126,UNDER,C,-51.18,18.6,113.2,98.1,128.4,30.3,UNDER,128.4,HIT,OVER,98.1,HIT,Rule4_UnderExecution
663,2026-01-18,7:00 PM,NBA,POR@SAC,POR,117,SAC,110,227,230.5,+1.0,POR,SAC,110,UNDER,C,-21.83,27.2,114.8,101.7,127.8,26.1,UNDER,127.8,HIT,OVER,101.7,HIT,Rule4_UnderExecution
664,2026-01-18,7:00 PM,NBA,TOR@LAL,TOR,93,LAL,110,203,227.0,+2.5,LAL,TOR,93,UNDER,C,-1.72,20.7,112.2,97.6,126.9,29.2,UNDER,126.9,HIT,OVER,97.6,MISS,Rule4_UnderExecution
665,2026-01-18,7:00 PM,WNBA,NY@IND,NY,88,IND,108,196,185.0,+1.5,IND,NY,88,UNDER,C,-19.85,25.0,91.8,78.2,105.3,27.2,UNDER,105.3,HIT,OVER,78.2,HIT,Rule4_UnderExecution
666,2026-01-18,7:00 PM,WNBA,PDX@MIN,PDX,93,MIN,101,194,174.5,+13.5,MIN,PDX,93,OVER,A,+24.49,0.7,80.5,62.7,98.3,35.7,OVER,62.7,HIT,UNDER,98.3,HIT,Rule2_StructuralOutlier
667,2026-01-18,7:00 PM,WNBA,WAS@GS,WAS,69,GS,74,143,148.5,+8.5,GS,WAS,69,UNDER,A,-79.64,4.0,70.0,56.9,83.1,26.2,UNDER,83.1,HIT,OVER,56.9,HIT,Rule1_UpsetClause
668,2026-01-19,7:30 PM,NBA,BOS@DET,BOS,103,DET,104,207,223.0,+2.5,DET,BOS,103,UNDER,C,-97.12,20.7,110.2,95.6,124.9,29.2,UNDER,124.9,HIT,OVER,95.6,HIT,Rule4_UnderExecution
669,2026-01-19,7:30 PM,NBA,DAL@NYK,DAL,114,NYK,97,211,232.0,+12.5,NYK,DAL,114,OVER,A,+14.09,1.0,109.8,92.9,126.6,33.8,OVER,92.9,HIT,UNDER,126.6,HIT,Rule2_StructuralOutlier
670,2026-01-19,7:30 PM,NBA,IND@PHI,IND,104,PHI,113,217,229.5,+7.0,PHI,IND,104,UNDER,A,-17.39,6.4,111.2,99.6,122.9,23.3,UNDER,122.9,HIT,OVER,99.6,HIT,Rule1_UpsetClause
671,2026-01-19,7:30 PM,NBA,LAC@WAS,LAC,110,WAS,106,216,227.0,+6.5,LAC,WAS,106,UNDER,A,-49.10,7.4,110.2,99.1,121.4,22.3,UNDER,121.4,HIT,OVER,99.1,HIT,Rule1_UpsetClause
672,2026-01-19,7:30 PM,NBA,MIA@GSW,MIA,112,GSW,135,247,239.5,+5.0,GSW,MIA,112,OVER,B,+12.56,11.4,117.2,105.2,129.2,24.0,OVER,105.2,HIT,UNDER,129.2,HIT,Rule1_UpsetClause
673,2026-01-19,7:30 PM,NBA,MIL@ATL,MIL,112,ATL,110,222,232.5,+1.5,ATL,MIL,112,UNDER,C,-30.73,25.0,115.5,101.9,129.1,27.1,UNDER,129.1,HIT,OVER,101.9,HIT,Rule4_UnderExecution
674,2026-01-19,7:30 PM,NBA,OKC@CLE,OKC,136,CLE,104,240,230.0,+6.0,OKC,CLE,104,UNDER,A,-15.67,8.6,112.0,101.3,122.7,21.4,UNDER,122.7,HIT,OVER,101.3,HIT,Rule1_UpsetClause
675,2026-01-19,7:30 PM,NBA,PHX@BKN,PHX,126,BKN,117,243,214.5,+9.5,PHX,BKN,117,UNDER,A,-63.98,2.9,102.5,88.5,116.5,28.1,UNDER,116.5,MISS,OVER,88.5,HIT,Rule1_UpsetClause
676,2026-01-19,7:30 PM,NBA,UTA@SAS,UTA,110,SAS,123,233,237.5,+16.5,SAS,UTA,110,OVER,A,+1.06,0.3,110.5,89.8,131.2,41.4,OVER,89.8,HIT,UNDER,131.2,HIT,Rule2_StructuralOutlier
677,2026-01-19,7:00 PM,WNBA,LA@DAL,LA,82,DAL,90,172,183.5,+7.5,DAL,LA,82,OVER,A,+33.26,5.5,88.0,75.9,100.1,24.2,OVER,75.9,HIT,UNDER,100.1,HIT,Rule1_UpsetClause
678,2026-01-19,7:00 PM,WNBA,CHI@ATL,CHI,91,ATL,93,184,179.0,+8.0,ATL,CHI,91,UNDER,A,-20.43,4.7,85.5,72.9,98.1,25.2,UNDER,98.1,HIT,OVER,72.9,HIT,Rule1_UpsetClause
679,2026-01-19,7:00 PM,WNBA,CON@PHO,CON,63,PHO,72,135,165.5,+4.5,PHX,PHO,72,OVER,B,+44.55,13.0,80.5,69.0,92.0,23.0,OVER,69.0,HIT,UNDER,92.0,HIT,Rule1_UpsetClause
680,2026-01-20,7:30 PM,NBA,LAC@CHI,LAC,110,CHI,138,248,224.0,+2.5,CHI,LAC,110,UNDER,C,-8.84,20.7,110.8,96.1,125.4,29.2,UNDER,125.4,HIT,OVER,96.1,HIT,Rule4_UnderExecution
681,2026-01-20,7:30 PM,NBA,MIN@UTA,MIN,122,UTA,127,249,239.0,+12.5,MIN,UTA,127,OVER,A,+75.99,1.0,113.2,96.4,130.1,33.8,OVER,96.4,HIT,UNDER,130.1,HIT,Rule2_StructuralOutlier
682,2026-01-20,7:30 PM,NBA,PHO@PHI,PHO,116,PHI,110,226,223.5,+2.5,PHX,PHI,110,OVER,C,+9.94,20.7,110.5,95.9,125.1,29.2,OVER,95.9,HIT,UNDER,125.1,HIT,Rule3_OverExecution
683,2026-01-20,7:30 PM,NBA,PHX@PHI,PHX,116,PHI,110,226,223.5,+2.5,PHX,PHI,110,UNDER,C,-13.79,20.7,110.5,95.9,125.1,29.2,UNDER,125.1,HIT,OVER,95.9,HIT,Rule4_UnderExecution
684,2026-01-20,7:30 PM,NBA,SA@HOU,SA,106,HOU,111,217,220.5,+4.5,HOU,SA,106,UNDER,B,-25.91,13.0,108.0,96.5,119.5,23.0,UNDER,119.5,HIT,OVER,96.5,HIT,Rule1_UpsetClause
685,2026-01-20,7:30 PM,NBA,SAS@HOU,SAS,106,HOU,111,217,220.5,+4.5,HOU,SAS,106,UNDER,B,-53.35,13.0,108.0,96.5,119.5,23.0,UNDER,119.5,HIT,OVER,96.5,HIT,Rule1_UpsetClause
686,2026-01-20,7:00 PM,WNBA,NY@DAL,NY,99,DAL,98,197,175.0,+4.5,NY,DAL,98,UNDER,B,-42.32,13.0,85.2,73.8,96.8,23.0,UNDER,96.8,MISS,OVER,73.8,HIT,Rule1_UpsetClause
687,2026-01-20,7:00 PM,WNBA,LV@TOR,LV,109,TOR,83,192,181.5,+10.5,LV,TOR,83,UNDER,A,-73.03,2.1,85.5,70.5,100.5,29.9,UNDER,100.5,HIT,OVER,70.5,HIT,Rule1_UpsetClause
688,2026-01-20,7:00 PM,WNBA,MIN@SEA,MIN,105,SEA,102,207,175.5,+8.5,MIN,SEA,102,OVER,A,+22.29,4.0,83.5,70.4,96.6,26.2,OVER,70.4,HIT,UNDER,96.6,MISS,Rule1_UpsetClause
689,2026-01-20,7:00 PM,WNBA,WAS@GS,WAS,90,GS,82,172,147.0,+8.5,GS,WAS,90,UNDER,A,-122.73,4.0,69.2,56.2,82.3,26.2,UNDER,82.3,MISS,OVER,56.2,HIT,Rule1_UpsetClause
690,2026-01-21,7:30 PM,NBA,ATL@MEM,ATL,124,MEM,122,246,239.5,+1.5,MEM,ATL,124,UNDER,C,-1.13,25.0,119.0,105.4,132.6,27.1,UNDER,132.6,HIT,OVER,105.4,HIT,Rule4_UnderExecution
691,2026-01-21,7:30 PM,NBA,BKN@NYK,BKN,66,NYK,120,186,220.0,+12.5,NYK,BKN,66,UNDER,A,-19.82,1.0,103.8,86.9,120.6,33.8,UNDER,120.6,HIT,OVER,86.9,MISS,Rule2_StructuralOutlier
692,2026-01-21,7:30 PM,NBA,CLE@CHA,CLE,94,CHA,87,181,238.0,+3.5,CLE,CHA,87,UNDER,B,-5.34,16.6,117.2,106.8,127.8,21.0,UNDER,127.8,HIT,OVER,106.8,MISS,Rule4_UnderExecution
693,2026-01-21,7:30 PM,NBA,DET@NOP,DET,112,NOP,104,216,232.5,+7.5,DET,NOP,104,UNDER,A,-61.16,5.5,112.5,100.4,124.6,24.2,UNDER,124.6,HIT,OVER,100.4,HIT,Rule1_UpsetClause
694,2026-01-21,7:30 PM,NBA,IND@BOS,IND,104,BOS,119,223,225.0,+10.0,BOS,IND,104,UNDER,A,-45.08,2.4,107.5,93.0,122.0,29.0,UNDER,122.0,HIT,OVER,93.0,HIT,Rule1_UpsetClause
695,2026-01-21,7:30 PM,NBA,OKC@MIL,OKC,122,MIL,102,224,224.5,+12.5,OKC,MIL,102,UNDER,A,-66.05,1.0,106.0,89.1,122.9,33.8,UNDER,122.9,HIT,OVER,89.1,HIT,Rule2_StructuralOutlier
696,2026-01-21,7:30 PM,NBA,TOR@SAC,TOR,122,SAC,109,231,226.5,+5.0,TOR,SAC,109,UNDER,B,-21.87,11.4,110.8,98.8,122.8,24.0,UNDER,122.8,HIT,OVER,98.8,HIT,Rule1_UpsetClause
697,2026-01-22,7:30 PM,NBA,CHA@ORL,CHA,124,ORL,97,221,224.5,+4.0,ORL,CHA,124,UNDER,B,-49.90,14.7,110.2,99.2,121.2,22.0,UNDER,121.2,MISS,OVER,99.2,HIT,Rule1_UpsetClause
698,2026-01-22,7:30 PM,NBA,CHI@MIN,CHI,120,MIN,115,235,240.0,+9.0,MIN,CHI,120,OVER,A,+32.20,3.4,115.5,102.0,129.1,27.1,OVER,102.0,HIT,UNDER,129.1,HIT,Rule1_UpsetClause
699,2026-01-22,7:30 PM,NBA,DEN@WAS,DEN,107,WAS,97,204,227.5,+6.0,DEN,WAS,97,UNDER,A,-27.76,8.6,110.8,100.0,121.5,21.4,UNDER,121.5,HIT,OVER,100.0,MISS,Rule1_UpsetClause
700,2026-01-22,7:30 PM,NBA,GSW@DAL,GSW,115,DAL,123,238,234.5,+6.5,GSW,DAL,123,OVER,A,+19.71,7.4,114.0,102.8,125.2,22.3,OVER,102.8,HIT,UNDER,125.2,HIT,Rule1_UpsetClause
701,2026-01-22,7:30 PM,NBA,HOU@PHI,HOU,122,PHI,128,250,221.0,+2.0,HOU,PHI,128,UNDER,C,-19.60,22.8,109.5,95.4,123.6,28.2,UNDER,123.6,MISS,OVER,95.4,HIT,Rule4_UnderExecution
702,2026-01-22,7:30 PM,NBA,LAL@LAC,LAL,104,LAC,112,216,224.5,+2.5,LAC,LAL,104,OVER,C,+16.05,20.7,111.0,96.4,125.6,29.2,OVER,96.4,HIT,UNDER,125.6,HIT,Rule3_OverExecution
703,2026-01-22,7:30 PM,NBA,MIA@POR,MIA,110,POR,127,237,235.0,+3.0,POR,MIA,110,OVER,C,+21.86,18.6,116.0,100.8,131.2,30.3,OVER,100.8,HIT,UNDER,131.2,HIT,Rule3_OverExecution
704,2026-01-22,7:30 PM,NBA,SAS@UTA,SAS,126,UTA,109,235,239.5,+12.0,SAS,UTA,109,OVER,A,+25.33,1.2,113.8,97.3,130.2,32.8,OVER,97.3,HIT,UNDER,130.2,HIT,Rule1_UpsetClause
705,2026-01-22,7:00 PM,WNBA,PHO@LA,PHO,86,LA,82,168,176.0,+1.5,PHX,LA,82,UNDER,C,-6.32,25.0,87.2,73.7,100.8,27.2,UNDER,100.8,HIT,OVER,73.7,HIT,Rule4_UnderExecution
706,2026-01-22,7:00 PM,WNBA,MIN@SEA,MIN,86,SEA,76,162,178.5,+10.5,MIN,SEA,76,OVER,A,+125.44,2.1,84.0,69.0,99.0,29.9,OVER,69.0,HIT,UNDER,99.0,HIT,Rule1_UpsetClause
707,2026-01-22,7:00 PM,WNBA,CHI@NY,CHI,94,NY,95,189,178.0,+7.5,NY,CHI,94,UNDER,A,-4.41,5.5,85.2,73.1,97.4,24.2,UNDER,97.4,HIT,OVER,73.1,HIT,Rule1_UpsetClause
708,2026-01-22,7:00 PM,WNBA,LV@WAS,LV,99,WAS,100,199,164.5,+5.5,LV,WAS,100,UNDER,A,-55.08,9.9,79.5,69.3,89.7,20.4,UNDER,89.7,MISS,OVER,69.3,HIT,Rule1_UpsetClause
709,2026-01-23,7:30 PM,NBA,BOS@BKN,BOS,130,BKN,126,256,215.0,+8.0,BOS,BKN,126,UNDER,A,-41.68,4.7,103.5,90.9,116.1,25.2,UNDER,116.1,MISS,OVER,90.9,HIT,Rule1_UpsetClause
710,2026-01-23,7:30 PM,NBA,HOU@DET,HOU,111,DET,104,215,217.0,+4.0,DET,HOU,111,UNDER,B,-27.50,14.7,106.5,95.5,117.5,22.0,UNDER,117.5,HIT,OVER,95.5,HIT,Rule1_UpsetClause
711,2026-01-23,7:30 PM,NBA,IND@OKC,IND,117,OKC,114,231,226.5,+15.5,OKC,IND,117,UNDER,A,-50.68,0.4,105.5,85.8,125.2,39.4,UNDER,125.2,HIT,OVER,85.8,HIT,Rule2_StructuralOutlier
712,2026-01-23,7:30 PM,NBA,NOP@MEM,NOP,133,MEM,127,260,240.0,+5.0,MEM,NOP,133,UNDER,B,-42.23,11.4,117.5,105.5,129.5,24.0,UNDER,129.5,MISS,OVER,105.5,HIT,Rule1_UpsetClause
713,2026-01-23,7:30 PM,NBA,PHX@ATL,PHX,103,ATL,110,213,234.0,+2.5,PHX,ATL,110,OVER,C,+19.29,20.7,115.8,101.1,130.4,29.2,OVER,101.1,HIT,UNDER,130.4,HIT,Rule3_OverExecution
714,2026-01-23,7:30 PM,NBA,SAC@CLE,SAC,118,CLE,123,241,233.0,+13.0,CLE,SAC,118,UNDER,A,-65.02,0.9,110.0,92.7,127.3,34.7,UNDER,127.3,HIT,OVER,92.7,HIT,Rule2_StructuralOutlier
715,2026-01-23,7:00 PM,WNBA,CON@WAS,CON,84,WAS,92,176,161.0,+6.5,WSH,WAS,92,UNDER,A,-27.31,7.4,77.2,66.1,88.4,22.3,UNDER,88.4,MISS,OVER,66.1,HIT,Rule1_UpsetClause
716,2026-01-23,7:00 PM,WNBA,TOR@MIN,TOR,93,MIN,100,193,187.0,+17.5,MIN,TOR,93,OVER,A,+4.23,0.2,84.8,63.1,106.4,43.2,OVER,63.1,HIT,UNDER,106.4,HIT,Rule2_StructuralOutlier
717,2026-01-23,7:00 PM,WNBA,IND@SEA,IND,105,SEA,95,200,186.5,+9.5,IND,SEA,95,OVER,A,+54.32,2.9,88.5,74.5,102.5,28.1,OVER,74.5,HIT,UNDER,102.5,HIT,Rule1_UpsetClause
718,2026-01-23,7:00 PM,WNBA,NY@LA,NY,113,LA,109,222,182.5,+4.5,NY,LA,109,UNDER,B,-11.86,13.0,89.0,77.5,100.5,23.0,UNDER,100.5,MISS,OVER,77.5,HIT,Rule1_UpsetClause
719,2026-01-24,7:00 PM,NBA,BOS@CHI,BOS,111,CHI,114,225,232.0,+3.0,BOS,CHI,114,OVER,C,+22.09,18.6,114.5,99.3,129.7,30.3,OVER,99.3,HIT,UNDER,129.7,HIT,Rule3_OverExecution
720,2026-01-24,7:00 PM,NBA,CLE@ORL,CLE,119,ORL,105,224,226.0,+1.0,ORL,CLE,119,UNDER,C,-23.73,27.2,112.5,99.5,125.5,26.1,UNDER,125.5,HIT,OVER,99.5,HIT,Rule4_UnderExecution
721,2026-01-24,7:00 PM,NBA,LAL@DAL,LAL,116,DAL,110,226,234.0,+4.0,DAL,LAL,116,OVER,B,+21.15,14.7,115.0,104.0,126.0,22.0,OVER,104.0,HIT,UNDER,126.0,HIT,Rule1_UpsetClause
722,2026-01-24,7:00 PM,NBA,MIA@UTA,MIA,147,UTA,116,263,244.5,+6.5,UTA,MIA,147,OVER,A,+51.83,7.4,119.0,107.8,130.2,22.4,OVER,107.8,HIT,UNDER,130.2,MISS,Rule1_UpsetClause
723,2026-01-24,7:00 PM,NBA,NYK@PHI,NYK,112,PHI,109,221,228.0,+1.0,NYK,PHI,109,OVER,C,+3.64,27.2,113.5,100.5,126.5,26.1,OVER,100.5,HIT,UNDER,126.5,HIT,Rule3_OverExecution
724,2026-01-24,7:00 PM,NBA,WAS@CHA,WAS,115,CHA,119,234,232.5,+11.5,CHA,WAS,115,UNDER,A,-32.35,1.5,110.5,94.6,126.4,31.8,UNDER,126.4,HIT,OVER,94.6,HIT,Rule1_UpsetClause
725,2026-01-25,7:00 PM,NBA,BKN@LAC,BKN,89,LAC,126,215,211.5,+10.5,LAC,BKN,89,UNDER,A,-8.21,2.1,100.5,85.5,115.5,29.9,UNDER,115.5,HIT,OVER,85.5,HIT,Rule1_UpsetClause
726,2026-01-25,7:00 PM,NBA,GSW@MIN,GSW,111,MIN,85,196,236.5,+6.0,GSW,MIN,85,OVER,A,+84.71,8.6,115.2,104.5,126.0,21.4,OVER,104.5,MISS,UNDER,126.0,HIT,Rule1_UpsetClause
727,2026-01-25,7:00 PM,NBA,MIA@PHX,MIA,111,PHX,102,213,226.0,+4.5,MIA,PHX,102,UNDER,B,-3.81,13.0,110.8,99.2,122.2,23.0,UNDER,122.2,HIT,OVER,99.2,HIT,Rule1_UpsetClause
728,2026-01-25,7:00 PM,NBA,NOP@SAS,NOP,104,SAS,95,199,239.5,+11.5,NOP,SAS,95,UNDER,A,-43.67,1.5,114.0,98.1,129.9,31.9,UNDER,129.9,HIT,OVER,98.1,MISS,Rule1_UpsetClause
729,2026-01-25,7:00 PM,NBA,SAC@DET,SAC,116,DET,139,255,227.0,+13.0,DET,SAC,116,UNDER,A,-68.29,0.9,107.0,89.7,124.3,34.7,UNDER,124.3,HIT,OVER,89.7,HIT,Rule2_StructuralOutlier
730,2026-01-25,7:00 PM,NBA,TOR@OKC,TOR,103,OKC,101,204,225.5,+11.0,TOR,OKC,101,OVER,A,+86.97,1.7,107.2,91.8,122.7,30.9,OVER,91.8,HIT,UNDER,122.7,HIT,Rule1_UpsetClause
731,2026-01-26,7:30 PM,NBA,GSW@MIN,GSW,83,MIN,108,191,226.5,+8.0,MIN,GSW,83,UNDER,A,-7.38,4.7,109.2,96.7,121.8,25.2,UNDER,121.8,HIT,OVER,96.7,MISS,Rule1_UpsetClause
732,2026-01-26,7:30 PM,NBA,IND@ATL,IND,116,ATL,132,248,234.0,+5.5,ATL,IND,116,UNDER,A,-28.65,9.9,114.2,104.0,124.5,20.4,UNDER,124.5,HIT,OVER,104.0,HIT,Rule1_UpsetClause
733,2026-01-26,7:30 PM,NBA,LAL@CHI,LAL,129,CHI,118,247,236.0,+1.5,CHI,LAL,129,UNDER,C,-11.19,25.0,117.2,103.7,130.8,27.1,UNDER,130.8,HIT,OVER,103.7,HIT,Rule4_UnderExecution
734,2026-01-26,7:30 PM,NBA,MEM@HOU,MEM,99,HOU,108,207,225.5,+11.0,HOU,MEM,99,UNDER,A,-11.01,1.7,107.2,91.8,122.7,30.9,UNDER,122.7,HIT,OVER,91.8,HIT,Rule1_UpsetClause
735,2026-01-26,7:30 PM,NBA,ORL@CLE,ORL,98,CLE,114,212,222.5,+5.0,CLE,ORL,98,UNDER,B,-23.73,11.4,108.8,96.8,120.8,24.0,UNDER,120.8,HIT,OVER,96.8,HIT,Rule1_UpsetClause
736,2026-01-26,7:30 PM,NBA,PHI@CHA,PHI,93,CHA,130,223,229.5,+2.0,CHA,PHI,93,UNDER,C,-25.49,22.8,113.8,99.7,127.8,28.2,UNDER,127.8,HIT,OVER,99.7,MISS,Rule4_UnderExecution
737,2026-01-26,7:30 PM,NBA,POR@BOS,POR,94,BOS,102,196,223.0,+8.5,BOS,POR,94,UNDER,A,-6.73,4.0,107.2,94.2,120.3,26.2,UNDER,120.3,HIT,OVER,94.2,MISS,Rule1_UpsetClause
738,2026-01-27,7:30 PM,NBA,BKN@PHX,BKN,102,PHX,106,208,210.5,+8.0,PHX,BKN,102,UNDER,A,-34.09,4.7,101.2,88.7,113.8,25.2,UNDER,113.8,HIT,OVER,88.7,HIT,Rule1_UpsetClause
739,2026-01-27,7:30 PM,NBA,DET@DEN,DET,109,DEN,107,216,216.0,+7.5,DEN,DET,109,UNDER,A,-6.57,5.5,104.2,92.1,116.4,24.2,UNDER,116.4,HIT,OVER,92.1,HIT,Rule1_UpsetClause
740,2026-01-27,7:30 PM,NBA,LAC@UTA,LAC,115,UTA,103,218,234.5,+8.5,UTA,LAC,115,OVER,A,+52.69,4.0,113.0,99.9,126.1,26.2,OVER,99.9,HIT,UNDER,126.1,HIT,Rule1_UpsetClause
741,2026-01-27,7:30 PM,NBA,MIL@PHI,MIL,122,PHI,139,261,219.5,+10.0,PHI,MIL,122,UNDER,A,-28.01,2.4,104.8,90.2,119.2,29.0,UNDER,119.2,MISS,OVER,90.2,HIT,Rule1_UpsetClause
742,2026-01-27,7:30 PM,NBA,NOP@OKC,NOP,95,OKC,104,199,233.0,+14.5,OKC,NOP,95,UNDER,A,-57.70,0.5,109.2,90.5,128.0,37.6,UNDER,128.0,HIT,OVER,90.5,HIT,Rule2_StructuralOutlier
743,2026-01-27,7:30 PM,NBA,POR@WAS,POR,111,WAS,115,226,232.5,+7.0,POR,WAS,115,OVER,A,+9.63,6.4,112.8,101.1,124.4,23.3,OVER,101.1,HIT,UNDER,124.4,HIT,Rule1_UpsetClause
744,2026-01-27,7:30 PM,NBA,SAC@NYK,SAC,87,NYK,103,190,225.0,+14.5,NYK,SAC,87,UNDER,A,-28.82,0.5,105.2,86.5,124.0,37.6,UNDER,124.0,HIT,OVER,86.5,HIT,Rule2_StructuralOutlier
745,2026-01-28,7:30 PM,NBA,ATL@BOS,ATL,117,BOS,106,223,232.0,+5.5,BOS,ATL,117,OVER,A,+3.72,9.9,113.2,103.0,123.5,20.4,OVER,103.0,HIT,UNDER,123.5,HIT,Rule1_UpsetClause
746,2026-01-28,7:30 PM,NBA,CHA@MEM,CHA,112,MEM,97,209,231.0,+2.0,MEM,CHA,112,UNDER,C,-60.70,22.8,114.5,100.4,128.6,28.2,UNDER,128.6,HIT,OVER,100.4,HIT,Rule4_UnderExecution
747,2026-01-28,7:30 PM,NBA,CHI@IND,CHI,110,IND,113,223,236.0,+2.0,CHI,IND,113,UNDER,C,-10.77,22.8,117.0,102.9,131.1,28.2,UNDER,131.1,HIT,OVER,102.9,HIT,Rule4_UnderExecution
748,2026-01-28,7:30 PM,NBA,GSW@UTA,GSW,140,UTA,124,264,242.0,+9.0,UTA,GSW,140,UNDER,A,-19.06,3.4,116.5,103.0,130.1,27.1,UNDER,130.1,MISS,OVER,103.0,HIT,Rule1_UpsetClause
749,2026-01-28,7:30 PM,NBA,LAL@CLE,LAL,99,CLE,129,228,233.5,+4.0,CLE,LAL,99,UNDER,B,-35.23,14.7,114.8,103.8,125.8,22.0,UNDER,125.8,HIT,OVER,103.8,MISS,Rule1_UpsetClause
750,2026-01-28,7:30 PM,NBA,MIN@DAL,MIN,118,DAL,105,223,229.0,+8.5,DAL,MIN,118,OVER,A,+18.81,4.0,110.2,97.2,123.3,26.2,OVER,97.2,HIT,UNDER,123.3,HIT,Rule1_UpsetClause
751,2026-01-28,7:30 PM,NBA,NYK@TOR,NYK,119,TOR,92,211,220.5,+2.0,TOR,NYK,119,UNDER,C,-23.35,22.8,109.2,95.2,123.3,28.2,UNDER,123.3,HIT,OVER,95.2,HIT,Rule4_UnderExecution
752,2026-01-28,7:30 PM,NBA,ORL@MIA,ORL,133,MIA,124,257,232.5,+3.0,MIA,ORL,133,UNDER,C,-4.69,18.6,114.8,99.6,129.9,30.3,UNDER,129.9,MISS,OVER,99.6,HIT,Rule4_UnderExecution
753,2026-01-28,7:30 PM,NBA,SAS@HOU,SAS,111,HOU,99,210,220.0,+3.0,HOU,SAS,111,UNDER,C,-66.06,18.6,108.5,93.3,123.7,30.3,UNDER,123.7,HIT,OVER,93.3,HIT,Rule4_UnderExecution
754,2026-01-29,7:30 PM,NBA,BKN@DEN,BKN,103,DEN,107,210,209.0,+6.0,DEN,BKN,103,OVER,A,+2.71,8.6,101.5,90.8,112.2,21.4,OVER,90.8,HIT,UNDER,112.2,HIT,Rule1_UpsetClause
755,2026-01-29,7:30 PM,NBA,CHA@DAL,CHA,123,DAL,121,244,225.5,+3.0,DAL,CHA,123,UNDER,C,-46.83,18.6,111.2,96.1,126.4,30.3,UNDER,126.4,HIT,OVER,96.1,HIT,Rule4_UnderExecution
756,2026-01-29,7:30 PM,NBA,DET@PHX,DET,96,PHX,114,210,214.5,+3.0,PHX,DET,96,UNDER,C,-27.93,18.6,105.8,90.6,120.9,30.3,UNDER,120.9,HIT,OVER,90.6,HIT,Rule4_UnderExecution
757,2026-01-29,7:30 PM,NBA,HOU@ATL,HOU,104,ATL,86,190,225.0,+6.5,HOU,ATL,86,UNDER,A,-11.08,7.4,109.2,98.1,120.4,22.3,UNDER,120.4,HIT,OVER,98.1,MISS,Rule1_UpsetClause
758,2026-01-29,7:30 PM,NBA,MIA@CHI,MIA,116,CHI,113,229,238.0,+2.0,MIA,CHI,113,OVER,C,+15.19,22.8,118.0,103.9,132.1,28.2,OVER,103.9,HIT,UNDER,132.1,HIT,Rule3_OverExecution
759,2026-01-29,7:30 PM,NBA,MIL@WAS,MIL,99,WAS,109,208,223.5,+2.0,MIL,WAS,109,UNDER,C,-7.01,22.8,110.8,96.7,124.8,28.2,UNDER,124.8,HIT,OVER,96.7,HIT,Rule4_UnderExecution
760,2026-01-29,7:30 PM,NBA,OKC@MIN,OKC,111,MIN,123,234,228.0,+5.5,MIN,OKC,111,OVER,A,+13.70,9.9,111.2,101.0,121.5,20.4,OVER,101.0,HIT,UNDER,121.5,HIT,Rule1_UpsetClause
761,2026-01-29,7:30 PM,NBA,SAC@PHI,SAC,111,PHI,113,224,229.0,+10.0,PHI,SAC,111,OVER,A,+0.27,2.4,109.5,95.0,124.0,29.0,OVER,95.0,HIT,UNDER,124.0,HIT,Rule1_UpsetClause
762,2026-01-30,7:30 PM,NBA,BKN@UTA,BKN,109,UTA,99,208,226.0,+4.0,UTA,BKN,109,OVER,B,+4.99,14.7,111.0,100.0,122.0,22.0,OVER,100.0,HIT,UNDER,122.0,HIT,Rule1_UpsetClause
763,2026-01-30,7:30 PM,NBA,CLE@PHX,CLE,113,PHX,126,239,222.0,+1.5,PHX,CLE,113,UNDER,C,-52.69,25.0,110.2,96.7,123.8,27.2,UNDER,123.8,HIT,OVER,96.7,HIT,Rule4_UnderExecution
764,2026-01-30,7:30 PM,NBA,DET@GSW,DET,131,GSW,124,255,226.5,+2.5,GSW,DET,131,UNDER,C,-19.91,20.7,112.0,97.4,126.6,29.2,UNDER,126.6,MISS,OVER,97.4,HIT,Rule4_UnderExecution
765,2026-01-30,7:30 PM,NBA,LAC@DEN,LAC,109,DEN,122,231,219.0,+2.5,DEN,LAC,109,OVER,C,+19.17,20.7,108.2,93.6,122.9,29.2,OVER,93.6,HIT,UNDER,122.9,HIT,Rule3_OverExecution
766,2026-01-30,7:30 PM,NBA,LAL@WAS,LAL,142,WAS,111,253,230.0,+10.5,LAL,WAS,111,UNDER,A,-19.37,2.1,109.8,94.8,124.7,29.9,UNDER,124.7,HIT,OVER,94.8,HIT,Rule1_UpsetClause
767,2026-01-30,7:30 PM,NBA,MEM@NOP,MEM,106,NOP,114,220,231.0,+3.5,NOP,MEM,106,UNDER,B,-58.73,16.6,113.8,103.2,124.2,21.0,UNDER,124.2,HIT,OVER,103.2,HIT,Rule4_UnderExecution
768,2026-01-30,7:30 PM,NBA,POR@NYK,POR,97,NYK,127,224,224.0,+6.5,NYK,POR,97,UNDER,A,-75.80,7.4,108.8,97.6,119.9,22.3,UNDER,119.9,HIT,OVER,97.6,MISS,Rule1_UpsetClause
769,2026-01-30,7:30 PM,NBA,SAC@BOS,SAC,93,BOS,112,205,216.5,+12.0,BOS,SAC,93,UNDER,A,-35.30,1.2,102.2,85.8,118.7,32.8,UNDER,118.7,HIT,OVER,85.8,HIT,Rule1_UpsetClause
770,2026-01-30,7:30 PM,NBA,TOR@ORL,TOR,120,ORL,130,250,222.0,+2.5,ORL,TOR,120,UNDER,C,-37.28,20.7,109.8,95.1,124.4,29.2,UNDER,124.4,HIT,OVER,95.1,HIT,Rule4_UnderExecution
771,2026-01-31,7:00 PM,NBA,ATL@IND,ATL,124,IND,129,253,235.0,+1.5,ATL,IND,129,UNDER,C,-43.42,25.0,116.8,103.2,130.3,27.1,UNDER,130.3,HIT,OVER,103.2,HIT,Rule4_UnderExecution
772,2026-01-31,7:00 PM,NBA,CHI@MIA,CHI,125,MIA,118,243,232.5,-6.0,CHI,MIA,118,OVER,A,+4.40,46.6,113.2,102.5,124.0,21.4,OVER,102.5,HIT,UNDER,124.0,HIT,Rule3_OverExecution
773,2026-01-31,7:00 PM,NBA,DAL@HOU,DAL,107,HOU,111,218,222.5,-10.5,DAL,HOU,111,OVER,A,+13.58,49.3,106.0,91.0,121.0,29.9,OVER,91.0,HIT,UNDER,121.0,HIT,Rule3_OverExecution
774,2026-01-31,7:00 PM,NBA,MIN@MEM,MIN,131,MEM,114,245,229.5,+11.0,MIN,MEM,114,UNDER,A,-40.04,1.7,109.2,93.8,124.7,30.9,UNDER,124.7,HIT,OVER,93.8,HIT,Rule1_UpsetClause
775,2026-01-31,7:00 PM,NBA,NOP@PHI,NOP,114,PHI,124,238,235.0,+6.5,PHI,NOP,114,UNDER,A,-29.10,7.4,114.2,103.1,125.4,22.3,UNDER,125.4,HIT,OVER,103.1,HIT,Rule1_UpsetClause
776,2026-01-31,7:00 PM,NBA,SAS@CHA,SAS,106,CHA,111,217,218.5,+4.0,CHA,SAS,106,UNDER,B,-62.76,14.7,107.2,96.2,118.2,22.0,UNDER,118.2,HIT,OVER,96.2,HIT,Rule1_UpsetClause
777,2026-01-31,7:00 PM,WNBA,SEA@ATL,SEA,89,ATL,98,187,180.0,+12.5,ATL,SEA,89,OVER,A,+49.14,1.0,83.8,66.9,100.6,33.8,OVER,66.9,HIT,UNDER,100.6,HIT,Rule2_StructuralOutlier
778,2026-01-31,7:00 PM,WNBA,DAL@WAS,DAL,75,WAS,81,156,166.5,+3.5,WSH,WAS,81,UNDER,B,-2.50,16.6,81.5,71.0,92.0,21.0,UNDER,92.0,HIT,OVER,71.0,HIT,Rule4_UnderExecution
779,2026-01-31,7:00 PM,WNBA,IND@PDX,IND,112,PDX,98,210,189.0,+7.5,IND,PDX,98,OVER,A,+33.45,5.5,90.8,78.6,102.9,24.2,OVER,78.6,HIT,UNDER,102.9,HIT,Rule1_UpsetClause
780,2026-02-01,7:00 PM,NBA,BK@DET,BK,77,DET,130,207,214.0,+14.0,DET,BK,77,UNDER,A,-7.89,0.6,100.0,81.7,118.3,36.6,UNDER,118.3,HIT,OVER,81.7,MISS,Rule2_StructuralOutlier
781,2026-02-01,7:00 PM,NBA,BKN@DET,BKN,77,DET,130,207,214.0,+14.0,DET,BKN,77,UNDER,A,-13.21,0.6,100.0,81.7,118.3,36.6,UNDER,118.3,HIT,OVER,81.7,MISS,Rule2_StructuralOutlier
782,2026-02-01,7:00 PM,NBA,CHI@MIA,CHI,91,MIA,134,225,233.5,+5.5,MIA,CHI,91,UNDER,A,-1.15,9.9,114.0,103.8,124.2,20.4,UNDER,124.2,HIT,OVER,103.8,MISS,Rule1_UpsetClause
783,2026-02-01,7:00 PM,NBA,LAL@NYK,LAL,100,NYK,112,212,227.5,+6.0,NYK,LAL,100,UNDER,A,-40.67,8.6,110.8,100.0,121.5,21.4,UNDER,121.5,HIT,OVER,100.0,MISS,Rule1_UpsetClause
784,2026-02-01,7:00 PM,NBA,MIL@BOS,MIL,79,BOS,107,186,217.5,+13.0,BOS,MIL,79,UNDER,A,-43.65,0.9,102.2,84.9,119.6,34.7,UNDER,119.6,HIT,OVER,84.9,MISS,Rule2_StructuralOutlier
785,2026-02-01,7:00 PM,NBA,SAC@WAS,SAC,112,WAS,116,228,227.0,+1.5,SAC,WAS,116,UNDER,C,-66.08,25.0,112.8,99.2,126.3,27.2,UNDER,126.3,HIT,OVER,99.2,HIT,Rule4_UnderExecution
786,2026-02-01,7:00 PM,NBA,UTA@TOR,UTA,100,TOR,107,207,234.5,+10.0,TOR,UTA,100,OVER,A,+12.52,2.4,112.2,97.8,126.8,29.0,OVER,97.8,HIT,UNDER,126.8,HIT,Rule1_UpsetClause
787,2026-02-02,7:30 PM,NBA,HOU@IND,HOU,118,IND,114,232,218.5,+6.5,HOU,IND,114,UNDER,A,-45.40,7.4,106.0,94.8,117.2,22.3,UNDER,117.2,HIT,OVER,94.8,HIT,Rule1_UpsetClause
788,2026-02-02,7:30 PM,NBA,MIN@MEM,MIN,128,MEM,137,265,232.0,+7.5,MEM,MIN,128,UNDER,A,-1.21,5.5,112.2,100.1,124.4,24.2,UNDER,124.4,MISS,OVER,100.1,HIT,Rule1_UpsetClause
789,2026-02-02,7:30 PM,NBA,NOP@CHA,NOP,95,CHA,102,197,230.0,+6.5,CHA,NOP,95,UNDER,A,-54.35,7.4,111.8,100.6,122.9,22.3,UNDER,122.9,HIT,OVER,100.6,MISS,Rule1_UpsetClause
790,2026-02-02,7:30 PM,NBA,PHI@LAC,PHI,128,LAC,113,241,220.0,+1.0,PHI,LAC,113,OVER,C,+35.86,27.2,109.5,96.5,122.5,26.1,OVER,96.5,HIT,UNDER,122.5,HIT,Rule3_OverExecution
791,2026-02-03,7:30 PM,NBA,ATL@MIA,ATL,127,MIA,115,242,236.5,+1.0,MIA,ATL,127,UNDER,C,-6.47,27.2,117.8,104.7,130.8,26.1,UNDER,130.8,HIT,OVER,104.7,HIT,Rule4_UnderExecution
792,2026-02-03,7:30 PM,NBA,BOS@DAL,BOS,110,DAL,100,210,223.0,+7.0,DAL,BOS,110,UNDER,A,-57.29,6.4,108.0,96.3,119.7,23.3,UNDER,119.7,HIT,OVER,96.3,HIT,Rule1_UpsetClause
793,2026-02-03,7:30 PM,NBA,CHI@MIL,CHI,115,MIL,131,246,222.5,+1.5,MIL,CHI,115,UNDER,C,-43.10,25.0,110.5,96.9,124.1,27.2,UNDER,124.1,HIT,OVER,96.9,HIT,Rule4_UnderExecution
794,2026-02-03,7:30 PM,NBA,DEN@DET,DEN,121,DET,124,245,229.5,+5.0,DET,DEN,121,UNDER,B,-5.46,11.4,112.2,100.2,124.2,24.0,UNDER,124.2,HIT,OVER,100.2,HIT,Rule1_UpsetClause
795,2026-02-03,7:30 PM,NBA,LAL@BKN,LAL,125,BKN,109,234,223.0,+7.5,BKN,LAL,125,UNDER,A,-47.06,5.5,107.8,95.6,119.9,24.2,UNDER,119.9,MISS,OVER,95.6,HIT,Rule1_UpsetClause
796,2026-02-03,7:30 PM,NBA,NYK@WAS,NYK,132,WAS,101,233,228.0,+13.0,NYK,WAS,101,UNDER,A,-38.59,0.9,107.5,90.2,124.8,34.7,UNDER,124.8,HIT,OVER,90.2,HIT,Rule2_StructuralOutlier
797,2026-02-03,7:30 PM,NBA,ORL@OKC,ORL,92,OKC,128,220,222.5,+12.0,OKC,ORL,92,UNDER,A,-26.20,1.2,105.2,88.8,121.7,32.8,UNDER,121.7,HIT,OVER,88.8,HIT,Rule1_UpsetClause
798,2026-02-03,7:30 PM,NBA,PHI@GSW,PHI,113,GSW,94,207,222.5,+4.5,GSW,PHI,113,OVER,B,+25.68,13.0,109.0,97.5,120.5,23.0,OVER,97.5,HIT,UNDER,120.5,HIT,Rule1_UpsetClause
799,2026-02-03,7:30 PM,NBA,PHX@POR,PHX,130,POR,125,255,219.0,+2.5,POR,PHX,130,UNDER,C,-14.41,20.7,108.2,93.6,122.9,29.2,UNDER,122.9,MISS,OVER,93.6,HIT,Rule4_UnderExecution
800,2026-02-03,7:30 PM,NBA,UTA@IND,UTA,131,IND,122,253,232.5,+2.5,UTA,IND,122,UNDER,C,-2.10,20.7,115.0,100.4,129.6,29.2,UNDER,129.6,HIT,OVER,100.4,HIT,Rule4_UnderExecution
801,2026-02-04,7:30 PM,NBA,BOS@HOU,BOS,114,HOU,93,207,210.5,+8.0,HOU,BOS,114,UNDER,A,-97.09,4.7,101.2,88.7,113.8,25.2,UNDER,113.8,MISS,OVER,88.7,HIT,Rule1_UpsetClause
802,2026-02-04,7:30 PM,NBA,CLE@LAC,CLE,124,LAC,91,215,221.0,+2.5,LAC,CLE,124,OVER,C,+7.87,20.7,109.2,94.6,123.9,29.2,OVER,94.6,HIT,UNDER,123.9,MISS,Rule3_OverExecution
803,2026-02-04,7:30 PM,NBA,DEN@NYK,DEN,127,NYK,134,261,228.0,+4.5,NYK,DEN,127,UNDER,B,-5.90,13.0,111.8,100.2,123.2,23.0,UNDER,123.2,MISS,OVER,100.2,HIT,Rule1_UpsetClause
804,2026-02-04,7:30 PM,NBA,MEM@SAC,MEM,129,SAC,125,254,236.0,+3.0,SAC,MEM,129,UNDER,C,-55.45,18.6,116.5,101.3,131.7,30.3,UNDER,131.7,HIT,OVER,101.3,HIT,Rule4_UnderExecution
805,2026-02-04,7:30 PM,NBA,MIN@TOR,MIN,128,TOR,126,254,228.5,+2.0,MIN,TOR,126,UNDER,C,-23.31,22.8,113.2,99.2,127.3,28.2,UNDER,127.3,HIT,OVER,99.2,HIT,Rule4_UnderExecution
806,2026-02-04,7:30 PM,NBA,NOP@MIL,NOP,137,MIL,141,278,223.5,+4.5,MIL,NOP,137,UNDER,B,-73.26,13.0,109.5,98.0,121.0,23.0,UNDER,121.0,MISS,OVER,98.0,HIT,Rule1_UpsetClause
807,2026-02-04,7:30 PM,NBA,OKC@SAS,OKC,106,SAS,116,222,221.0,+10.0,SAS,OKC,106,UNDER,A,-6.51,2.4,105.5,91.0,120.0,29.0,UNDER,120.0,HIT,OVER,91.0,HIT,Rule1_UpsetClause
808,2026-02-05,7:30 PM,NBA,BKN@ORL,BKN,98,ORL,118,216,215.0,+9.5,ORL,BKN,98,UNDER,A,-14.35,2.9,102.8,88.7,116.8,28.1,UNDER,116.8,HIT,OVER,88.7,HIT,Rule1_UpsetClause
809,2026-02-05,7:30 PM,NBA,CHA@HOU,CHA,109,HOU,99,208,218.5,+4.5,HOU,CHA,109,UNDER,B,-76.84,13.0,107.0,95.5,118.5,23.0,UNDER,118.5,HIT,OVER,95.5,HIT,Rule1_UpsetClause
810,2026-02-05,7:30 PM,NBA,CHI@TOR,CHI,107,TOR,123,230,227.0,+7.5,TOR,CHI,107,UNDER,A,-26.17,5.5,109.8,97.6,121.9,24.2,UNDER,121.9,HIT,OVER,97.6,HIT,Rule1_UpsetClause
811,2026-02-05,7:30 PM,NBA,GSW@PHX,GSW,101,PHX,97,198,213.0,+5.5,PHX,GSW,101,UNDER,A,-8.86,9.9,103.8,93.5,114.0,20.4,UNDER,114.0,HIT,OVER,93.5,HIT,Rule1_UpsetClause
812,2026-02-05,7:30 PM,NBA,PHI@LAL,PHI,115,LAL,119,234,236.0,+2.5,LAL,PHI,115,OVER,C,+29.35,20.7,116.8,102.1,131.4,29.2,OVER,102.1,HIT,UNDER,131.4,HIT,Rule3_OverExecution
813,2026-02-05,7:30 PM,NBA,SAS@DAL,SAS,135,DAL,123,258,230.0,+7.5,DAL,SAS,135,UNDER,A,-58.88,5.5,111.2,99.1,123.4,24.2,UNDER,123.4,MISS,OVER,99.1,HIT,Rule1_UpsetClause
814,2026-02-05,7:30 PM,NBA,UTA@ATL,UTA,119,ATL,121,240,245.5,+8.5,ATL,UTA,119,OVER,A,+2.00,4.0,118.5,105.4,131.6,26.1,OVER,105.4,HIT,UNDER,131.6,HIT,Rule1_UpsetClause
815,2026-02-05,7:30 PM,NBA,WAS@DET,WAS,126,DET,117,243,228.0,+17.0,DET,WAS,126,UNDER,A,-4.89,0.2,105.5,84.3,126.7,42.3,UNDER,126.7,HIT,OVER,84.3,HIT,Rule2_StructuralOutlier
816,2026-02-06,7:30 PM,NBA,IND@MIL,IND,99,MIL,105,204,224.0,+1.5,MIL,IND,99,OVER,C,+29.39,25.0,111.2,97.7,124.8,27.2,OVER,97.7,HIT,UNDER,124.8,HIT,Rule3_OverExecution
817,2026-02-06,7:30 PM,NBA,LAC@SAC,LAC,114,SAC,111,225,222.5,+3.0,SAC,LAC,114,UNDER,C,-24.96,18.6,109.8,94.6,124.9,30.3,UNDER,124.9,HIT,OVER,94.6,HIT,Rule4_UnderExecution
818,2026-02-06,7:30 PM,NBA,MEM@POR,MEM,115,POR,135,250,235.5,+9.0,POR,MEM,115,OVER,A,+27.41,3.4,113.2,99.7,126.8,27.1,OVER,99.7,HIT,UNDER,126.8,HIT,Rule1_UpsetClause
819,2026-02-06,7:30 PM,NBA,MIA@BOS,MIA,96,BOS,98,194,227.5,+5.5,BOS,MIA,96,UNDER,A,-24.09,9.9,111.0,100.8,121.2,20.4,UNDER,121.2,HIT,OVER,100.8,MISS,Rule1_UpsetClause
820,2026-02-06,7:30 PM,NBA,NOP@MIN,NOP,119,MIN,115,234,237.0,+8.5,MIN,NOP,119,OVER,A,+5.98,4.0,114.2,101.2,127.3,26.2,OVER,101.2,HIT,UNDER,127.3,HIT,Rule1_UpsetClause
821,2026-02-06,7:30 PM,NBA,NYK@DET,NYK,80,DET,118,198,219.5,+5.5,DET,NYK,80,OVER,A,+32.99,9.9,107.0,96.8,117.2,20.4,OVER,96.8,MISS,UNDER,117.2,HIT,Rule1_UpsetClause
822,2026-02-07,7:00 PM,NBA,CHA@ATL,CHA,126,ATL,119,245,232.5,+1.0,ATL,CHA,126,UNDER,C,-44.11,27.2,115.8,102.7,128.8,26.1,UNDER,128.8,HIT,OVER,102.7,HIT,Rule4_UnderExecution
823,2026-02-07,7:00 PM,NBA,CLE@SAC,CLE,132,SAC,126,258,229.5,-12.5,CLE,SAC,126,UNDER,A,-40.81,49.6,108.5,91.6,125.4,33.8,UNDER,125.4,MISS,OVER,91.6,HIT,Rule2_StructuralOutlier
824,2026-02-07,7:00 PM,NBA,DAL@SAS,DAL,125,SAS,138,263,234.5,+11.0,SAS,DAL,125,UNDER,A,-27.69,1.7,111.8,96.3,127.2,30.9,UNDER,127.2,HIT,OVER,96.3,HIT,Rule1_UpsetClause
825,2026-02-07,7:00 PM,NBA,DEN@CHI,DEN,136,CHI,120,256,235.0,+9.0,CHI,DEN,136,OVER,A,+45.16,3.4,113.0,99.5,126.5,27.1,OVER,99.5,HIT,UNDER,126.5,MISS,Rule1_UpsetClause
826,2026-02-07,7:00 PM,NBA,GSW@LAL,GSW,99,LAL,105,204,220.0,+2.0,LAL,GSW,99,OVER,C,+2.59,22.8,109.0,94.9,123.1,28.2,OVER,94.9,HIT,UNDER,123.1,HIT,Rule3_OverExecution
827,2026-02-07,7:00 PM,NBA,HOU@OKC,HOU,112,OKC,106,218,214.0,+4.0,OKC,HOU,112,UNDER,B,-43.65,14.7,105.0,94.0,116.0,22.0,UNDER,116.0,HIT,OVER,94.0,HIT,Rule1_UpsetClause
828,2026-02-07,7:00 PM,NBA,MEM@POR,MEM,115,POR,122,237,229.0,-9.5,MEM,POR,122,UNDER,A,-7.44,49.0,109.8,95.7,123.8,28.1,UNDER,123.8,HIT,OVER,95.7,HIT,Rule4_UnderExecution
829,2026-02-07,7:00 PM,NBA,PHI@PHX,PHI,109,PHX,103,212,225.0,-2.0,PHI,PHX,103,OVER,C,+21.54,38.6,111.5,97.4,125.6,28.2,OVER,97.4,HIT,UNDER,125.6,HIT,Rule3_OverExecution
830,2026-02-07,7:00 PM,NBA,UTA@ORL,UTA,117,ORL,120,237,234.5,+7.5,ORL,UTA,117,OVER,A,+33.15,5.5,113.5,101.4,125.6,24.2,OVER,101.4,HIT,UNDER,125.6,HIT,Rule1_UpsetClause
831,2026-02-07,7:00 PM,NBA,WAS@BKN,WAS,113,BKN,127,240,216.5,+8.0,BKN,WAS,113,UNDER,A,-6.89,4.7,104.2,91.7,116.8,25.2,UNDER,116.8,HIT,OVER,91.7,HIT,Rule1_UpsetClause
832,2026-02-08,7:00 PM,NBA,IND@TOR,IND,104,TOR,122,226,226.5,+8.5,TOR,IND,104,OVER,A,+2.18,4.0,109.0,95.9,122.1,26.2,OVER,95.9,HIT,UNDER,122.1,HIT,Rule1_UpsetClause
833,2026-02-08,7:00 PM,NBA,LAC@MIN,LAC,115,MIN,96,211,222.0,+8.5,MIN,LAC,115,OVER,A,+59.58,4.0,106.8,93.7,119.8,26.2,OVER,93.7,HIT,UNDER,119.8,HIT,Rule1_UpsetClause
834,2026-02-08,7:00 PM,NBA,MIA@WAS,MIA,132,WAS,101,233,236.0,+13.5,MIA,WAS,101,OVER,A,+1.25,0.7,111.2,93.4,129.1,35.6,OVER,93.4,HIT,UNDER,129.1,HIT,Rule2_StructuralOutlier
835,2026-02-08,7:00 PM,NBA,NYK@BOS,NYK,111,BOS,89,200,213.0,+3.5,BOS,NYK,111,UNDER,B,-56.14,16.6,104.8,94.2,115.2,21.0,UNDER,115.2,HIT,OVER,94.2,HIT,Rule4_UnderExecution
836,2026-02-09,7:30 PM,NBA,ATL@MIN,ATL,116,MIN,138,254,239.0,+9.0,MIN,ATL,116,OVER,A,+50.51,3.4,115.0,101.5,128.6,27.1,OVER,101.5,HIT,UNDER,128.6,HIT,Rule1_UpsetClause
837,2026-02-09,7:30 PM,NBA,CHI@BKN,CHI,115,BKN,123,238,219.0,+3.5,CHI,BKN,123,UNDER,B,-11.15,16.6,107.8,97.2,118.2,21.0,UNDER,118.2,MISS,OVER,97.2,HIT,Rule4_UnderExecution
838,2026-02-09,7:30 PM,NBA,CLE@DEN,CLE,119,DEN,117,236,242.5,+3.0,DEN,CLE,119,OVER,C,+66.98,18.6,119.8,104.6,134.9,30.3,OVER,104.6,HIT,UNDER,134.9,HIT,Rule3_OverExecution
839,2026-02-09,7:30 PM,NBA,DET@CHA,DET,110,CHA,104,214,222.5,+2.5,DET,CHA,104,UNDER,C,-23.06,20.7,110.0,95.4,124.6,29.2,UNDER,124.6,HIT,OVER,95.4,HIT,Rule4_UnderExecution
840,2026-02-09,7:30 PM,NBA,MEM@GSW,MEM,113,GSW,114,227,219.0,+9.0,GSW,MEM,113,OVER,A,+25.73,3.4,105.0,91.5,118.5,27.1,OVER,91.5,HIT,UNDER,118.5,HIT,Rule1_UpsetClause
841,2026-02-09,7:30 PM,NBA,MIL@ORL,MIL,99,ORL,118,217,220.5,+9.5,ORL,MIL,99,OVER,A,+0.54,2.9,105.5,91.5,119.5,28.1,OVER,91.5,HIT,UNDER,119.5,HIT,Rule1_UpsetClause
842,2026-02-09,7:30 PM,NBA,OKC@LAL,OKC,119,LAL,110,229,223.0,+6.5,LAL,OKC,119,OVER,A,+48.56,7.4,108.2,97.1,119.4,22.3,OVER,97.1,HIT,UNDER,119.4,HIT,Rule1_UpsetClause
843,2026-02-09,7:30 PM,NBA,PHI@POR,PHI,118,POR,135,253,231.5,+3.0,POR,PHI,118,OVER,C,+24.17,18.6,114.2,99.1,129.4,30.3,OVER,99.1,HIT,UNDER,129.4,HIT,Rule3_OverExecution
844,2026-02-09,7:30 PM,NBA,SAC@NOP,SAC,94,NOP,120,214,229.0,+9.5,NOP,SAC,94,UNDER,A,-23.48,2.9,109.8,95.7,123.8,28.1,UNDER,123.8,HIT,OVER,95.7,MISS,Rule1_UpsetClause
845,2026-02-09,7:30 PM,NBA,UTA@MIA,UTA,115,MIA,111,226,236.0,+6.0,MIA,UTA,115,UNDER,A,-10.38,8.6,115.0,104.3,125.7,21.4,UNDER,125.7,HIT,OVER,104.3,HIT,Rule1_UpsetClause
846,2026-02-10,7:30 PM,NBA,DAL@PHX,DAL,111,PHX,120,231,230.0,+8.5,PHX,DAL,111,OVER,A,+3.35,4.0,110.8,97.7,123.8,26.2,OVER,97.7,HIT,UNDER,123.8,HIT,Rule1_UpsetClause
847,2026-02-10,7:30 PM,NBA,IND@NYK,IND,137,NYK,134,271,227.0,+11.0,NYK,IND,137,UNDER,A,-8.30,1.7,108.0,92.5,123.5,30.9,UNDER,123.5,MISS,OVER,92.5,HIT,Rule1_UpsetClause
848,2026-02-10,7:30 PM,NBA,LAC@HOU,LAC,95,HOU,102,197,213.5,+9.0,HOU,LAC,95,UNDER,A,-12.25,3.4,102.2,88.7,115.8,27.1,UNDER,115.8,HIT,OVER,88.7,HIT,Rule1_UpsetClause
849,2026-02-10,7:30 PM,NBA,SAS@LAL,SAS,136,LAL,108,244,226.0,+13.5,SAS,LAL,108,UNDER,A,-16.80,0.7,106.2,88.4,124.1,35.7,UNDER,124.1,HIT,OVER,88.4,HIT,Rule2_StructuralOutlier
850,2026-02-11,7:30 PM,NBA,ATL@CHA,ATL,107,CHA,110,217,235.5,+2.0,CHA,ATL,107,UNDER,C,-9.99,22.8,116.8,102.7,130.8,28.2,UNDER,130.8,HIT,OVER,102.7,HIT,Rule4_UnderExecution
851,2026-02-11,7:30 PM,NBA,CHI@BOS,CHI,105,BOS,124,229,227.0,+14.0,BOS,CHI,105,UNDER,A,-48.80,0.6,106.5,88.2,124.8,36.6,UNDER,124.8,HIT,OVER,88.2,HIT,Rule2_StructuralOutlier
852,2026-02-11,7:30 PM,NBA,DET@TOR,DET,113,TOR,95,208,223.5,+1.0,TOR,DET,113,UNDER,C,-2.67,27.2,111.2,98.2,124.3,26.1,UNDER,124.3,HIT,OVER,98.2,HIT,Rule4_UnderExecution
853,2026-02-11,7:30 PM,NBA,IND@BKN,IND,115,BKN,110,225,215.5,+6.5,BKN,IND,115,OVER,A,+32.07,7.4,104.5,93.3,115.7,22.3,OVER,93.3,HIT,UNDER,115.7,HIT,Rule1_UpsetClause
854,2026-02-11,7:30 PM,NBA,LAC@HOU,LAC,105,HOU,102,207,212.5,+8.5,HOU,LAC,105,UNDER,A,-31.29,4.0,102.0,88.9,115.1,26.2,UNDER,115.1,HIT,OVER,88.9,HIT,Rule1_UpsetClause
855,2026-02-11,7:30 PM,NBA,MEM@DEN,MEM,116,DEN,122,238,239.5,+14.0,DEN,MEM,116,OVER,A,+79.84,0.6,112.8,94.5,131.1,36.6,OVER,94.5,HIT,UNDER,131.1,HIT,Rule2_StructuralOutlier
856,2026-02-11,7:30 PM,NBA,MIA@NOP,MIA,123,NOP,111,234,233.5,+2.0,NOP,MIA,123,UNDER,C,-39.00,22.8,115.8,101.7,129.8,28.2,UNDER,129.8,HIT,OVER,101.7,HIT,Rule4_UnderExecution
857,2026-02-11,7:30 PM,NBA,MIL@ORL,MIL,116,ORL,108,224,220.0,+11.0,ORL,MIL,116,UNDER,A,-4.20,1.7,104.5,89.0,120.0,30.9,UNDER,120.0,HIT,OVER,89.0,HIT,Rule1_UpsetClause
858,2026-02-11,7:30 PM,NBA,NYK@PHI,NYK,138,PHI,89,227,225.0,+2.5,NYK,PHI,89,OVER,C,+16.33,20.7,111.2,96.6,125.9,29.2,OVER,96.6,MISS,UNDER,125.9,HIT,Rule3_OverExecution
859,2026-02-11,7:30 PM,NBA,POR@MIN,POR,109,MIN,133,242,238.0,+7.5,MIN,POR,109,OVER,A,+32.77,5.5,115.2,103.1,127.4,24.2,OVER,103.1,HIT,UNDER,127.4,HIT,Rule1_UpsetClause
860,2026-02-11,7:30 PM,NBA,WAS@CLE,WAS,113,CLE,138,251,239.0,+17.5,CLE,WAS,113,OVER,A,+14.45,0.2,110.8,89.1,132.4,43.2,OVER,89.1,HIT,UNDER,132.4,HIT,Rule2_StructuralOutlier
861,2026-02-12,7:30 PM,NBA,DAL@LAL,DAL,104,LAL,124,228,237.0,+6.0,LAL,DAL,104,OVER,A,+24.01,8.6,115.5,104.8,126.2,21.4,OVER,104.8,MISS,UNDER,126.2,HIT,Rule1_UpsetClause
862,2026-02-12,7:30 PM,NBA,MIL@OKC,MIL,110,OKC,93,203,214.5,+13.5,OKC,MIL,110,UNDER,A,-23.60,0.7,100.5,82.7,118.3,35.7,UNDER,118.3,HIT,OVER,82.7,HIT,Rule2_StructuralOutlier
863,2026-02-12,7:30 PM,NBA,POR@UTA,POR,135,UTA,119,254,236.5,+6.0,POR,UTA,119,OVER,A,+51.78,8.6,115.2,104.5,126.0,21.4,OVER,104.5,HIT,UNDER,126.0,HIT,Rule1_UpsetClause
864,2026-02-13,7:30 PM,NBA,ATL@PHI,ATL,117,PHI,107,224,241.5,+1.0,ATL,PHI,107,UNDER,C,-5.60,27.2,120.2,107.2,133.3,26.1,UNDER,133.3,HIT,OVER,107.2,MISS,Rule4_UnderExecution
865,2026-02-13,7:30 PM,NBA,BKN@CLE,BKN,84,CLE,112,196,229.5,+16.0,CLE,BKN,84,OVER,A,+11.01,0.3,106.8,86.5,127.0,40.4,OVER,86.5,MISS,UNDER,127.0,HIT,Rule2_StructuralOutlier
866,2026-02-13,7:30 PM,NBA,BOS@GSW,BOS,121,GSW,110,231,211.5,+5.5,BOS,GSW,110,UNDER,A,-62.63,9.9,103.0,92.8,113.2,20.4,UNDER,113.2,HIT,OVER,92.8,HIT,Rule1_UpsetClause
867,2026-02-13,7:30 PM,NBA,DEN@LAC,DEN,114,LAC,115,229,226.5,+4.5,LAC,DEN,114,OVER,B,+27.73,13.0,111.0,99.5,122.5,23.0,OVER,99.5,HIT,UNDER,122.5,HIT,Rule1_UpsetClause
868,2026-02-13,7:30 PM,NBA,DET@NYK,DET,126,NYK,111,237,218.5,+4.0,DET,NYK,111,OVER,B,+6.02,14.7,107.2,96.2,118.2,22.0,OVER,96.2,HIT,UNDER,118.2,HIT,Rule1_UpsetClause
869,2026-02-13,7:30 PM,NBA,HOU@CHA,HOU,105,CHA,101,206,218.0,+5.0,HOU,CHA,101,UNDER,B,-81.44,11.4,106.5,94.5,118.5,24.0,UNDER,118.5,HIT,OVER,94.5,HIT,Rule1_UpsetClause
870,2026-02-13,7:30 PM,NBA,IND@WAS,IND,105,WAS,112,217,233.5,+2.0,WAS,IND,105,OVER,C,+33.39,22.8,115.8,101.7,129.8,28.2,OVER,101.7,HIT,UNDER,129.8,HIT,Rule3_OverExecution
871,2026-02-13,7:30 PM,NBA,ORL@SAC,ORL,131,SAC,94,225,226.5,+8.0,ORL,SAC,94,UNDER,A,-4.19,4.7,109.2,96.7,121.8,25.2,UNDER,121.8,HIT,OVER,96.7,MISS,Rule1_UpsetClause
872,2026-02-13,7:30 PM,NBA,PHX@SAS,PHX,94,SAS,121,215,229.5,+8.0,SAS,PHX,94,OVER,A,+17.10,4.7,110.8,98.2,123.3,25.2,OVER,98.2,MISS,UNDER,123.3,HIT,Rule1_UpsetClause
873,2026-02-13,7:30 PM,NBA,TOR@CHI,TOR,110,CHI,101,211,234.5,+6.0,TOR,CHI,101,UNDER,A,-0.15,8.6,114.2,103.5,125.0,21.4,UNDER,125.0,HIT,OVER,103.5,MISS,Rule1_UpsetClause
874,2026-02-14,7:00 PM,NBA,ATL@PHI,ATL,117,PHI,107,224,241.5,+1.0,PHI,ATL,117,UNDER,C,-1.94,27.2,120.2,107.2,133.3,26.1,UNDER,133.3,HIT,OVER,107.2,HIT,Rule4_UnderExecution
875,2026-02-14,7:00 PM,NBA,BKN@CLE,BKN,84,CLE,112,196,229.5,+16.0,CLE,BKN,84,UNDER,A,-37.57,0.3,106.8,86.5,127.0,40.4,UNDER,127.0,HIT,OVER,86.5,MISS,Rule2_StructuralOutlier
876,2026-02-14,7:00 PM,NBA,BOS@GSW,BOS,121,GSW,110,231,211.5,+5.5,GSW,BOS,121,UNDER,A,-42.65,9.9,103.0,92.8,113.2,20.4,UNDER,113.2,MISS,OVER,92.8,HIT,Rule1_UpsetClause
877,2026-02-14,7:00 PM,NBA,DEN@LAC,DEN,114,LAC,115,229,226.5,-4.5,DEN,LAC,115,OVER,B,+37.90,44.5,111.0,99.5,122.5,23.0,OVER,99.5,HIT,UNDER,122.5,HIT,Rule3_OverExecution
878,2026-02-14,7:00 PM,NBA,DET@NYK,DET,126,NYK,111,237,218.5,-4.0,DET,NYK,111,OVER,B,+15.39,43.6,107.2,96.2,118.2,22.0,OVER,96.2,HIT,UNDER,118.2,HIT,Rule3_OverExecution
879,2026-02-14,7:00 PM,NBA,HOU@CHA,HOU,105,CHA,101,206,218.0,+5.0,HOU,CHA,101,UNDER,B,-85.18,11.4,106.5,94.5,118.5,24.0,UNDER,118.5,HIT,OVER,94.5,HIT,Rule1_UpsetClause
880,2026-02-14,7:00 PM,NBA,IND@WAS,IND,105,WAS,112,217,233.5,+2.0,WAS,IND,105,OVER,C,+4.75,22.8,115.8,101.7,129.8,28.2,OVER,101.7,HIT,UNDER,129.8,HIT,Rule3_OverExecution
881,2026-02-14,7:00 PM,NBA,ORL@SAC,ORL,131,SAC,94,225,226.5,+8.0,SAC,ORL,131,UNDER,A,-23.13,4.7,109.2,96.7,121.8,25.2,UNDER,121.8,MISS,OVER,96.7,HIT,Rule1_UpsetClause
882,2026-02-14,7:00 PM,NBA,PHX@SAS,PHX,94,SAS,121,215,229.5,+8.0,SAS,PHX,94,UNDER,A,-4.12,4.7,110.8,98.2,123.3,25.2,UNDER,123.3,HIT,OVER,98.2,MISS,Rule1_UpsetClause
883,2026-02-14,7:00 PM,NBA,TOR@CHI,TOR,110,CHI,101,211,234.5,+6.0,CHI,TOR,110,UNDER,A,-28.18,8.6,114.2,103.5,125.0,21.4,UNDER,125.0,HIT,OVER,103.5,HIT,Rule1_UpsetClause
884,2026-02-15,7:00 PM,NBA,ATL@PHI,ATL,117,PHI,107,224,241.5,+1.0,PHI,ATL,117,UNDER,C,-21.31,27.2,120.2,107.2,133.3,26.1,UNDER,133.3,HIT,OVER,107.2,HIT,Rule4_UnderExecution
885,2026-02-15,7:00 PM,NBA,BK@CLE,BK,84,CLE,112,196,229.5,+16.0,CLE,BK,84,UNDER,A,-23.62,0.3,106.8,86.5,127.0,40.4,UNDER,127.0,HIT,OVER,86.5,MISS,Rule2_StructuralOutlier
886,2026-02-15,7:00 PM,NBA,HOU@CHA,HOU,105,CHA,101,206,218.0,+5.0,HOU,CHA,101,UNDER,B,-92.15,11.4,106.5,94.5,118.5,24.0,UNDER,118.5,HIT,OVER,94.5,HIT,Rule1_UpsetClause
887,2026-02-15,7:00 PM,NBA,IND@WAS,IND,105,WAS,112,217,233.5,+2.0,IND,WAS,112,OVER,C,+23.67,22.8,115.8,101.7,129.8,28.2,OVER,101.7,HIT,UNDER,129.8,HIT,Rule3_OverExecution
888,2026-02-20,7:30 PM,NBA,BKN@OKC,BKN,86,OKC,105,191,216.0,+17.0,OKC,BKN,86,UNDER,A,-68.18,0.2,99.5,78.3,120.7,42.3,UNDER,120.7,HIT,OVER,78.3,HIT,Rule2_StructuralOutlier
889,2026-02-20,7:30 PM,NBA,CLE@CHA,CLE,118,CHA,113,231,229.0,+6.0,CLE,CHA,113,UNDER,A,-81.51,8.6,111.5,100.8,122.2,21.4,UNDER,122.2,HIT,OVER,100.8,HIT,Rule1_UpsetClause
890,2026-02-20,7:30 PM,NBA,DAL@MIN,DAL,111,MIN,122,233,239.5,+14.0,MIN,DAL,111,OVER,A,+35.36,0.6,112.8,94.5,131.1,36.6,OVER,94.5,HIT,UNDER,131.1,HIT,Rule2_StructuralOutlier
891,2026-02-20,7:30 PM,NBA,DEN@POR,DEN,157,POR,103,260,241.5,+1.5,POR,DEN,157,OVER,C,+71.51,25.0,120.0,106.4,133.6,27.1,OVER,106.4,HIT,UNDER,133.6,MISS,Rule3_OverExecution
892,2026-02-20,7:30 PM,NBA,IND@WAS,IND,118,WAS,131,249,230.0,+1.5,WAS,IND,118,UNDER,C,-25.79,25.0,114.2,100.7,127.8,27.2,UNDER,127.8,HIT,OVER,100.7,HIT,Rule4_UnderExecution
893,2026-02-20,7:30 PM,NBA,LAC@LAL,LAC,122,LAL,125,247,228.0,+7.5,LAL,LAC,122,OVER,A,+6.75,5.5,110.2,98.1,122.4,24.2,OVER,98.1,HIT,UNDER,122.4,HIT,Rule1_UpsetClause
894,2026-02-20,7:30 PM,NBA,MIA@ATL,MIA,128,ATL,97,225,244.0,+3.5,MIA,ATL,97,UNDER,B,-53.66,16.6,120.2,109.8,130.8,21.0,UNDER,130.8,HIT,OVER,109.8,MISS,Rule4_UnderExecution
895,2026-02-20,7:30 PM,NBA,MIL@NOP,MIL,139,NOP,118,257,224.0,+4.5,NOP,MIL,139,UNDER,B,-32.20,13.0,109.8,98.2,121.2,23.0,UNDER,121.2,MISS,OVER,98.2,HIT,Rule1_UpsetClause
896,2026-02-20,7:30 PM,NBA,UTA@MEM,UTA,114,MEM,123,237,237.5,+2.5,MEM,UTA,114,OVER,C,+25.38,20.7,117.5,102.9,132.1,29.2,OVER,102.9,HIT,UNDER,132.1,HIT,Rule3_OverExecution
897,2026-02-21,7:00 PM,NBA,DET@CHI,DET,126,CHI,110,236,234.5,+10.5,DET,CHI,110,UNDER,A,-9.96,2.1,112.0,97.0,127.0,29.9,UNDER,127.0,HIT,OVER,97.0,HIT,Rule1_UpsetClause
898,2026-02-21,7:00 PM,NBA,HOU@NYK,HOU,106,NYK,108,214,220.5,+3.5,NYK,HOU,106,OVER,B,+22.90,16.6,108.5,98.0,119.0,21.0,OVER,98.0,HIT,UNDER,119.0,HIT,Rule3_OverExecution
899,2026-02-21,7:00 PM,NBA,MEM@MIA,MEM,120,MIA,136,256,238.0,+12.0,MIA,MEM,120,UNDER,A,-15.00,1.2,113.0,96.6,129.4,32.8,UNDER,129.4,HIT,OVER,96.6,HIT,Rule1_UpsetClause
900,2026-02-21,7:00 PM,NBA,ORL@PHX,ORL,110,PHX,113,223,218.5,+3.5,PHX,ORL,110,UNDER,B,-22.41,16.6,107.5,97.0,118.0,21.0,UNDER,118.0,HIT,OVER,97.0,HIT,Rule4_UnderExecution
901,2026-02-21,7:00 PM,NBA,PHI@NOP,PHI,111,NOP,126,237,235.0,+4.0,PHI,NOP,126,UNDER,B,-8.22,14.7,115.5,104.5,126.5,22.0,UNDER,126.5,HIT,OVER,104.5,HIT,Rule1_UpsetClause
902,2026-02-21,7:00 PM,NBA,SAC@SAS,SAC,122,SAS,139,261,230.5,+18.5,SAS,SAC,122,UNDER,A,-15.01,0.1,106.0,83.4,128.6,45.1,UNDER,128.6,HIT,OVER,83.4,HIT,Rule2_StructuralOutlier
903,2026-02-22,7:00 PM,NBA,BKN@ATL,BKN,104,ATL,115,219,228.0,+9.5,ATL,BKN,104,UNDER,A,-101.35,2.9,109.2,95.2,123.3,28.1,UNDER,123.3,HIT,OVER,95.2,HIT,Rule1_UpsetClause
904,2026-02-22,7:00 PM,NBA,BOS@LAL,BOS,111,LAL,89,200,230.5,+1.0,BOS,LAL,89,UNDER,C,-27.12,27.2,114.8,101.7,127.8,26.1,UNDER,127.8,HIT,OVER,101.7,MISS,Rule4_UnderExecution
905,2026-02-22,7:00 PM,NBA,CHA@WAS,CHA,129,WAS,112,241,224.5,+10.5,CHA,WAS,112,UNDER,A,-27.19,2.1,107.0,92.0,122.0,29.9,UNDER,122.0,HIT,OVER,92.0,HIT,Rule1_UpsetClause
906,2026-02-22,7:00 PM,NBA,CLE@OKC,CLE,113,OKC,121,234,228.0,+4.0,CLE,OKC,121,OVER,B,+3.44,14.7,112.0,101.0,123.0,22.0,OVER,101.0,HIT,UNDER,123.0,HIT,Rule1_UpsetClause
907,2026-02-22,7:00 PM,NBA,DAL@IND,DAL,134,IND,130,264,237.5,+1.0,DAL,IND,130,OVER,C,+9.26,27.2,118.2,105.2,131.3,26.1,OVER,105.2,HIT,UNDER,131.3,HIT,Rule3_OverExecution
908,2026-02-22,7:00 PM,NBA,DEN@GSW,DEN,117,GSW,128,245,228.5,+6.0,DEN,GSW,128,OVER,A,+27.87,8.6,111.2,100.5,122.0,21.4,OVER,100.5,HIT,UNDER,122.0,MISS,Rule1_UpsetClause
909,2026-02-22,7:00 PM,NBA,NYK@CHI,NYK,105,CHI,99,204,234.0,+9.0,NYK,CHI,99,OVER,A,+6.75,3.4,112.5,99.0,126.0,27.1,OVER,99.0,HIT,UNDER,126.0,HIT,Rule1_UpsetClause
910,2026-02-22,7:00 PM,NBA,ORL@LAC,ORL,113,LAC,109,222,215.5,+4.0,LAC,ORL,113,OVER,B,+6.74,14.7,105.8,94.8,116.8,22.0,OVER,94.8,HIT,UNDER,116.8,HIT,Rule1_UpsetClause
911,2026-02-22,7:00 PM,NBA,PHI@MIN,PHI,135,MIN,108,243,239.0,+9.5,MIN,PHI,135,UNDER,A,-10.91,2.9,114.8,100.7,128.8,28.1,UNDER,128.8,MISS,OVER,100.7,HIT,Rule1_UpsetClause
912,2026-02-22,7:00 PM,NBA,POR@PHX,POR,92,PHX,77,169,225.0,+3.5,POR,PHX,77,OVER,B,+8.51,16.6,110.8,100.2,121.2,21.0,OVER,100.2,MISS,UNDER,121.2,HIT,Rule3_OverExecution
913,2026-02-22,7:00 PM,NBA,TOR@MIL,TOR,122,MIL,94,216,219.0,+4.0,TOR,MIL,94,UNDER,B,-44.16,14.7,107.5,96.5,118.5,22.0,UNDER,118.5,HIT,OVER,96.5,MISS,Rule1_UpsetClause
914,2026-02-23,7:30 PM,NBA,SAC@MEM,SAC,123,MEM,114,237,233.5,+2.5,MEM,SAC,123,UNDER,C,-2.50,20.7,115.5,100.9,130.1,29.2,UNDER,130.1,HIT,OVER,100.9,HIT,Rule4_UnderExecution
915,2026-02-23,7:30 PM,NBA,SAS@DET,SAS,114,DET,103,217,232.5,+1.5,DET,SAS,114,OVER,C,+11.36,25.0,115.5,101.9,129.1,27.1,OVER,101.9,HIT,UNDER,129.1,HIT,Rule3_OverExecution
916,2026-02-23,7:30 PM,NBA,UTA@HOU,UTA,105,HOU,125,230,228.0,+13.5,HOU,UTA,105,UNDER,A,-43.95,0.7,107.2,89.4,125.1,35.7,UNDER,125.1,HIT,OVER,89.4,HIT,Rule2_StructuralOutlier
917,2026-02-24,7:30 PM,NBA,BOS@PHX,BOS,97,PHX,81,178,207.0,+5.5,PHX,BOS,97,UNDER,A,-56.21,9.9,100.8,90.5,111.0,20.4,UNDER,111.0,HIT,OVER,90.5,HIT,Rule1_UpsetClause
918,2026-02-24,7:30 PM,NBA,CHA@CHI,CHA,131,CHI,99,230,232.5,+8.0,CHI,CHA,131,UNDER,A,-66.44,4.7,112.2,99.7,124.8,25.2,UNDER,124.8,MISS,OVER,99.7,HIT,Rule1_UpsetClause
919,2026-02-24,7:30 PM,NBA,DAL@BKN,DAL,123,BKN,114,237,226.5,+1.5,DAL,BKN,114,UNDER,C,-50.55,25.0,112.5,98.9,126.1,27.2,UNDER,126.1,HIT,OVER,98.9,HIT,Rule4_UnderExecution
920,2026-02-24,7:30 PM,NBA,GSW@NOP,GSW,109,NOP,113,222,229.0,+1.0,NOP,GSW,109,OVER,C,+4.14,27.2,114.0,101.0,127.0,26.1,OVER,101.0,HIT,UNDER,127.0,HIT,Rule3_OverExecution
921,2026-02-24,7:30 PM,NBA,MIA@MIL,MIA,117,MIL,128,245,229.0,+6.5,MIL,MIA,117,UNDER,A,-5.80,7.4,111.2,100.1,122.4,22.3,UNDER,122.4,HIT,OVER,100.1,HIT,Rule1_UpsetClause
922,2026-02-24,7:30 PM,NBA,MIN@POR,MIN,124,POR,121,245,235.5,+6.5,POR,MIN,124,OVER,A,+53.21,7.4,114.5,103.3,125.7,22.3,OVER,103.3,HIT,UNDER,125.7,HIT,Rule1_UpsetClause
923,2026-02-24,7:30 PM,NBA,NYK@CLE,NYK,94,CLE,109,203,231.5,+4.0,CLE,NYK,94,UNDER,B,-31.94,14.7,113.8,102.8,124.8,22.0,UNDER,124.8,HIT,OVER,102.8,MISS,Rule1_UpsetClause
924,2026-02-24,7:30 PM,NBA,OKC@TOR,OKC,116,TOR,107,223,217.0,+1.0,TOR,OKC,116,OVER,C,+6.91,27.2,108.0,95.0,121.0,26.1,OVER,95.0,HIT,UNDER,121.0,HIT,Rule3_OverExecution
925,2026-02-24,7:30 PM,NBA,ORL@LAL,ORL,110,LAL,109,219,228.5,+6.5,LAL,ORL,110,OVER,A,+22.44,7.4,111.0,99.8,122.2,22.3,OVER,99.8,HIT,UNDER,122.2,HIT,Rule1_UpsetClause
926,2026-02-24,7:30 PM,NBA,PHI@IND,PHI,135,IND,114,249,234.0,+11.0,PHI,IND,114,UNDER,A,-13.21,1.7,111.5,96.0,127.0,30.9,UNDER,127.0,HIT,OVER,96.0,HIT,Rule1_UpsetClause
927,2026-02-24,7:30 PM,NBA,WAS@ATL,WAS,98,ATL,119,217,236.5,+12.0,ATL,WAS,98,UNDER,A,-20.17,1.2,112.2,95.8,128.7,32.8,UNDER,128.7,HIT,OVER,95.8,HIT,Rule1_UpsetClause
928,2026-02-25,7:30 PM,NBA,BOS@DEN,BOS,84,DEN,103,187,228.0,+3.5,DEN,BOS,84,OVER,B,+12.03,16.6,112.2,101.8,122.8,21.0,OVER,101.8,MISS,UNDER,122.8,HIT,Rule3_OverExecution
929,2026-02-25,7:30 PM,NBA,CLE@MIL,CLE,116,MIL,118,234,221.0,+3.0,CLE,MIL,118,UNDER,C,-38.71,18.6,109.0,93.8,124.2,30.3,UNDER,124.2,HIT,OVER,93.8,HIT,Rule4_UnderExecution
930,2026-02-25,7:30 PM,NBA,GSW@MEM,GSW,133,MEM,112,245,226.5,+4.0,GSW,MEM,112,OVER,B,+42.43,14.7,111.2,100.2,122.2,22.0,OVER,100.2,HIT,UNDER,122.2,HIT,Rule1_UpsetClause
931,2026-02-25,7:30 PM,NBA,OKC@DET,OKC,116,DET,124,240,221.0,+10.5,DET,OKC,116,OVER,A,+55.79,2.1,105.2,90.3,120.2,29.9,OVER,90.3,HIT,UNDER,120.2,HIT,Rule1_UpsetClause
932,2026-02-25,7:30 PM,NBA,SAC@HOU,SAC,97,HOU,128,225,221.5,+13.5,HOU,SAC,97,UNDER,A,-51.03,0.7,104.0,86.2,121.8,35.7,UNDER,121.8,HIT,OVER,86.2,HIT,Rule2_StructuralOutlier
933,2026-02-25,7:30 PM,NBA,SAS@TOR,SAS,110,TOR,107,217,230.5,+6.0,SAS,TOR,107,UNDER,A,-32.49,8.6,112.2,101.5,123.0,21.4,UNDER,123.0,HIT,OVER,101.5,HIT,Rule1_UpsetClause
934,2026-02-26,7:30 PM,NBA,CHA@IND,CHA,133,IND,109,242,229.5,+12.0,CHA,IND,109,UNDER,A,-3.05,1.2,108.8,92.3,125.2,32.8,UNDER,125.2,HIT,OVER,92.3,HIT,Rule1_UpsetClause
935,2026-02-26,7:30 PM,NBA,MIA@PHI,MIA,117,PHI,124,241,240.5,+2.0,PHI,MIA,117,UNDER,C,-1.17,22.8,119.2,105.2,133.3,28.2,UNDER,133.3,HIT,OVER,105.2,HIT,Rule4_UnderExecution
936,2026-02-26,7:30 PM,NBA,SAS@BKN,SAS,126,BKN,110,236,223.5,+10.5,SAS,BKN,110,UNDER,A,-67.40,2.1,106.5,91.5,121.5,29.9,UNDER,121.5,HIT,OVER,91.5,HIT,Rule1_UpsetClause
937,2026-02-26,7:30 PM,NBA,WAS@ATL,WAS,96,ATL,126,222,236.0,+10.5,ATL,WAS,96,UNDER,A,-35.26,2.1,112.8,97.8,127.7,29.9,UNDER,127.7,HIT,OVER,97.8,MISS,Rule1_UpsetClause
938,2026-02-27,7:30 PM,NBA,BKN@BOS,BKN,111,BOS,148,259,209.5,+16.5,BOS,BKN,111,UNDER,A,-89.99,0.3,96.5,75.8,117.2,41.3,UNDER,117.2,HIT,OVER,75.8,HIT,Rule2_StructuralOutlier
939,2026-02-27,7:30 PM,NBA,CLE@DET,CLE,119,DET,122,241,227.0,+8.5,DET,CLE,119,OVER,A,+2.67,4.0,109.2,96.2,122.3,26.2,OVER,96.2,HIT,UNDER,122.3,HIT,Rule1_UpsetClause
940,2026-02-27,7:30 PM,NBA,MEM@DAL,MEM,124,DAL,105,229,241.5,+5.0,DAL,MEM,124,OVER,B,+40.19,11.4,118.2,106.2,130.2,24.0,OVER,106.2,HIT,UNDER,130.2,HIT,Rule1_UpsetClause
941,2026-02-27,7:30 PM,NBA,NYK@MIL,NYK,127,MIL,98,225,219.5,+8.5,NYK,MIL,98,UNDER,A,-2.96,4.0,105.5,92.4,118.6,26.2,UNDER,118.6,HIT,OVER,92.4,HIT,Rule1_UpsetClause
942,2026-02-28,7:00 PM,NBA,HOU@MIA,HOU,105,MIA,115,220,226.0,+2.0,HOU,MIA,115,UNDER,C,-30.65,22.8,112.0,97.9,126.1,28.2,UNDER,126.1,HIT,OVER,97.9,HIT,Rule4_UnderExecution
943,2026-02-28,7:00 PM,NBA,LAL@GSW,LAL,129,GSW,101,230,225.5,+4.0,LAL,GSW,101,OVER,B,+21.65,14.7,110.8,99.8,121.8,22.0,OVER,99.8,HIT,UNDER,121.8,HIT,Rule1_UpsetClause
944,2026-02-28,7:00 PM,NBA,NOP@UTA,NOP,115,UTA,105,220,244.5,+5.5,UTA,NOP,115,UNDER,A,-0.73,9.9,119.5,109.3,129.7,20.4,UNDER,129.7,HIT,OVER,109.3,HIT,Rule1_UpsetClause
945,2026-02-28,7:00 PM,NBA,POR@CHA,POR,93,CHA,109,202,229.5,+6.5,CHA,POR,93,UNDER,A,-32.43,7.4,111.5,100.3,122.7,22.3,UNDER,122.7,HIT,OVER,100.3,MISS,Rule1_UpsetClause
946,2026-02-28,7:00 PM,NBA,TOR@WAS,TOR,134,WAS,125,259,229.0,+14.0,TOR,WAS,125,UNDER,A,-32.41,0.6,107.5,89.2,125.8,36.6,UNDER,125.8,HIT,OVER,89.2,HIT,Rule2_StructuralOutlier
947,2026-03-01,7:00 PM,NBA,CLE@BK,CLE,106,BK,102,208,224.5,+11.5,CLE,BK,102,UNDER,A,-15.93,1.5,106.5,90.6,122.4,31.8,UNDER,122.4,HIT,OVER,90.6,HIT,Rule1_UpsetClause
948,2026-03-01,7:00 PM,NBA,CLE@BKN,CLE,106,BKN,102,208,224.5,+11.5,CLE,BKN,102,UNDER,A,-38.45,1.5,106.5,90.6,122.4,31.8,UNDER,122.4,HIT,OVER,90.6,HIT,Rule1_UpsetClause
949,2026-03-01,7:00 PM,NBA,DET@ORL,DET,106,ORL,92,198,225.5,+5.0,DET,ORL,92,OVER,B,+28.48,11.4,110.2,98.2,122.2,24.0,OVER,98.2,MISS,UNDER,122.2,HIT,Rule1_UpsetClause
950,2026-03-01,7:00 PM,NBA,MIL@CHI,MIL,97,CHI,120,217,231.5,+2.5,MIL,CHI,120,UNDER,C,-17.05,20.7,114.5,99.9,129.1,29.2,UNDER,129.1,HIT,OVER,99.9,HIT,Rule4_UnderExecution
951,2026-03-01,7:00 PM,NBA,MIN@DEN,MIN,117,DEN,108,225,241.0,+3.0,DEN,MIN,117,OVER,C,+61.71,18.6,119.0,103.8,134.2,30.3,OVER,103.8,HIT,UNDER,134.2,HIT,Rule3_OverExecution
952,2026-03-01,7:00 PM,NBA,NOP@LAC,NOP,117,LAC,137,254,222.5,+8.5,LAC,NOP,117,UNDER,A,-6.28,4.0,107.0,93.9,120.1,26.2,UNDER,120.1,HIT,OVER,93.9,HIT,Rule1_UpsetClause
953,2026-03-01,7:00 PM,NBA,OKC@DAL,OKC,100,DAL,87,187,237.0,+16.5,OKC,DAL,87,UNDER,A,-22.19,0.3,110.2,89.6,130.9,41.4,UNDER,130.9,HIT,OVER,89.6,MISS,Rule2_StructuralOutlier
954,2026-03-01,7:00 PM,NBA,PHI@BOS,PHI,98,BOS,114,212,220.0,+8.5,BOS,PHI,98,UNDER,A,-16.71,4.0,105.8,92.7,118.8,26.2,UNDER,118.8,HIT,OVER,92.7,HIT,Rule1_UpsetClause
955,2026-03-01,7:00 PM,NBA,SA@NY,SA,89,NY,114,203,227.5,+1.0,SAS,NY,114,OVER,C,+42.00,27.2,113.2,100.2,126.3,26.1,OVER,100.2,HIT,UNDER,126.3,HIT,Rule3_OverExecution
956,2026-03-01,7:00 PM,NBA,SAC@LAL,SAC,104,LAL,128,232,236.0,+13.0,LAL,SAC,104,OVER,A,+3.46,0.9,111.5,94.2,128.8,34.7,OVER,94.2,HIT,UNDER,128.8,HIT,Rule2_StructuralOutlier
957,2026-03-01,7:00 PM,NBA,SAS@NYK,SAS,89,NYK,114,203,227.5,+1.0,NYK,SAS,89,UNDER,C,-35.59,27.2,113.2,100.2,126.3,26.1,UNDER,126.3,HIT,OVER,100.2,MISS,Rule4_UnderExecution
958,2026-03-02,7:30 PM,NBA,BOS@MIL,BOS,108,MIL,81,189,216.0,+2.5,BOS,MIL,81,UNDER,C,-28.83,20.7,106.8,92.1,121.4,29.2,UNDER,121.4,HIT,OVER,92.1,MISS,Rule4_UnderExecution
959,2026-03-02,7:30 PM,NBA,DEN@UTA,DEN,128,UTA,125,253,242.0,+11.5,DEN,UTA,125,OVER,A,+3.94,1.5,115.2,99.3,131.2,31.9,OVER,99.3,HIT,UNDER,131.2,HIT,Rule1_UpsetClause
960,2026-03-02,7:30 PM,NBA,HOU@WAS,HOU,123,WAS,118,241,225.5,+14.5,HOU,WAS,118,UNDER,A,-9.26,0.5,105.5,86.7,124.3,37.6,UNDER,124.3,HIT,OVER,86.7,HIT,Rule2_StructuralOutlier
961,2026-03-02,7:30 PM,NBA,LAC@GSW,LAC,114,GSW,101,215,216.5,+1.0,LAC,GSW,101,OVER,C,+40.36,27.2,107.8,94.7,120.8,26.1,OVER,94.7,HIT,UNDER,120.8,HIT,Rule3_OverExecution
962,2026-03-03,7:30 PM,NBA,BKN@MIA,BKN,98,MIA,124,222,226.0,+12.5,MIA,BKN,98,UNDER,A,-6.38,1.0,106.8,89.9,123.6,33.8,UNDER,123.6,HIT,OVER,89.9,HIT,Rule2_StructuralOutlier
963,2026-03-03,7:30 PM,NBA,DAL@CHA,DAL,90,CHA,117,207,227.0,+13.0,CHA,DAL,90,UNDER,A,-31.27,0.9,107.0,89.7,124.3,34.7,UNDER,124.3,HIT,OVER,89.7,HIT,Rule2_StructuralOutlier
964,2026-03-03,7:30 PM,NBA,DET@CLE,DET,109,CLE,113,222,228.0,+2.5,DET,CLE,113,UNDER,C,-3.65,20.7,112.8,98.1,127.4,29.2,UNDER,127.4,HIT,OVER,98.1,HIT,Rule4_UnderExecution
965,2026-03-03,7:30 PM,NBA,MEM@MIN,MEM,110,MIN,117,227,236.0,+14.0,MIN,MEM,110,OVER,A,+21.92,0.6,111.0,92.7,129.3,36.6,OVER,92.7,HIT,UNDER,129.3,HIT,Rule2_StructuralOutlier
966,2026-03-03,7:30 PM,NBA,NOP@LAL,NOP,101,LAL,110,211,243.0,+8.0,LAL,NOP,101,UNDER,A,-0.72,4.7,117.5,104.9,130.1,25.2,UNDER,130.1,HIT,OVER,104.9,MISS,Rule1_UpsetClause
967,2026-03-03,7:30 PM,NBA,NYK@TOR,NYK,111,TOR,95,206,221.5,-2.5,NYK,TOR,95,UNDER,C,-50.70,40.1,109.5,94.9,124.1,29.2,UNDER,124.1,HIT,OVER,94.9,HIT,Rule4_UnderExecution
968,2026-03-03,7:30 PM,NBA,OKC@CHI,OKC,116,CHI,108,224,232.0,-9.5,OKC,CHI,108,UNDER,A,-77.56,49.0,111.2,97.2,125.3,28.1,UNDER,125.3,HIT,OVER,97.2,HIT,Rule4_UnderExecution
969,2026-03-03,7:30 PM,NBA,PHX@SAC,PHX,114,SAC,103,217,224.0,-9.5,PHX,SAC,103,UNDER,A,-53.95,49.0,107.2,93.2,121.3,28.1,UNDER,121.3,HIT,OVER,93.2,HIT,Rule4_UnderExecution
970,2026-03-03,7:30 PM,NBA,SAS@PHI,SAS,131,PHI,91,222,231.0,-8.0,SAS,PHI,91,OVER,A,+7.30,48.3,111.5,98.9,124.1,25.2,OVER,98.9,MISS,UNDER,124.1,HIT,Rule3_OverExecution
971,2026-03-03,7:30 PM,NBA,WAS@ORL,WAS,109,ORL,126,235,228.0,+16.0,ORL,WAS,109,OVER,A,+13.20,0.3,106.0,85.8,126.2,40.4,OVER,85.8,HIT,UNDER,126.2,HIT,Rule2_StructuralOutlier
972,2026-03-04,7:30 PM,NBA,ATL@MIL,ATL,131,MIL,113,244,232.5,+1.0,MIL,ATL,131,UNDER,C,-57.67,27.2,115.8,102.7,128.8,26.1,UNDER,128.8,MISS,OVER,102.7,HIT,Rule4_UnderExecution
973,2026-03-04,7:30 PM,NBA,CHA@BOS,CHA,118,BOS,89,207,215.0,+6.5,BOS,CHA,118,UNDER,A,-52.39,7.4,104.2,93.1,115.4,22.3,UNDER,115.4,MISS,OVER,93.1,HIT,Rule1_UpsetClause
974,2026-03-04,7:30 PM,NBA,IND@LAC,IND,107,LAC,130,237,230.0,+12.0,LAC,IND,107,OVER,A,+51.00,1.2,109.0,92.6,125.4,32.8,OVER,92.6,HIT,UNDER,125.4,HIT,Rule1_UpsetClause
975,2026-03-04,7:30 PM,NBA,OKC@NYK,OKC,103,NYK,100,203,221.0,+4.0,OKC,NYK,100,UNDER,B,-77.41,14.7,108.5,97.5,119.5,22.0,UNDER,119.5,HIT,OVER,97.5,HIT,Rule1_UpsetClause
976,2026-03-04,7:30 PM,NBA,POR@MEM,POR,122,MEM,114,236,231.5,+9.5,POR,MEM,114,OVER,A,+13.85,2.9,111.0,97.0,125.0,28.1,OVER,97.0,HIT,UNDER,125.0,HIT,Rule1_UpsetClause
977,2026-03-04,7:30 PM,NBA,UTA@PHI,UTA,102,PHI,106,208,238.0,+7.0,PHI,UTA,102,OVER,A,+14.46,6.4,115.5,103.8,127.2,23.3,OVER,103.8,MISS,UNDER,127.2,HIT,Rule1_UpsetClause
978,2026-03-05,7:30 PM,NBA,BKN@MIA,BKN,110,MIA,126,236,225.0,+12.5,MIA,BKN,110,OVER,A,+5.51,1.0,106.2,89.4,123.1,33.8,OVER,89.4,HIT,UNDER,123.1,HIT,Rule2_StructuralOutlier
979,2026-03-05,7:30 PM,NBA,CHI@PHX,CHI,105,PHX,103,208,225.0,+11.5,PHX,CHI,105,UNDER,A,-83.18,1.5,106.8,90.8,122.7,31.8,UNDER,122.7,HIT,OVER,90.8,HIT,Rule1_UpsetClause
980,2026-03-05,7:30 PM,NBA,DAL@ORL,DAL,114,ORL,115,229,229.5,+7.5,ORL,DAL,114,UNDER,A,-32.50,5.5,111.0,98.9,123.1,24.2,UNDER,123.1,HIT,OVER,98.9,HIT,Rule1_UpsetClause
981,2026-03-05,7:30 PM,NBA,DET@SAS,DET,106,SAS,121,227,229.0,+3.0,SAS,DET,106,UNDER,C,-1.06,18.6,113.0,97.8,128.2,30.3,UNDER,128.2,HIT,OVER,97.8,HIT,Rule4_UnderExecution
982,2026-03-05,7:30 PM,NBA,GSW@HOU,GSW,115,HOU,113,228,214.5,+9.5,HOU,GSW,115,UNDER,A,-15.63,2.9,102.5,88.5,116.5,28.1,UNDER,116.5,HIT,OVER,88.5,HIT,Rule1_UpsetClause
983,2026-03-05,7:30 PM,NBA,LAL@DEN,LAL,113,DEN,120,233,241.0,+4.0,DEN,LAL,113,UNDER,B,-40.21,14.7,118.5,107.5,129.5,22.0,UNDER,129.5,HIT,OVER,107.5,HIT,Rule1_UpsetClause
984,2026-03-05,7:30 PM,NBA,NOP@SAC,NOP,133,SAC,123,256,236.0,+6.5,NOP,SAC,123,UNDER,A,-19.93,7.4,114.8,103.6,125.9,22.3,UNDER,125.9,HIT,OVER,103.6,HIT,Rule1_UpsetClause
985,2026-03-05,7:30 PM,NBA,TOR@MIN,TOR,107,MIN,115,222,227.0,+5.0,MIN,TOR,107,UNDER,B,-23.39,11.4,111.0,99.0,123.0,24.0,UNDER,123.0,HIT,OVER,99.0,HIT,Rule1_UpsetClause
986,2026-03-05,7:30 PM,NBA,UTA@WAS,UTA,122,WAS,112,234,241.0,+4.0,WAS,UTA,122,UNDER,B,-7.50,14.7,118.5,107.5,129.5,22.0,UNDER,129.5,HIT,OVER,107.5,HIT,Rule1_UpsetClause
987,2026-03-06,7:30 PM,NBA,DAL@BOS,DAL,100,BOS,120,220,226.0,+15.5,BOS,DAL,100,UNDER,A,-61.31,0.4,105.2,85.5,125.0,39.4,UNDER,125.0,HIT,OVER,85.5,HIT,Rule2_StructuralOutlier
988,2026-03-06,7:30 PM,NBA,IND@LAL,IND,117,LAL,128,245,235.5,+9.0,LAL,IND,117,OVER,A,+21.68,3.4,113.2,99.7,126.8,27.1,OVER,99.7,HIT,UNDER,126.8,HIT,Rule1_UpsetClause
989,2026-03-06,7:30 PM,NBA,LAC@SAS,LAC,112,SAS,116,228,221.5,+7.0,SAS,LAC,112,OVER,A,+31.41,6.4,107.2,95.6,118.9,23.3,OVER,95.6,HIT,UNDER,118.9,HIT,Rule1_UpsetClause
990,2026-03-06,7:30 PM,NBA,MIA@CHA,MIA,128,CHA,120,248,229.5,+7.0,CHA,MIA,128,UNDER,A,-18.16,6.4,111.2,99.6,122.9,23.3,UNDER,122.9,MISS,OVER,99.6,HIT,Rule1_UpsetClause
991,2026-03-06,7:30 PM,NBA,NOP@PHX,NOP,116,PHX,118,234,228.0,+4.0,PHX,NOP,116,UNDER,B,-75.68,14.7,112.0,101.0,123.0,22.0,UNDER,123.0,HIT,OVER,101.0,HIT,Rule1_UpsetClause
992,2026-03-06,7:30 PM,NBA,NYK@DEN,NYK,142,DEN,103,245,230.0,+1.0,DEN,NYK,142,UNDER,C,-44.66,27.2,114.5,101.5,127.5,26.1,UNDER,127.5,MISS,OVER,101.5,HIT,Rule4_UnderExecution
993,2026-03-06,7:30 PM,NBA,POR@HOU,POR,99,HOU,106,205,221.0,+6.5,HOU,POR,99,UNDER,A,-58.61,7.4,107.2,96.1,118.4,22.3,UNDER,118.4,HIT,OVER,96.1,HIT,Rule1_UpsetClause
994,2026-03-07,7:00 PM,NBA,BKN@DET,BKN,107,DET,105,212,214.5,+13.5,DET,BKN,107,OVER,A,+6.24,0.7,100.5,82.7,118.3,35.7,OVER,82.7,HIT,UNDER,118.3,HIT,Rule2_StructuralOutlier
995,2026-03-07,7:00 PM,NBA,GSW@OKC,GSW,97,OKC,104,201,219.5,-11.5,GSW,OKC,104,OVER,A,+55.40,49.5,104.0,88.1,119.9,31.8,OVER,88.1,HIT,UNDER,119.9,HIT,Rule3_OverExecution
996,2026-03-07,7:00 PM,NBA,LAC@MEM,LAC,123,MEM,120,243,229.0,+7.5,MEM,LAC,123,OVER,A,+31.16,5.5,110.8,98.6,122.9,24.2,OVER,98.6,HIT,UNDER,122.9,MISS,Rule1_UpsetClause
997,2026-03-07,7:00 PM,NBA,ORL@MIN,ORL,119,MIN,92,211,225.0,+7.0,MIN,ORL,119,UNDER,A,-16.56,6.4,109.0,97.3,120.7,23.3,UNDER,120.7,HIT,OVER,97.3,HIT,Rule1_UpsetClause
998,2026-03-07,7:00 PM,NBA,PHI@ATL,PHI,116,ATL,125,241,234.5,+7.0,ATL,PHI,116,UNDER,A,-49.29,6.4,113.8,102.1,125.4,23.3,UNDER,125.4,HIT,OVER,102.1,HIT,Rule1_UpsetClause
999,2026-03-07,7:00 PM,NBA,UTA@MIL,UTA,99,MIL,113,212,230.5,+9.5,MIL,UTA,99,UNDER,A,-22.16,2.9,110.5,96.5,124.5,28.1,UNDER,124.5,HIT,OVER,96.5,HIT,Rule1_UpsetClause
1000,2026-03-08,7:00 PM,NBA,BOS@CLE,BOS,109,CLE,98,207,224.5,+2.0,CLE,BOS,109,UNDER,C,-60.64,22.8,111.2,97.2,125.3,28.2,UNDER,125.3,HIT,OVER,97.2,HIT,Rule4_UnderExecution
1001,2026-03-08,7:00 PM,NBA,CHA@PHX,CHA,99,PHX,111,210,218.5,-4.5,CHA,PHX,111,UNDER,B,-84.10,44.5,107.0,95.5,118.5,23.0,UNDER,118.5,HIT,OVER,95.5,HIT,Rule4_UnderExecution
1002,2026-03-08,7:00 PM,NBA,CHI@SAC,CHI,110,SAC,126,236,236.0,-4.0,CHI,SAC,126,UNDER,B,-42.74,43.6,116.0,105.0,127.0,22.0,UNDER,127.0,HIT,OVER,105.0,HIT,Rule4_UnderExecution
1003,2026-03-08,7:00 PM,NBA,DAL@TOR,DAL,92,TOR,122,214,233.5,+10.0,TOR,DAL,92,UNDER,A,-53.52,2.4,111.8,97.2,126.2,29.0,UNDER,126.2,HIT,OVER,97.2,MISS,Rule1_UpsetClause
1004,2026-03-08,7:00 PM,NBA,DET@MIA,DET,110,MIA,121,231,230.5,+1.0,DET,MIA,121,OVER,C,+23.37,27.2,114.8,101.7,127.8,26.1,OVER,101.7,HIT,UNDER,127.8,HIT,Rule3_OverExecution
1005,2026-03-08,7:00 PM,NBA,HOU@SAS,HOU,120,SAS,145,265,223.0,+6.0,SAS,HOU,120,OVER,A,+14.77,8.6,108.5,97.8,119.2,21.4,OVER,97.8,HIT,UNDER,119.2,MISS,Rule1_UpsetClause
1006,2026-03-08,7:00 PM,NBA,IND@POR,IND,111,POR,131,242,237.5,+9.0,POR,IND,111,OVER,A,+23.66,3.4,114.2,100.7,127.8,27.1,OVER,100.7,HIT,UNDER,127.8,HIT,Rule1_UpsetClause
1007,2026-03-08,7:00 PM,NBA,NYK@LAL,NYK,97,LAL,110,207,227.0,+5.0,NYK,LAL,110,UNDER,B,-39.68,11.4,111.0,99.0,123.0,24.0,UNDER,123.0,HIT,OVER,99.0,HIT,Rule1_UpsetClause
1008,2026-03-08,7:00 PM,NBA,ORL@MIL,ORL,130,MIL,91,221,217.5,+6.0,MIL,ORL,130,UNDER,A,-41.94,8.6,105.8,95.0,116.5,21.4,UNDER,116.5,MISS,OVER,95.0,HIT,Rule1_UpsetClause
1009,2026-03-08,7:00 PM,NBA,WAS@NOP,WAS,118,NOP,138,256,244.5,+11.5,NOP,WAS,118,OVER,A,+18.70,1.5,116.5,100.6,132.4,31.9,OVER,100.6,HIT,UNDER,132.4,HIT,Rule1_UpsetClause
1010,2026-03-09,7:30 PM,NBA,DEN@OKC,DEN,126,OKC,129,255,237.0,+3.5,OKC,DEN,126,UNDER,B,-41.74,16.6,116.8,106.2,127.2,21.0,UNDER,127.2,HIT,OVER,106.2,HIT,Rule4_UnderExecution
1011,2026-03-09,7:30 PM,NBA,GSW@UTA,GSW,116,UTA,119,235,225.5,+6.5,UTA,GSW,116,UNDER,A,-20.36,7.4,109.5,98.3,120.7,22.3,UNDER,120.7,HIT,OVER,98.3,HIT,Rule1_UpsetClause
1012,2026-03-09,7:30 PM,NBA,MEM@BKN,MEM,115,BKN,129,244,220.0,+1.0,BKN,MEM,115,OVER,C,+20.97,27.2,109.5,96.5,122.5,26.1,OVER,96.5,HIT,UNDER,122.5,HIT,Rule3_OverExecution
1013,2026-03-09,7:30 PM,NBA,NYK@LAC,NYK,118,LAC,126,244,221.0,-1.5,NYK,LAC,126,OVER,C,+16.71,37.0,109.8,96.2,123.3,27.2,OVER,96.2,HIT,UNDER,123.3,MISS,Rule3_OverExecution
1014,2026-03-09,7:30 PM,NBA,PHI@CLE,PHI,101,CLE,115,216,225.5,+14.0,CLE,PHI,101,UNDER,A,-58.80,0.6,105.8,87.5,124.0,36.6,UNDER,124.0,HIT,OVER,87.5,HIT,Rule2_StructuralOutlier
1015,2026-03-10,7:30 PM,NBA,BOS@SAS,BOS,116,SAS,125,241,221.5,+3.5,SAS,BOS,116,UNDER,B,-32.57,16.6,109.0,98.5,119.5,21.0,UNDER,119.5,HIT,OVER,98.5,HIT,Rule4_UnderExecution
1016,2026-03-10,7:30 PM,NBA,CHA@POR,CHA,103,POR,101,204,227.5,-3.0,CHA,POR,101,UNDER,C,-65.17,41.4,112.2,97.1,127.4,30.3,UNDER,127.4,HIT,OVER,97.1,HIT,Rule4_UnderExecution
1017,2026-03-10,7:30 PM,NBA,CHI@GSW,CHI,130,GSW,124,254,226.5,+5.5,GSW,CHI,130,UNDER,A,-21.99,9.9,110.5,100.3,120.7,20.4,UNDER,120.7,MISS,OVER,100.3,HIT,Rule1_UpsetClause
1018,2026-03-10,7:30 PM,NBA,DAL@ATL,DAL,112,ATL,124,236,240.5,+10.0,ATL,DAL,112,UNDER,A,-69.79,2.4,115.2,100.8,129.8,29.0,UNDER,129.8,HIT,OVER,100.8,HIT,Rule1_UpsetClause
1019,2026-03-10,7:30 PM,NBA,DET@BKN,DET,138,BKN,100,238,217.0,+15.0,DET,BKN,100,UNDER,A,-22.10,0.4,101.0,81.8,120.2,38.5,UNDER,120.2,HIT,OVER,81.8,HIT,Rule2_StructuralOutlier
1020,2026-03-10,7:30 PM,NBA,IND@SAC,IND,109,SAC,114,223,236.0,+3.5,SAC,IND,109,OVER,B,+7.68,16.6,116.2,105.8,126.8,21.0,OVER,105.8,HIT,UNDER,126.8,HIT,Rule3_OverExecution
1021,2026-03-10,7:30 PM,NBA,MEM@PHI,MEM,129,PHI,139,268,229.0,+5.0,PHI,MEM,129,OVER,B,+8.84,11.4,112.0,100.0,124.0,24.0,OVER,100.0,HIT,UNDER,124.0,MISS,Rule1_UpsetClause
1022,2026-03-10,7:30 PM,NBA,MIN@LAL,MIN,106,LAL,120,226,229.0,-3.0,MIN,LAL,120,UNDER,C,-63.55,41.4,113.0,97.8,128.2,30.3,UNDER,128.2,HIT,OVER,97.8,HIT,Rule4_UnderExecution
1023,2026-03-10,7:30 PM,NBA,PHX@MIL,PHX,129,MIL,114,243,218.5,-2.0,PHX,MIL,114,UNDER,C,-62.62,38.6,108.2,94.2,122.3,28.2,UNDER,122.3,HIT,OVER,94.2,HIT,Rule4_UnderExecution
1024,2026-03-10,7:30 PM,NBA,TOR@HOU,TOR,99,HOU,113,212,220.0,+4.5,HOU,TOR,99,UNDER,B,-38.21,13.0,107.8,96.2,119.2,23.0,UNDER,119.2,HIT,OVER,96.2,HIT,Rule1_UpsetClause
1025,2026-03-10,7:30 PM,NBA,WAS@MIA,WAS,129,MIA,150,279,236.5,+16.0,MIA,WAS,129,OVER,A,+46.65,0.3,110.2,90.0,130.4,40.4,OVER,90.0,HIT,UNDER,130.4,HIT,Rule2_StructuralOutlier
1026,2026-03-11,7:30 PM,NBA,CHA@SAC,CHA,117,SAC,109,226,224.5,-14.5,CHA,SAC,109,UNDER,A,-29.01,49.8,105.0,86.2,123.8,37.6,UNDER,123.8,HIT,OVER,86.2,HIT,Rule2_StructuralOutlier
1027,2026-03-11,7:30 PM,NBA,CLE@ORL,CLE,122,ORL,128,250,226.5,+3.5,CLE,ORL,128,UNDER,B,-55.91,16.6,111.5,101.0,122.0,21.0,UNDER,122.0,MISS,OVER,101.0,HIT,Rule4_UnderExecution
1028,2026-03-11,7:30 PM,NBA,HOU@DEN,HOU,93,DEN,129,222,232.0,+7.0,DEN,HOU,93,OVER,A,+42.64,6.4,112.5,100.8,124.2,23.3,OVER,100.8,MISS,UNDER,124.2,HIT,Rule1_UpsetClause
1029,2026-03-11,7:30 PM,NBA,MIN@LAC,MIN,128,LAC,153,281,226.5,+2.0,LAC,MIN,128,OVER,C,+45.66,22.8,112.2,98.2,126.3,28.2,OVER,98.2,HIT,UNDER,126.3,MISS,Rule3_OverExecution
1030,2026-03-11,7:30 PM,NBA,NYK@UTA,NYK,134,UTA,117,251,231.5,+14.0,NYK,UTA,117,UNDER,A,-16.17,0.6,108.8,90.5,127.0,36.6,UNDER,127.0,HIT,OVER,90.5,HIT,Rule2_StructuralOutlier
1031,2026-03-11,7:30 PM,NBA,TOR@NOP,TOR,111,NOP,122,233,235.5,+2.5,NOP,TOR,111,UNDER,C,-16.42,20.7,116.5,101.9,131.1,29.2,UNDER,131.1,HIT,OVER,101.9,HIT,Rule4_UnderExecution
1032,2026-03-12,7:30 PM,NBA,BKN@ATL,BKN,97,ATL,108,205,226.5,+16.0,ATL,BKN,97,UNDER,A,-14.93,0.3,105.2,85.0,125.5,40.4,UNDER,125.5,HIT,OVER,85.0,HIT,Rule2_StructuralOutlier
1033,2026-03-12,7:30 PM,NBA,BOS@OKC,BOS,102,OKC,104,206,217.0,+9.0,OKC,BOS,102,UNDER,A,-96.23,3.4,104.0,90.5,117.5,27.1,UNDER,117.5,HIT,OVER,90.5,HIT,Rule1_UpsetClause
1034,2026-03-12,7:30 PM,NBA,CHI@LAL,CHI,130,LAL,142,272,240.5,+11.0,LAL,CHI,130,UNDER,A,-27.63,1.7,114.8,99.3,130.2,30.9,UNDER,130.2,HIT,OVER,99.3,HIT,Rule1_UpsetClause
1035,2026-03-12,7:30 PM,NBA,DAL@MEM,DAL,120,MEM,112,232,239.5,-5.0,DAL,MEM,112,OVER,B,+24.23,45.3,117.2,105.2,129.2,24.0,OVER,105.2,HIT,UNDER,129.2,HIT,Rule3_OverExecution
1036,2026-03-12,7:30 PM,NBA,DEN@SAS,DEN,136,SAS,131,267,241.5,+3.0,SAS,DEN,136,OVER,C,+84.58,18.6,119.2,104.1,134.4,30.3,OVER,104.1,HIT,UNDER,134.4,MISS,Rule3_OverExecution
1037,2026-03-12,7:30 PM,NBA,MIL@MIA,MIL,105,MIA,112,217,234.0,+5.5,MIA,MIL,105,OVER,A,+21.06,9.9,114.2,104.0,124.5,20.4,OVER,104.0,HIT,UNDER,124.5,HIT,Rule1_UpsetClause
1038,2026-03-12,7:30 PM,NBA,PHI@DET,PHI,109,DET,131,240,224.0,+15.0,DET,PHI,109,OVER,A,+13.18,0.4,104.5,85.2,123.8,38.5,OVER,85.2,HIT,UNDER,123.8,HIT,Rule2_StructuralOutlier
1039,2026-03-12,7:30 PM,NBA,PHX@IND,PHX,123,IND,108,231,222.0,+9.0,PHX,IND,108,OVER,A,+7.52,3.4,106.5,93.0,120.0,27.1,OVER,93.0,HIT,UNDER,120.0,HIT,Rule1_UpsetClause
1040,2026-03-12,7:30 PM,NBA,WAS@ORL,WAS,131,ORL,136,267,236.5,+13.5,ORL,WAS,131,OVER,A,+43.96,0.7,111.5,93.7,129.3,35.6,OVER,93.7,HIT,UNDER,129.3,MISS,Rule2_StructuralOutlier
1041,2026-03-13,7:30 PM,NBA,CHI@LAC,CHI,108,LAC,119,227,235.0,+13.5,LAC,CHI,108,OVER,A,+68.53,0.7,110.8,92.9,128.6,35.6,OVER,92.9,HIT,UNDER,128.6,HIT,Rule2_StructuralOutlier
1042,2026-03-13,7:30 PM,NBA,CLE@DAL,CLE,138,DAL,105,243,236.0,+13.0,CLE,DAL,105,UNDER,A,-64.55,0.9,111.5,94.2,128.8,34.7,UNDER,128.8,HIT,OVER,94.2,HIT,Rule2_StructuralOutlier
1043,2026-03-13,7:30 PM,NBA,MEM@DET,MEM,110,DET,126,236,232.0,+16.5,DET,MEM,110,OVER,A,+77.55,0.3,107.8,87.1,128.4,41.4,OVER,87.1,HIT,UNDER,128.4,HIT,Rule2_StructuralOutlier
1044,2026-03-13,7:30 PM,NBA,MIN@GSW,MIN,127,GSW,117,244,223.0,-5.0,MIN,GSW,117,OVER,B,+14.44,45.3,109.0,97.0,121.0,24.0,OVER,97.0,HIT,UNDER,121.0,HIT,Rule3_OverExecution
1045,2026-03-13,7:30 PM,NBA,NOP@HOU,NOP,105,HOU,107,212,230.5,+6.0,HOU,NOP,105,UNDER,A,-26.99,8.6,112.2,101.5,123.0,21.4,UNDER,123.0,HIT,OVER,101.5,HIT,Rule1_UpsetClause
1046,2026-03-13,7:30 PM,NBA,NYK@IND,NYK,101,IND,92,193,228.0,+12.5,NYK,IND,92,OVER,A,+35.08,1.0,107.8,90.9,124.6,33.8,OVER,90.9,HIT,UNDER,124.6,HIT,Rule2_StructuralOutlier
1047,2026-03-13,7:30 PM,NBA,PHX@TOR,PHX,115,TOR,122,237,220.5,+5.5,TOR,PHX,115,UNDER,A,-63.01,9.9,107.5,97.3,117.7,20.4,UNDER,117.7,HIT,OVER,97.3,HIT,Rule1_UpsetClause
1048,2026-03-13,7:30 PM,NBA,UTA@POR,UTA,114,POR,124,238,235.0,+16.0,POR,UTA,114,UNDER,A,-12.39,0.3,109.5,89.3,129.7,40.4,UNDER,129.7,HIT,OVER,89.3,HIT,Rule2_StructuralOutlier
1049,2026-03-14,7:00 PM,NBA,BKN@PHI,BKN,97,PHI,104,201,217.0,+9.0,PHI,BKN,97,UNDER,A,-5.34,3.4,104.0,90.5,117.5,27.1,UNDER,117.5,HIT,OVER,90.5,HIT,Rule1_UpsetClause
1050,2026-03-14,7:00 PM,NBA,CHA@SAS,CHA,102,SAS,115,217,232.0,+6.0,SAS,CHA,102,OVER,A,+40.52,8.6,113.0,102.3,123.7,21.4,OVER,102.3,MISS,UNDER,123.7,HIT,Rule1_UpsetClause
1051,2026-03-14,7:00 PM,NBA,DEN@LAL,DEN,125,LAL,127,252,245.5,-2.0,DEN,LAL,127,UNDER,C,-4.57,38.6,121.8,107.7,135.8,28.2,UNDER,135.8,HIT,OVER,107.7,HIT,Rule4_UnderExecution
1052,2026-03-14,7:00 PM,NBA,MIL@ATL,MIL,99,ATL,122,221,228.0,+11.0,ATL,MIL,99,UNDER,A,-32.95,1.7,108.5,93.0,124.0,30.9,UNDER,124.0,HIT,OVER,93.0,HIT,Rule1_UpsetClause
1053,2026-03-14,7:00 PM,NBA,ORL@MIA,ORL,121,MIA,117,238,237.0,-4.5,ORL,MIA,117,OVER,B,+52.42,44.5,116.2,104.8,127.8,23.0,OVER,104.8,HIT,UNDER,127.8,HIT,Rule3_OverExecution
1054,2026-03-14,7:00 PM,NBA,SAC@LAC,SAC,118,LAC,109,227,231.5,-13.5,SAC,LAC,109,OVER,A,+18.44,49.7,109.0,91.2,126.8,35.7,OVER,91.2,HIT,UNDER,126.8,HIT,Rule2_StructuralOutlier
1055,2026-03-14,7:00 PM,NBA,WAS@BOS,WAS,100,BOS,111,211,233.0,+20.5,BOS,WAS,100,OVER,A,+22.08,0.1,106.2,81.8,130.7,48.9,OVER,81.8,HIT,UNDER,130.7,HIT,Rule2_StructuralOutlier
1056,2026-03-15,7:00 PM,NBA,DAL@CLE,DAL,130,CLE,120,250,234.0,+15.0,CLE,DAL,130,UNDER,A,-58.66,0.4,109.5,90.2,128.8,38.5,UNDER,128.8,MISS,OVER,90.2,HIT,Rule2_StructuralOutlier
1057,2026-03-15,7:00 PM,NBA,DET@TOR,DET,108,TOR,119,227,224.5,+3.0,DET,TOR,119,OVER,C,+11.81,18.6,110.8,95.6,125.9,30.3,OVER,95.6,HIT,UNDER,125.9,HIT,Rule3_OverExecution
1058,2026-03-15,7:00 PM,NBA,IND@MIL,IND,123,MIL,134,257,228.0,+7.5,MIL,IND,123,UNDER,A,-16.49,5.5,110.2,98.1,122.4,24.2,UNDER,122.4,MISS,OVER,98.1,HIT,Rule1_UpsetClause
1059,2026-03-15,7:00 PM,NBA,MIN@OKC,MIN,103,OKC,116,219,228.0,+9.0,OKC,MIN,103,OVER,A,+15.29,3.4,109.5,96.0,123.0,27.1,OVER,96.0,HIT,UNDER,123.0,HIT,Rule1_UpsetClause
1060,2026-03-15,7:00 PM,NBA,UTA@SAC,UTA,111,SAC,116,227,230.5,+3.5,SAC,UTA,111,UNDER,B,-37.02,16.6,113.5,103.0,124.0,21.0,UNDER,124.0,HIT,OVER,103.0,HIT,Rule4_UnderExecution
1061,2026-03-16,7:30 PM,NBA,DAL@NOP,DAL,111,NOP,129,240,240.5,+9.0,NOP,DAL,111,UNDER,A,-20.69,3.4,115.8,102.2,129.3,27.1,UNDER,129.3,HIT,OVER,102.2,HIT,Rule1_UpsetClause
1062,2026-03-16,7:30 PM,NBA,GSW@WAS,GSW,125,WAS,117,242,234.5,+7.5,GSW,WAS,117,OVER,A,+61.76,5.5,113.5,101.4,125.6,24.2,OVER,101.4,HIT,UNDER,125.6,HIT,Rule1_UpsetClause
1063,2026-03-16,7:30 PM,NBA,LAL@HOU,LAL,100,HOU,92,192,223.5,-1.0,LAL,HOU,92,OVER,C,+19.26,35.3,111.2,98.2,124.3,26.1,OVER,98.2,MISS,UNDER,124.3,HIT,Rule3_OverExecution
1064,2026-03-16,7:30 PM,NBA,MEM@CHI,MEM,107,CHI,132,239,244.0,+7.0,CHI,MEM,107,OVER,A,+34.49,6.4,118.5,106.8,130.2,23.3,OVER,106.8,HIT,UNDER,130.2,HIT,Rule1_UpsetClause
1065,2026-03-16,7:30 PM,NBA,ORL@ATL,ORL,112,ATL,124,236,232.0,+3.5,ATL,ORL,112,OVER,B,+9.80,16.6,114.2,103.8,124.8,21.0,OVER,103.8,HIT,UNDER,124.8,HIT,Rule3_OverExecution
1066,2026-03-16,7:30 PM,NBA,PHX@BOS,PHX,112,BOS,122,234,216.5,+9.0,BOS,PHX,112,UNDER,A,-48.15,3.4,103.8,90.2,117.3,27.1,UNDER,117.3,HIT,OVER,90.2,HIT,Rule1_UpsetClause
1067,2026-03-16,7:30 PM,NBA,POR@BKN,POR,114,BKN,95,209,221.0,+11.5,POR,BKN,95,UNDER,A,-16.88,1.5,104.8,88.8,120.7,31.8,UNDER,120.7,HIT,OVER,88.8,HIT,Rule1_UpsetClause
1068,2026-03-16,7:30 PM,NBA,SAS@LAC,SAS,119,LAC,115,234,234.0,-8.0,SAS,LAC,115,OVER,A,+112.68,48.3,113.0,100.4,125.6,25.2,OVER,100.4,HIT,UNDER,125.6,HIT,Rule3_OverExecution
1069,2026-03-17,7:30 PM,NBA,CLE@MIL,CLE,123,MIL,116,239,226.5,-12.5,CLE,MIL,116,UNDER,A,-15.53,49.6,107.0,90.1,123.9,33.8,UNDER,123.9,HIT,OVER,90.1,HIT,Rule2_StructuralOutlier
1070,2026-03-17,7:30 PM,NBA,DET@WAS,DET,130,WAS,117,247,233.5,+19.5,DET,WAS,117,OVER,A,+79.81,0.1,107.0,83.5,130.5,47.1,OVER,83.5,HIT,UNDER,130.5,HIT,Rule2_StructuralOutlier
1071,2026-03-17,7:30 PM,NBA,IND@NYK,IND,110,NYK,136,246,222.5,+14.0,NYK,IND,110,OVER,A,+12.06,0.6,104.2,86.0,122.5,36.6,OVER,86.0,HIT,UNDER,122.5,HIT,Rule2_StructuralOutlier
1072,2026-03-17,7:30 PM,NBA,MIA@CHA,MIA,106,CHA,136,242,236.5,+5.0,CHA,MIA,106,UNDER,B,-3.52,11.4,115.8,103.8,127.8,24.0,UNDER,127.8,HIT,OVER,103.8,HIT,Rule1_UpsetClause
1073,2026-03-17,7:30 PM,NBA,OKC@ORL,OKC,113,ORL,108,221,224.5,+10.0,OKC,ORL,108,UNDER,A,-14.84,2.4,107.2,92.8,121.8,29.0,UNDER,121.8,HIT,OVER,92.8,HIT,Rule1_UpsetClause
1074,2026-03-17,7:30 PM,NBA,PHI@DEN,PHI,96,DEN,124,220,236.5,+15.5,DEN,PHI,96,OVER,A,+25.19,0.4,110.5,90.8,130.2,39.4,OVER,90.8,HIT,UNDER,130.2,HIT,Rule2_StructuralOutlier
1075,2026-03-17,7:30 PM,NBA,PHX@MIN,PHX,104,MIN,116,220,220.5,+3.5,MIN,PHX,104,OVER,B,+3.52,16.6,108.5,98.0,119.0,21.0,OVER,98.0,HIT,UNDER,119.0,HIT,Rule3_OverExecution
1076,2026-03-17,7:30 PM,NBA,SAS@SAC,SAS,132,SAC,104,236,233.5,-13.5,SAS,SAC,104,OVER,A,+59.96,49.7,110.0,92.2,127.8,35.7,OVER,92.2,HIT,UNDER,127.8,HIT,Rule2_StructuralOutlier
1077,2026-03-18,7:30 PM,NBA,ATL@DAL,ATL,135,DAL,120,255,239.0,-8.5,ATL,DAL,120,UNDER,A,-28.13,48.5,115.2,102.2,128.3,26.1,UNDER,128.3,HIT,OVER,102.2,HIT,Rule4_UnderExecution
1078,2026-03-18,7:30 PM,NBA,DEN@MEM,DEN,118,MEM,125,243,247.5,-12.5,DEN,MEM,125,OVER,A,+54.11,49.6,117.5,100.6,134.4,33.8,OVER,100.6,HIT,UNDER,134.4,HIT,Rule2_StructuralOutlier
1079,2026-03-18,7:30 PM,NBA,GSW@BOS,GSW,99,BOS,120,219,217.0,+11.5,BOS,GSW,99,OVER,A,+8.07,1.5,102.8,86.8,118.7,31.8,OVER,86.8,HIT,UNDER,118.7,HIT,Rule1_UpsetClause
1080,2026-03-18,7:30 PM,NBA,LAC@NOP,LAC,109,NOP,124,233,237.0,-2.0,LAC,NOP,124,OVER,C,+38.42,38.6,117.5,103.4,131.6,28.2,OVER,103.4,HIT,UNDER,131.6,HIT,Rule3_OverExecution
1081,2026-03-18,7:30 PM,NBA,LAL@HOU,LAL,124,HOU,116,240,223.5,+2.0,HOU,LAL,124,UNDER,C,-69.58,22.8,110.8,96.7,124.8,28.2,UNDER,124.8,HIT,OVER,96.7,HIT,Rule4_UnderExecution
1082,2026-03-18,7:30 PM,NBA,OKC@BKN,OKC,121,BKN,92,213,216.5,+19.0,OKC,BKN,92,UNDER,A,-66.40,0.1,98.8,75.7,121.8,46.1,UNDER,121.8,HIT,OVER,75.7,HIT,Rule2_StructuralOutlier
1083,2026-03-18,7:30 PM,NBA,POR@IND,POR,127,IND,119,246,233.0,+11.5,POR,IND,119,OVER,A,+13.30,1.5,110.8,94.8,126.7,31.8,OVER,94.8,HIT,UNDER,126.7,HIT,Rule1_UpsetClause
1084,2026-03-18,7:30 PM,NBA,TOR@CHI,TOR,139,CHI,109,248,237.0,+8.0,TOR,CHI,109,UNDER,A,-9.06,4.7,114.5,101.9,127.1,25.2,UNDER,127.1,HIT,OVER,101.9,HIT,Rule1_UpsetClause
1085,2026-03-18,7:30 PM,NBA,UTA@MIN,UTA,111,MIN,147,258,231.5,+12.5,MIN,UTA,111,OVER,A,+21.82,1.0,109.5,92.6,126.4,33.8,OVER,92.6,HIT,UNDER,126.4,HIT,Rule2_StructuralOutlier
1086,2026-03-19,7:30 PM,NBA,CLE@CHI,CLE,115,CHI,110,225,237.0,+9.5,CLE,CHI,110,OVER,A,+12.54,2.9,113.8,99.7,127.8,28.1,OVER,99.7,HIT,UNDER,127.8,HIT,Rule1_UpsetClause
1087,2026-03-19,7:30 PM,NBA,DET@WAS,DET,117,WAS,95,212,231.5,+14.5,DET,WAS,95,OVER,A,+83.46,0.5,108.5,89.7,127.3,37.6,OVER,89.7,HIT,UNDER,127.3,HIT,Rule2_StructuralOutlier
1088,2026-03-19,7:30 PM,NBA,LAC@NOP,LAC,99,NOP,105,204,229.0,+4.0,NOP,LAC,99,OVER,B,+31.93,14.7,112.5,101.5,123.5,22.0,OVER,101.5,MISS,UNDER,123.5,HIT,Rule1_UpsetClause
1089,2026-03-19,7:30 PM,NBA,LAL@MIA,LAL,134,MIA,126,260,242.5,+3.5,MIA,LAL,134,OVER,B,+2.27,16.6,119.5,109.0,130.0,21.0,OVER,109.0,HIT,UNDER,130.0,MISS,Rule3_OverExecution
1090,2026-03-19,7:30 PM,NBA,MIL@UTA,MIL,96,UTA,128,224,227.0,-6.0,MIL,UTA,128,OVER,A,+22.01,46.6,110.5,99.8,121.2,21.4,OVER,99.8,HIT,UNDER,121.2,MISS,Rule3_OverExecution
1091,2026-03-19,7:30 PM,NBA,ORL@CHA,ORL,111,CHA,130,241,226.5,+6.0,CHA,ORL,111,OVER,A,+2.87,8.6,110.2,99.5,121.0,21.4,OVER,99.5,HIT,UNDER,121.0,HIT,Rule1_UpsetClause
1092,2026-03-19,7:30 PM,NBA,PHI@SAC,PHI,139,SAC,118,257,228.5,-2.5,PHI,SAC,118,UNDER,C,-3.18,40.1,113.0,98.4,127.6,29.2,UNDER,127.6,HIT,OVER,98.4,HIT,Rule4_UnderExecution
1093,2026-03-19,7:30 PM,NBA,PHX@SAS,PHX,100,SAS,101,201,228.0,+10.0,SAS,PHX,100,OVER,A,+43.74,2.4,109.0,94.5,123.5,29.0,OVER,94.5,HIT,UNDER,123.5,HIT,Rule1_UpsetClause
1094,2026-03-20,7:30 PM,NBA,ATL@HOU,ATL,95,HOU,117,212,227.5,+3.5,HOU,ATL,95,UNDER,B,-66.27,16.6,112.0,101.5,122.5,21.0,UNDER,122.5,HIT,OVER,101.5,MISS,Rule4_UnderExecution
1095,2026-03-20,7:30 PM,NBA,BOS@MEM,BOS,117,MEM,112,229,229.5,+15.0,BOS,MEM,112,OVER,A,+16.94,0.4,107.2,88.0,126.5,38.5,OVER,88.0,HIT,UNDER,126.5,HIT,Rule2_StructuralOutlier
1096,2026-03-20,7:30 PM,NBA,GSW@DET,GSW,101,DET,115,216,219.0,+6.0,DET,GSW,101,OVER,A,+55.52,8.6,106.5,95.8,117.2,21.4,OVER,95.8,HIT,UNDER,117.2,HIT,Rule1_UpsetClause
1097,2026-03-20,7:30 PM,NBA,NYK@BKN,NYK,93,BKN,92,185,214.5,+18.5,NYK,BKN,92,UNDER,A,-29.49,0.1,98.0,75.4,120.6,45.2,UNDER,120.6,HIT,OVER,75.4,HIT,Rule2_StructuralOutlier
1098,2026-03-20,7:30 PM,NBA,POR@MIN,POR,108,MIN,104,212,231.0,+1.0,POR,MIN,104,OVER,C,+85.39,27.2,115.0,102.0,128.1,26.1,OVER,102.0,HIT,UNDER,128.1,HIT,Rule3_OverExecution
1099,2026-03-20,7:30 PM,NBA,TOR@DEN,TOR,115,DEN,121,236,238.0,+6.5,DEN,TOR,115,UNDER,A,-11.07,7.4,115.8,104.6,126.9,22.3,UNDER,126.9,HIT,OVER,104.6,HIT,Rule1_UpsetClause
1100,2026-03-21,7:00 PM,NBA,CLE@NOP,CLE,111,NOP,106,217,238.0,+5.0,CLE,NOP,106,UNDER,B,-21.65,11.4,116.5,104.5,128.5,24.0,UNDER,128.5,HIT,OVER,104.5,HIT,Rule1_UpsetClause
1101,2026-03-21,7:00 PM,NBA,GSW@ATL,GSW,110,ATL,126,236,228.0,+7.5,ATL,GSW,110,OVER,A,+23.80,5.5,110.2,98.1,122.4,24.2,OVER,98.1,HIT,UNDER,122.4,HIT,Rule1_UpsetClause
1102,2026-03-21,7:00 PM,NBA,IND@SAS,IND,119,SAS,134,253,235.0,-16.5,IND,SAS,134,UNDER,A,-5.91,49.9,109.2,88.6,129.9,41.4,UNDER,129.9,MISS,OVER,88.6,HIT,Rule2_StructuralOutlier
1103,2026-03-21,7:00 PM,NBA,LAC@DAL,LAC,138,DAL,131,269,233.5,-7.5,LAC,DAL,131,OVER,A,+3.62,47.9,113.0,100.9,125.1,24.2,OVER,100.9,HIT,UNDER,125.1,MISS,Rule3_OverExecution
1104,2026-03-21,7:00 PM,NBA,LAL@ORL,LAL,105,ORL,104,209,234.5,+2.5,LAL,ORL,104,OVER,C,+33.19,20.7,116.0,101.4,130.6,29.2,OVER,101.4,HIT,UNDER,130.6,HIT,Rule3_OverExecution
1105,2026-03-21,7:00 PM,NBA,MEM@CHA,MEM,101,CHA,124,225,232.5,+19.0,CHA,MEM,101,OVER,A,+10.98,0.1,106.8,83.7,129.8,46.1,OVER,83.7,HIT,UNDER,129.8,HIT,Rule2_StructuralOutlier
1106,2026-03-21,7:00 PM,NBA,MIA@HOU,MIA,122,HOU,123,245,228.5,-2.5,MIA,HOU,123,OVER,C,+16.55,40.1,113.0,98.4,127.6,29.2,OVER,98.4,HIT,UNDER,127.6,HIT,Rule3_OverExecution
1107,2026-03-21,7:00 PM,NBA,MIL@PHX,MIL,108,PHX,105,213,218.5,-11.0,MIL,PHX,105,UNDER,A,-39.66,49.4,103.8,88.3,119.2,30.9,UNDER,119.2,HIT,OVER,88.3,HIT,Rule4_UnderExecution
1108,2026-03-21,7:00 PM,NBA,OKC@WAS,OKC,132,WAS,111,243,231.0,+21.5,OKC,WAS,111,UNDER,A,-8.71,0.0,104.8,79.3,130.2,50.9,UNDER,130.2,HIT,OVER,79.3,HIT,Rule2_StructuralOutlier
1109,2026-03-21,7:00 PM,NBA,PHI@UTA,PHI,126,UTA,116,242,228.5,+6.0,UTA,PHI,126,OVER,A,+6.23,8.6,111.2,100.5,122.0,21.4,OVER,100.5,HIT,UNDER,122.0,MISS,Rule1_UpsetClause
1110,2026-03-22,7:00 PM,NBA,BKN@SAC,BKN,122,SAC,126,248,218.5,+7.0,SAC,BKN,122,UNDER,A,-85.41,6.4,105.8,94.1,117.4,23.3,UNDER,117.4,MISS,OVER,94.1,HIT,Rule1_UpsetClause
1111,2026-03-22,7:00 PM,NBA,MIN@BOS,MIN,102,BOS,92,194,222.5,+10.0,BOS,MIN,102,OVER,A,+20.47,2.4,106.2,91.8,120.8,29.0,OVER,91.8,HIT,UNDER,120.8,HIT,Rule1_UpsetClause
1112,2026-03-22,7:00 PM,NBA,POR@DEN,POR,112,DEN,128,240,237.5,+8.0,DEN,POR,112,UNDER,A,-46.79,4.7,114.8,102.2,127.3,25.2,UNDER,127.3,HIT,OVER,102.2,HIT,Rule1_UpsetClause
1113,2026-03-22,7:00 PM,NBA,TOR@PHX,TOR,98,PHX,120,218,220.0,-4.5,TOR,PHX,120,UNDER,B,-30.21,44.5,107.8,96.2,119.2,23.0,UNDER,119.2,MISS,OVER,96.2,HIT,Rule4_UnderExecution
1114,2026-03-22,7:00 PM,NBA,WAS@NYK,WAS,113,NYK,145,258,229.5,+22.5,NYK,WAS,113,OVER,A,+21.87,0.0,103.5,77.1,129.9,52.8,OVER,77.1,HIT,UNDER,129.9,HIT,Rule2_StructuralOutlier
1115,2026-03-23,7:30 PM,NBA,BKN@POR,BKN,99,POR,134,233,219.5,+15.5,POR,BKN,99,UNDER,A,-22.12,0.4,102.0,82.3,121.7,39.4,UNDER,121.7,HIT,OVER,82.3,HIT,Rule2_StructuralOutlier
1116,2026-03-23,7:30 PM,NBA,GSW@DAL,GSW,137,DAL,131,268,230.0,-2.5,GSW,DAL,131,OVER,C,+34.04,40.1,113.8,99.1,128.4,29.2,OVER,99.1,HIT,UNDER,128.4,MISS,Rule3_OverExecution
1117,2026-03-23,7:30 PM,NBA,HOU@CHI,HOU,124,CHI,132,256,233.5,-8.5,HOU,CHI,132,UNDER,A,-38.34,48.5,112.5,99.4,125.6,26.2,UNDER,125.6,MISS,OVER,99.4,HIT,Rule4_UnderExecution
1118,2026-03-23,7:30 PM,NBA,IND@ORL,IND,128,ORL,126,254,233.5,+10.5,ORL,IND,128,OVER,A,+34.04,2.1,111.5,96.5,126.5,29.9,OVER,96.5,HIT,UNDER,126.5,MISS,Rule1_UpsetClause
1119,2026-03-23,7:30 PM,NBA,LAL@DET,LAL,110,DET,113,223,224.5,+1.0,DET,LAL,110,UNDER,C,-15.09,27.2,111.8,98.7,124.8,26.1,UNDER,124.8,HIT,OVER,98.7,HIT,Rule4_UnderExecution
1120,2026-03-23,7:30 PM,NBA,MEM@ATL,MEM,107,ATL,146,253,239.0,+13.5,ATL,MEM,107,OVER,A,+10.38,0.7,112.8,94.9,130.6,35.6,OVER,94.9,HIT,UNDER,130.6,HIT,Rule2_StructuralOutlier
1121,2026-03-23,7:30 PM,NBA,MIL@LAC,MIL,96,LAC,129,225,221.0,+14.0,LAC,MIL,96,OVER,A,+30.27,0.6,103.5,85.2,121.8,36.6,OVER,85.2,HIT,UNDER,121.8,HIT,Rule2_StructuralOutlier
1122,2026-03-23,7:30 PM,NBA,OKC@PHI,OKC,123,PHI,103,226,226.5,+16.0,OKC,PHI,103,UNDER,A,-27.15,0.3,105.2,85.0,125.5,40.4,UNDER,125.5,HIT,OVER,85.0,HIT,Rule2_StructuralOutlier
1123,2026-03-23,7:30 PM,NBA,SAS@MIA,SAS,136,MIA,111,247,244.5,+3.5,SAS,MIA,111,OVER,B,+45.21,16.6,120.5,110.0,131.0,21.0,OVER,110.0,HIT,UNDER,131.0,HIT,Rule3_OverExecution
1124,2026-03-23,7:30 PM,NBA,TOR@UTA,TOR,143,UTA,127,270,231.5,-9.5,TOR,UTA,127,OVER,A,+8.83,49.0,111.0,97.0,125.0,28.1,OVER,97.0,HIT,UNDER,125.0,MISS,Rule3_OverExecution
1125,2026-03-24,7:30 PM,NBA,DEN@PHX,DEN,125,PHX,123,248,233.5,+6.0,DEN,PHX,123,UNDER,A,-48.85,8.6,113.8,103.0,124.5,21.4,UNDER,124.5,HIT,OVER,103.0,HIT,Rule1_UpsetClause
1126,2026-03-24,7:30 PM,NBA,NOP@NYK,NOP,116,NYK,121,237,228.5,+8.5,NYK,NOP,116,UNDER,A,-12.89,4.0,110.0,96.9,123.1,26.2,UNDER,123.1,HIT,OVER,96.9,HIT,Rule1_UpsetClause
1127,2026-03-24,7:30 PM,NBA,ORL@CLE,ORL,131,CLE,136,267,229.5,+10.5,CLE,ORL,131,UNDER,A,-12.70,2.1,109.5,94.5,124.5,29.9,UNDER,124.5,MISS,OVER,94.5,HIT,Rule1_UpsetClause
1128,2026-03-24,7:30 PM,NBA,SAC@CHA,SAC,90,CHA,134,224,233.0,+18.0,CHA,SAC,90,OVER,A,+15.13,0.2,107.5,85.4,129.6,44.2,OVER,85.4,HIT,UNDER,129.6,HIT,Rule2_StructuralOutlier
1129,2026-03-25,7:30 PM,NBA,ATL@DET,ATL,130,DET,129,259,229.5,+2.5,DET,ATL,130,UNDER,C,-0.45,20.7,113.5,98.9,128.1,29.2,UNDER,128.1,MISS,OVER,98.9,HIT,Rule4_UnderExecution
1130,2026-03-25,7:30 PM,NBA,BKN@GSW,BKN,106,GSW,109,215,218.5,+12.5,GSW,BKN,106,OVER,A,+9.55,1.0,103.0,86.1,119.9,33.8,OVER,86.1,HIT,UNDER,119.9,HIT,Rule2_StructuralOutlier
1131,2026-03-25,7:30 PM,NBA,CHI@PHI,CHI,137,PHI,157,294,241.0,+6.5,PHI,CHI,137,OVER,A,+2.70,7.4,117.2,106.1,128.4,22.4,OVER,106.1,HIT,UNDER,128.4,MISS,Rule1_UpsetClause
1132,2026-03-25,7:30 PM,NBA,DAL@DEN,DAL,135,DEN,142,277,246.0,+10.5,DEN,DAL,135,OVER,A,+21.52,2.1,117.8,102.8,132.7,29.9,OVER,102.8,HIT,UNDER,132.7,MISS,Rule1_UpsetClause
1133,2026-03-25,7:30 PM,NBA,HOU@MIN,HOU,108,MIN,110,218,223.0,-2.0,HOU,MIN,110,OVER,C,+2.46,38.6,110.5,96.4,124.6,28.2,OVER,96.4,HIT,UNDER,124.6,HIT,Rule3_OverExecution
1134,2026-03-25,7:30 PM,NBA,LAL@IND,LAL,137,IND,130,267,241.0,+8.5,LAL,IND,130,OVER,A,+41.40,4.0,116.2,103.2,129.3,26.1,OVER,103.2,HIT,UNDER,129.3,MISS,Rule1_UpsetClause
1135,2026-03-25,7:30 PM,NBA,MIA@CLE,MIA,120,CLE,103,223,243.0,+2.5,CLE,MIA,120,OVER,C,+15.81,20.7,120.2,105.6,134.9,29.2,OVER,105.6,HIT,UNDER,134.9,HIT,Rule3_OverExecution
1136,2026-03-25,7:30 PM,NBA,MIL@POR,MIL,99,POR,130,229,225.5,+15.5,POR,MIL,99,OVER,A,+17.62,0.4,105.0,85.3,124.7,39.4,OVER,85.3,HIT,UNDER,124.7,HIT,Rule2_StructuralOutlier
1137,2026-03-25,7:30 PM,NBA,OKC@BOS,OKC,109,BOS,119,228,221.5,-2.0,OKC,BOS,119,UNDER,C,-52.31,38.6,109.8,95.7,123.8,28.2,UNDER,123.8,HIT,OVER,95.7,HIT,Rule4_UnderExecution
1138,2026-03-25,7:30 PM,NBA,SAS@MEM,SAS,123,MEM,98,221,235.0,-17.0,SAS,MEM,98,OVER,A,+49.10,49.9,109.0,87.8,130.2,42.3,OVER,87.8,HIT,UNDER,130.2,HIT,Rule2_StructuralOutlier
1139,2026-03-25,7:30 PM,NBA,WAS@UTA,WAS,133,UTA,110,243,239.0,+3.5,UTA,WAS,133,OVER,B,+60.86,16.6,117.8,107.2,128.2,21.0,OVER,107.2,HIT,UNDER,128.2,MISS,Rule3_OverExecution
1140,2026-03-26,7:30 PM,NBA,NOP@DET,NOP,108,DET,129,237,225.5,+5.5,DET,NOP,108,OVER,A,+11.20,9.9,110.0,99.8,120.2,20.4,OVER,99.8,HIT,UNDER,120.2,HIT,Rule1_UpsetClause
1141,2026-03-26,7:30 PM,NBA,NYK@CHA,NYK,103,CHA,114,217,224.0,+2.5,CHA,NYK,103,UNDER,C,-5.06,20.7,110.8,96.1,125.4,29.2,UNDER,125.4,HIT,OVER,96.1,HIT,Rule4_UnderExecution
1142,2026-03-26,7:30 PM,NBA,SAC@ORL,SAC,117,ORL,121,238,231.0,+15.5,ORL,SAC,117,OVER,A,+41.93,0.4,107.8,88.0,127.5,39.4,OVER,88.0,HIT,UNDER,127.5,HIT,Rule2_StructuralOutlier
1143,2026-03-27,7:30 PM,NBA,ATL@BOS,ATL,102,BOS,109,211,223.5,+4.5,BOS,ATL,102,UNDER,B,-27.15,13.0,109.5,98.0,121.0,23.0,UNDER,121.0,HIT,OVER,98.0,HIT,Rule1_UpsetClause
1144,2026-03-27,7:30 PM,NBA,BKN@LAL,BKN,99,LAL,116,215,225.0,+18.5,LAL,BKN,99,UNDER,A,-8.45,0.1,103.2,80.7,125.8,45.2,UNDER,125.8,HIT,OVER,80.7,HIT,Rule2_StructuralOutlier
1145,2026-03-27,7:30 PM,NBA,CHI@OKC,CHI,113,OKC,131,244,241.5,+19.0,OKC,CHI,113,OVER,A,+4.78,0.1,111.2,88.2,134.3,46.1,OVER,88.2,HIT,UNDER,134.3,HIT,Rule2_StructuralOutlier
1146,2026-03-27,7:30 PM,NBA,DAL@POR,DAL,100,POR,93,193,239.5,+11.0,POR,DAL,100,OVER,A,+65.34,1.7,114.2,98.8,129.7,30.9,OVER,98.8,HIT,UNDER,129.7,HIT,Rule1_UpsetClause
1147,2026-03-27,7:30 PM,NBA,HOU@MEM,HOU,119,MEM,109,228,227.5,-14.0,HOU,MEM,109,OVER,A,+4.32,49.8,106.8,88.5,125.0,36.6,OVER,88.5,HIT,UNDER,125.0,HIT,Rule2_StructuralOutlier
1148,2026-03-27,7:30 PM,NBA,LAC@IND,LAC,114,IND,113,227,236.5,+9.0,IND,LAC,114,OVER,A,+63.84,3.4,113.8,100.2,127.3,27.1,OVER,100.2,HIT,UNDER,127.3,HIT,Rule1_UpsetClause
1149,2026-03-27,7:30 PM,NBA,MIA@CLE,MIA,128,CLE,149,277,241.0,+5.5,CLE,MIA,128,UNDER,A,-8.17,9.9,117.8,107.5,128.0,20.4,UNDER,128.0,MISS,OVER,107.5,HIT,Rule1_UpsetClause
1150,2026-03-27,7:30 PM,NBA,NOP@TOR,NOP,106,TOR,119,225,229.0,+8.5,TOR,NOP,106,UNDER,A,-4.68,4.0,110.2,97.2,123.3,26.2,UNDER,123.3,HIT,OVER,97.2,HIT,Rule1_UpsetClause
1151,2026-03-27,7:30 PM,NBA,UTA@DEN,UTA,129,DEN,135,264,248.0,+20.0,DEN,UTA,129,OVER,A,+48.15,0.1,114.0,90.0,138.0,48.0,OVER,90.0,HIT,UNDER,138.0,HIT,Rule2_StructuralOutlier
1152,2026-03-27,7:30 PM,NBA,WAS@GSW,WAS,126,GSW,131,257,230.5,+12.0,GSW,WAS,126,OVER,A,+74.19,1.2,109.2,92.8,125.7,32.8,OVER,92.8,HIT,UNDER,125.7,MISS,Rule1_UpsetClause
1153,2026-03-28,7:00 PM,NBA,CHI@MEM,CHI,124,MEM,125,249,247.5,-5.5,CHI,MEM,125,OVER,A,+20.19,46.0,121.0,110.8,131.2,20.4,OVER,110.8,HIT,UNDER,131.2,HIT,Rule3_OverExecution
1154,2026-03-28,7:00 PM,NBA,DET@MIN,DET,109,MIN,87,196,222.0,+2.0,DET,MIN,87,OVER,C,+42.60,22.8,110.0,95.9,124.1,28.2,OVER,95.9,MISS,UNDER,124.1,HIT,Rule3_OverExecution
1155,2026-03-28,7:00 PM,NBA,PHI@CHA,PHI,118,CHA,114,232,232.0,+6.5,CHA,PHI,118,OVER,A,+8.76,7.4,112.8,101.6,123.9,22.3,OVER,101.6,HIT,UNDER,123.9,HIT,Rule1_UpsetClause
1156,2026-03-28,7:00 PM,NBA,SAC@ATL,SAC,113,ATL,123,236,235.0,+13.5,ATL,SAC,113,OVER,A,+35.56,0.7,110.8,92.9,128.6,35.6,OVER,92.9,HIT,UNDER,128.6,HIT,Rule2_StructuralOutlier
1157,2026-03-28,7:00 PM,NBA,SAS@MIL,SAS,127,MIL,95,222,227.5,+17.0,SAS,MIL,95,OVER,A,+16.55,0.2,105.2,84.1,126.4,42.3,OVER,84.1,HIT,UNDER,126.4,HIT,Rule2_StructuralOutlier
1158,2026-03-28,7:00 PM,NBA,UTA@PHX,UTA,109,PHX,134,243,231.5,+17.5,PHX,UTA,109,OVER,A,+23.16,0.2,107.0,85.4,128.6,43.2,OVER,85.4,HIT,UNDER,128.6,HIT,Rule2_StructuralOutlier
1159,2026-03-29,7:00 PM,NBA,BOS@CHA,BOS,114,CHA,99,213,217.0,+2.0,BOS,CHA,99,UNDER,C,-52.77,22.8,107.5,93.4,121.6,28.2,UNDER,121.6,HIT,OVER,93.4,HIT,Rule4_UnderExecution
1160,2026-03-29,7:00 PM,NBA,GSW@DEN,GSW,93,DEN,116,209,238.5,+12.0,DEN,GSW,93,OVER,A,+62.79,1.2,113.2,96.8,129.7,32.8,OVER,96.8,MISS,UNDER,129.7,HIT,Rule1_UpsetClause
1161,2026-03-29,7:00 PM,NBA,HOU@NOP,HOU,134,NOP,102,236,227.0,-5.5,HOU,NOP,102,UNDER,A,-25.22,46.0,110.8,100.5,121.0,20.4,UNDER,121.0,HIT,OVER,100.5,HIT,Rule4_UnderExecution
1162,2026-03-29,7:00 PM,NBA,LAC@MIL,LAC,127,MIL,113,240,219.5,+17.5,LAC,MIL,113,OVER,A,+16.30,0.2,101.0,79.4,122.6,43.2,OVER,79.4,HIT,UNDER,122.6,HIT,Rule2_StructuralOutlier
1163,2026-03-29,7:00 PM,NBA,MIA@IND,MIA,118,IND,135,253,245.5,+8.5,IND,MIA,118,OVER,A,+62.51,4.0,118.5,105.4,131.6,26.1,OVER,105.4,HIT,UNDER,131.6,HIT,Rule1_UpsetClause
1164,2026-03-29,7:00 PM,NBA,NYK@OKC,NYK,100,OKC,111,211,223.5,+8.0,OKC,NYK,100,UNDER,A,-11.72,4.7,107.8,95.2,120.3,25.2,UNDER,120.3,HIT,OVER,95.2,HIT,Rule1_UpsetClause
1165,2026-03-29,7:00 PM,NBA,ORL@TOR,ORL,87,TOR,139,226,226.0,+1.5,TOR,ORL,87,OVER,C,+43.06,25.0,112.2,98.7,125.8,27.2,OVER,98.7,MISS,UNDER,125.8,HIT,Rule3_OverExecution
1166,2026-03-29,7:00 PM,NBA,SAC@BKN,SAC,99,BKN,116,215,216.5,+2.0,BKN,SAC,99,OVER,C,+16.02,22.8,107.2,93.2,121.3,28.2,OVER,93.2,HIT,UNDER,121.3,HIT,Rule3_OverExecution
1167,2026-03-29,7:00 PM,NBA,WAS@POR,WAS,88,POR,123,211,235.5,+16.5,POR,WAS,88,OVER,A,+38.81,0.3,109.5,88.8,130.2,41.4,OVER,88.8,MISS,UNDER,130.2,HIT,Rule2_StructuralOutlier
1168,2026-03-30,7:30 PM,NBA,BOS@ATL,BOS,102,ATL,112,214,226.0,+3.0,ATL,BOS,102,UNDER,C,-11.70,18.6,111.5,96.3,126.7,30.3,UNDER,126.7,HIT,OVER,96.3,HIT,Rule4_UnderExecution
1169,2026-03-30,7:30 PM,NBA,CHI@SAS,CHI,114,SAS,129,243,246.5,+18.0,SAS,CHI,114,OVER,A,+44.77,0.2,114.2,92.2,136.3,44.2,OVER,92.2,HIT,UNDER,136.3,HIT,Rule2_StructuralOutlier
1170,2026-03-30,7:30 PM,NBA,CLE@UTA,CLE,122,UTA,113,235,242.5,-16.5,CLE,UTA,113,OVER,A,+32.84,49.9,113.0,92.3,133.7,41.4,OVER,92.3,HIT,UNDER,133.7,HIT,Rule2_StructuralOutlier
1171,2026-03-30,7:30 PM,NBA,DET@OKC,DET,110,OKC,114,224,218.0,+12.0,OKC,DET,110,UNDER,A,-14.80,1.2,103.0,86.6,119.4,32.8,UNDER,119.4,HIT,OVER,86.6,HIT,Rule1_UpsetClause
1172,2026-03-30,7:30 PM,NBA,MIN@DAL,MIN,124,DAL,94,218,236.5,-8.5,MIN,DAL,94,UNDER,A,-2.60,48.5,114.0,100.9,127.1,26.2,UNDER,127.1,HIT,OVER,100.9,MISS,Rule4_UnderExecution
1173,2026-03-30,7:30 PM,NBA,PHI@MIA,PHI,109,MIA,119,228,242.5,+2.5,MIA,PHI,109,OVER,C,+61.83,20.7,120.0,105.4,134.6,29.2,OVER,105.4,HIT,UNDER,134.6,HIT,Rule3_OverExecution
1174,2026-03-30,7:30 PM,NBA,PHX@MEM,PHX,131,MEM,105,236,228.0,+12.5,PHX,MEM,105,OVER,A,+2.13,1.0,107.8,90.9,124.6,33.8,OVER,90.9,HIT,UNDER,124.6,HIT,Rule2_StructuralOutlier
1175,2026-03-30,7:30 PM,NBA,WAS@LAL,WAS,101,LAL,120,221,236.5,+15.5,LAL,WAS,101,OVER,A,+49.14,0.4,110.5,90.8,130.2,39.4,OVER,90.8,HIT,UNDER,130.2,HIT,Rule2_StructuralOutlier
1176,2026-03-31,7:30 PM,NBA,CHA@BKN,CHA,117,BKN,86,203,219.5,+18.5,CHA,BKN,86,UNDER,A,-20.18,0.1,100.5,77.9,123.1,45.2,UNDER,123.1,HIT,OVER,77.9,HIT,Rule2_StructuralOutlier
1177,2026-03-31,7:30 PM,NBA,CLE@LAL,CLE,113,LAL,127,240,236.0,+2.0,LAL,CLE,113,OVER,C,+10.69,22.8,117.0,102.9,131.1,28.2,OVER,102.9,HIT,UNDER,131.1,HIT,Rule3_OverExecution
1178,2026-03-31,7:30 PM,NBA,DAL@MIL,DAL,99,MIL,123,222,231.0,+3.0,MIL,DAL,99,UNDER,C,-10.62,18.6,114.0,98.8,129.2,30.3,UNDER,129.2,HIT,OVER,98.8,HIT,Rule4_UnderExecution
1179,2026-03-31,7:30 PM,NBA,NYK@HOU,NYK,94,HOU,111,205,218.5,+1.0,HOU,NYK,94,UNDER,C,-5.44,27.2,108.8,95.7,121.8,26.1,UNDER,121.8,HIT,OVER,95.7,MISS,Rule4_UnderExecution
1180,2026-03-31,7:30 PM,NBA,PHX@ORL,PHX,111,ORL,115,226,225.0,+2.5,ORL,PHX,111,OVER,C,+9.21,20.7,111.2,96.6,125.9,29.2,OVER,96.6,HIT,UNDER,125.9,HIT,Rule3_OverExecution
1181,2026-03-31,7:30 PM,NBA,POR@LAC,POR,114,LAC,104,218,226.0,+4.5,POR,LAC,104,OVER,B,+16.39,13.0,110.8,99.2,122.2,23.0,OVER,99.2,HIT,UNDER,122.2,HIT,Rule1_UpsetClause
1182,2026-03-31,7:30 PM,NBA,TOR@DET,TOR,116,DET,127,243,220.5,+3.5,DET,TOR,116,OVER,B,+14.12,16.6,108.5,98.0,119.0,21.0,OVER,98.0,HIT,UNDER,119.0,HIT,Rule3_OverExecution
1183,2026-04-01,7:30 PM,NBA,ATL@ORL,ATL,130,ORL,101,231,235.5,+2.5,ATL,ORL,101,OVER,C,+41.61,20.7,116.5,101.9,131.1,29.2,OVER,101.9,MISS,UNDER,131.1,HIT,Rule3_OverExecution
1184,2026-04-01,7:30 PM,NBA,BOS@MIA,BOS,147,MIA,129,276,230.0,+4.5,BOS,MIA,129,UNDER,B,-13.67,13.0,112.8,101.2,124.2,23.0,UNDER,124.2,MISS,OVER,101.2,HIT,Rule1_UpsetClause
1185,2026-04-01,7:30 PM,NBA,DEN@UTA,DEN,130,UTA,117,247,249.5,+17.0,DEN,UTA,117,OVER,A,+44.04,0.2,116.2,95.1,137.4,42.3,OVER,95.1,HIT,UNDER,137.4,HIT,Rule2_StructuralOutlier
1186,2026-04-01,7:30 PM,NBA,IND@CHI,IND,145,CHI,126,271,246.5,+4.0,IND,CHI,126,OVER,B,+50.01,14.7,121.2,110.2,132.2,22.0,OVER,110.2,HIT,UNDER,132.2,HIT,Rule1_UpsetClause
1187,2026-04-01,7:30 PM,NBA,MIL@HOU,MIL,113,HOU,119,232,216.5,+19.5,HOU,MIL,113,UNDER,A,-4.73,0.1,98.5,75.0,122.0,47.1,UNDER,122.0,HIT,OVER,75.0,HIT,Rule2_StructuralOutlier
1188,2026-04-01,7:30 PM,NBA,NYK@MEM,NYK,130,MEM,119,249,225.5,+13.5,NYK,MEM,119,OVER,A,+21.86,0.7,106.0,88.2,123.8,35.7,OVER,88.2,HIT,UNDER,123.8,HIT,Rule2_StructuralOutlier
1189,2026-04-01,7:30 PM,NBA,PHI@WAS,PHI,153,WAS,131,284,238.5,+14.5,PHI,WAS,131,OVER,A,+63.55,0.5,112.0,93.2,130.8,37.6,OVER,93.2,HIT,UNDER,130.8,MISS,Rule2_StructuralOutlier
1190,2026-04-01,7:30 PM,NBA,SAC@TOR,SAC,123,TOR,115,238,228.5,+12.5,TOR,SAC,123,OVER,A,+31.37,1.0,108.0,91.1,124.9,33.8,OVER,91.1,HIT,UNDER,124.9,HIT,Rule2_StructuralOutlier
1191,2026-04-01,7:30 PM,NBA,SAS@GSW,SAS,127,GSW,113,240,228.5,+14.5,SAS,GSW,113,OVER,A,+57.42,0.5,107.0,88.2,125.8,37.6,OVER,88.2,HIT,UNDER,125.8,HIT,Rule2_StructuralOutlier
1192,2026-04-02,7:30 PM,NBA,CLE@GSW,CLE,118,GSW,111,229,229.5,+10.0,CLE,GSW,111,OVER,A,+31.66,2.4,109.8,95.2,124.2,29.0,OVER,95.2,HIT,UNDER,124.2,HIT,Rule1_UpsetClause
1193,2026-04-02,7:30 PM,NBA,LAL@OKC,LAL,96,OKC,139,235,233.0,+9.0,OKC,LAL,96,UNDER,A,-50.88,3.4,112.0,98.5,125.5,27.1,UNDER,125.5,HIT,OVER,98.5,MISS,Rule1_UpsetClause
1194,2026-04-02,7:30 PM,NBA,MIN@DET,MIN,108,DET,113,221,221.0,+5.5,DET,MIN,108,OVER,A,+10.29,9.9,107.8,97.5,118.0,20.4,OVER,97.5,HIT,UNDER,118.0,HIT,Rule1_UpsetClause
1195,2026-04-02,7:30 PM,NBA,NOP@POR,NOP,106,POR,118,224,235.0,+5.5,POR,NOP,106,UNDER,A,-28.61,9.9,114.8,104.5,125.0,20.4,UNDER,125.0,HIT,OVER,104.5,HIT,Rule1_UpsetClause
1196,2026-04-02,7:30 PM,NBA,PHX@CHA,PHX,107,CHA,127,234,228.0,+5.5,CHA,PHX,107,UNDER,A,-25.64,9.9,111.2,101.0,121.5,20.4,UNDER,121.5,HIT,OVER,101.0,HIT,Rule1_UpsetClause
1197,2026-04-02,7:30 PM,NBA,SAS@LAC,SAS,118,LAC,99,217,231.5,+2.5,SAS,LAC,99,OVER,C,+59.32,20.7,114.5,99.9,129.1,29.2,OVER,99.9,MISS,UNDER,129.1,HIT,Rule3_OverExecution
1198,2026-04-03,7:30 PM,NBA,ATL@BKN,ATL,141,BKN,107,248,225.0,+16.5,ATL,BKN,107,UNDER,A,-10.72,0.3,104.2,83.6,124.9,41.3,UNDER,124.9,HIT,OVER,83.6,HIT,Rule2_StructuralOutlier
1199,2026-04-03,7:30 PM,NBA,BOS@MIL,BOS,133,MIL,101,234,218.0,+17.5,BOS,MIL,101,UNDER,A,-0.68,0.2,100.2,78.6,121.9,43.2,UNDER,121.9,HIT,OVER,78.6,HIT,Rule2_StructuralOutlier
1200,2026-04-03,7:30 PM,NBA,CHI@NYK,CHI,96,NYK,136,232,236.5,+13.5,NYK,CHI,96,OVER,A,+41.03,0.7,111.5,93.7,129.3,35.6,OVER,93.7,HIT,UNDER,129.3,HIT,Rule2_StructuralOutlier
1201,2026-04-03,7:30 PM,NBA,IND@CHA,IND,108,CHA,129,237,234.5,+15.5,CHA,IND,108,OVER,A,+45.01,0.4,109.5,89.8,129.2,39.4,OVER,89.8,HIT,UNDER,129.2,HIT,Rule2_StructuralOutlier
1202,2026-04-03,7:30 PM,NBA,MIN@PHI,MIN,103,PHI,115,218,234.5,+3.5,PHI,MIN,103,OVER,B,+38.19,16.6,115.5,105.0,126.0,21.0,OVER,105.0,MISS,UNDER,126.0,HIT,Rule3_OverExecution
1203,2026-04-03,7:30 PM,NBA,NOP@SAC,NOP,113,SAC,117,230,232.5,+6.5,SAC,NOP,113,UNDER,A,-30.21,7.4,113.0,101.8,124.2,22.3,UNDER,124.2,HIT,OVER,101.8,HIT,Rule1_UpsetClause
1204,2026-04-03,7:30 PM,NBA,ORL@DAL,ORL,138,DAL,127,265,240.0,+7.0,ORL,DAL,127,UNDER,A,-0.64,6.4,116.5,104.8,128.2,23.3,UNDER,128.2,HIT,OVER,104.8,HIT,Rule1_UpsetClause
1205,2026-04-03,7:30 PM,NBA,TOR@MEM,TOR,128,MEM,96,224,234.5,+15.0,TOR,MEM,96,OVER,A,+50.31,0.4,109.8,90.5,129.0,38.5,OVER,90.5,HIT,UNDER,129.0,HIT,Rule2_StructuralOutlier
1206,2026-04-03,7:30 PM,NBA,UTA@HOU,UTA,106,HOU,140,246,233.0,+18.5,HOU,UTA,106,OVER,A,+27.06,0.1,107.2,84.7,129.8,45.1,OVER,84.7,HIT,UNDER,129.8,HIT,Rule2_StructuralOutlier
1207,2026-04-04,7:00 PM,NBA,DET@PHI,DET,116,PHI,93,209,226.0,+3.5,DET,PHI,93,OVER,B,+29.23,16.6,111.2,100.8,121.8,21.0,OVER,100.8,MISS,UNDER,121.8,HIT,Rule3_OverExecution
1208,2026-04-04,7:00 PM,NBA,SAS@DEN,SAS,134,DEN,136,270,244.0,+2.0,DEN,SAS,134,UNDER,C,-16.40,22.8,121.0,106.9,135.1,28.2,UNDER,135.1,HIT,OVER,106.9,HIT,Rule4_UnderExecution
1209,2026-04-04,7:00 PM,NBA,WAS@MIA,WAS,136,MIA,152,288,246.0,+18.0,MIA,WAS,136,OVER,A,+99.10,0.2,114.0,91.9,136.1,44.2,OVER,91.9,HIT,UNDER,136.1,HIT,Rule2_StructuralOutlier
1210,2026-04-05,7:00 PM,NBA,CHA@MIN,CHA,122,MIN,108,230,226.5,+5.0,CHA,MIN,108,UNDER,B,-31.39,11.4,110.8,98.8,122.8,24.0,UNDER,122.8,HIT,OVER,98.8,HIT,Rule1_UpsetClause
1211,2026-04-05,7:00 PM,NBA,HOU@GSW,HOU,117,GSW,116,233,228.5,+4.0,HOU,GSW,116,OVER,B,+27.76,14.7,112.2,101.2,123.2,22.0,OVER,101.2,HIT,UNDER,123.2,HIT,Rule1_UpsetClause
1212,2026-04-05,7:00 PM,NBA,IND@CLE,IND,108,CLE,117,225,239.5,+16.5,CLE,IND,108,OVER,A,+42.66,0.3,111.5,90.8,132.2,41.4,OVER,90.8,HIT,UNDER,132.2,HIT,Rule2_StructuralOutlier
1213,2026-04-05,7:00 PM,NBA,LAC@SAC,LAC,138,SAC,109,247,228.0,+13.5,LAC,SAC,109,OVER,A,+43.44,0.7,107.2,89.4,125.1,35.7,OVER,89.4,HIT,UNDER,125.1,HIT,Rule2_StructuralOutlier
1214,2026-04-05,7:00 PM,NBA,LAL@DAL,LAL,128,DAL,134,262,235.0,+1.5,DAL,LAL,128,UNDER,C,-24.84,25.0,116.8,103.2,130.3,27.1,UNDER,130.3,HIT,OVER,103.2,HIT,Rule4_UnderExecution
1215,2026-04-05,7:00 PM,NBA,MEM@MIL,MEM,115,MIL,131,246,230.5,+7.5,MIL,MEM,115,OVER,A,+19.55,5.5,111.5,99.4,123.6,24.2,OVER,99.4,HIT,UNDER,123.6,HIT,Rule1_UpsetClause
1216,2026-04-05,7:00 PM,NBA,ORL@NOP,ORL,112,NOP,108,220,237.0,+6.5,ORL,NOP,108,OVER,A,+15.29,7.4,115.2,104.1,126.4,22.3,OVER,104.1,HIT,UNDER,126.4,HIT,Rule1_UpsetClause
1217,2026-04-05,7:00 PM,NBA,PHX@CHI,PHX,120,CHI,110,230,242.5,+11.5,PHX,CHI,110,OVER,A,+28.06,1.5,115.5,99.6,131.4,31.9,OVER,99.6,HIT,UNDER,131.4,HIT,Rule1_UpsetClause
1218,2026-04-05,7:00 PM,NBA,TOR@BOS,TOR,101,BOS,115,216,220.5,+9.0,BOS,TOR,101,OVER,A,+2.97,3.4,105.8,92.2,119.3,27.1,OVER,92.2,HIT,UNDER,119.3,HIT,Rule1_UpsetClause
1219,2026-04-05,7:00 PM,NBA,UTA@OKC,UTA,111,OKC,146,257,240.5,+25.0,OKC,UTA,111,OVER,A,+7.43,0.0,107.8,79.0,136.5,57.5,OVER,79.0,HIT,UNDER,136.5,HIT,Rule2_StructuralOutlier
1220,2026-04-05,7:00 PM,NBA,WAS@BKN,WAS,115,BKN,121,236,230.5,+3.0,BKN,WAS,115,OVER,C,+62.62,18.6,113.8,98.6,128.9,30.3,OVER,98.6,HIT,UNDER,128.9,HIT,Rule3_OverExecution
1221,2026-04-06,7:30 PM,NBA,CLE@MEM,CLE,142,MEM,126,268,232.0,+13.5,CLE,MEM,126,OVER,A,+15.54,0.7,109.2,91.4,127.1,35.7,OVER,91.4,HIT,UNDER,127.1,HIT,Rule2_StructuralOutlier
1222,2026-04-06,7:30 PM,NBA,DET@ORL,DET,107,ORL,123,230,223.0,+1.0,ORL,DET,107,OVER,C,+26.95,27.2,111.0,98.0,124.0,26.1,OVER,98.0,HIT,UNDER,124.0,HIT,Rule3_OverExecution
1223,2026-04-06,7:30 PM,NBA,NYK@ATL,NYK,108,ATL,105,213,226.5,+1.5,NYK,ATL,105,UNDER,C,-10.72,25.0,112.5,98.9,126.1,27.2,UNDER,126.1,HIT,OVER,98.9,HIT,Rule4_UnderExecution
1224,2026-04-06,7:30 PM,NBA,PHI@SAS,PHI,102,SAS,115,217,237.5,+8.5,SAS,PHI,102,OVER,A,+14.75,4.0,114.5,101.4,127.6,26.2,OVER,101.4,HIT,UNDER,127.6,HIT,Rule1_UpsetClause
1225,2026-04-06,7:30 PM,NBA,POR@DEN,POR,132,DEN,137,269,236.0,+7.0,DEN,POR,132,UNDER,A,-55.85,6.4,114.5,102.8,126.2,23.3,UNDER,126.2,MISS,OVER,102.8,HIT,Rule1_UpsetClause
1226,2026-04-07,7:30 PM,NBA,CHA@BOS,CHA,102,BOS,113,215,221.5,+4.5,BOS,CHA,102,UNDER,B,-1.23,13.0,108.5,97.0,120.0,23.0,UNDER,120.0,HIT,OVER,97.0,HIT,Rule1_UpsetClause
1227,2026-04-07,7:30 PM,NBA,CHI@WAS,CHI,129,WAS,98,227,249.0,+6.5,CHI,WAS,98,OVER,A,+52.59,7.4,121.2,110.1,132.4,22.4,OVER,110.1,MISS,UNDER,132.4,HIT,Rule1_UpsetClause
1228,2026-04-07,7:30 PM,NBA,DAL@LAC,DAL,103,LAC,116,219,235.5,+12.0,LAC,DAL,103,OVER,A,+15.52,1.2,111.8,95.3,128.2,32.8,OVER,95.3,HIT,UNDER,128.2,HIT,Rule1_UpsetClause
1229,2026-04-07,7:30 PM,NBA,HOU@PHX,HOU,119,PHX,105,224,223.0,+1.5,HOU,PHX,105,OVER,C,+3.14,25.0,110.8,97.2,124.3,27.2,OVER,97.2,HIT,UNDER,124.3,HIT,Rule3_OverExecution
1230,2026-04-07,7:30 PM,NBA,MIA@TOR,MIA,95,TOR,121,216,241.5,+2.5,TOR,MIA,95,OVER,C,+86.40,20.7,119.5,104.9,134.1,29.2,OVER,104.9,MISS,UNDER,134.1,HIT,Rule3_OverExecution
1231,2026-04-07,7:30 PM,NBA,MIL@BKN,MIL,90,BKN,96,186,217.5,+1.5,BKN,MIL,90,OVER,C,+19.94,25.0,108.0,94.4,121.6,27.2,OVER,94.4,MISS,UNDER,121.6,HIT,Rule3_OverExecution
1232,2026-04-07,7:30 PM,NBA,MIN@IND,MIN,124,IND,104,228,235.0,+12.5,MIN,IND,104,OVER,A,+2.92,1.0,111.2,94.4,128.1,33.8,OVER,94.4,HIT,UNDER,128.1,HIT,Rule2_StructuralOutlier
1233,2026-04-07,7:30 PM,NBA,OKC@LAL,OKC,123,LAL,87,210,221.0,+18.0,OKC,LAL,87,UNDER,A,-12.70,0.2,101.5,79.4,123.6,44.2,UNDER,123.6,HIT,OVER,79.4,HIT,Rule2_StructuralOutlier
1234,2026-04-07,7:30 PM,NBA,SAC@GSW,SAC,105,GSW,110,215,233.5,+15.5,GSW,SAC,105,OVER,A,+42.28,0.4,109.0,89.3,128.7,39.4,OVER,89.3,HIT,UNDER,128.7,HIT,Rule2_StructuralOutlier
1235,2026-04-07,7:30 PM,NBA,UTA@NOP,UTA,137,NOP,156,293,243.0,+6.0,NOP,UTA,137,OVER,A,+10.50,8.6,118.5,107.8,129.2,21.4,OVER,107.8,HIT,UNDER,129.2,MISS,Rule1_UpsetClause
1236,2026-04-08,7:30 PM,NBA,ATL@CLE,ATL,116,CLE,122,238,237.0,+4.5,CLE,ATL,116,UNDER,B,-16.50,13.0,116.2,104.8,127.8,23.0,UNDER,127.8,HIT,OVER,104.8,HIT,Rule1_UpsetClause
1237,2026-04-08,7:30 PM,NBA,DAL@PHX,DAL,107,PHX,112,219,233.5,+12.5,PHX,DAL,107,UNDER,A,-17.11,1.0,110.5,93.6,127.4,33.8,UNDER,127.4,HIT,OVER,93.6,HIT,Rule2_StructuralOutlier
1238,2026-04-08,7:30 PM,NBA,MEM@DEN,MEM,119,DEN,136,255,247.0,+23.5,DEN,MEM,119,OVER,A,+55.99,0.0,111.8,84.4,139.1,54.6,OVER,84.4,HIT,UNDER,139.1,HIT,Rule2_StructuralOutlier
1239,2026-04-08,7:30 PM,NBA,MIL@DET,MIL,111,DET,137,248,222.5,+22.0,DET,MIL,111,OVER,A,+14.67,0.0,100.2,74.3,126.2,51.8,OVER,74.3,HIT,UNDER,126.2,HIT,Rule2_StructuralOutlier
1240,2026-04-08,7:30 PM,NBA,MIN@ORL,MIN,120,ORL,132,252,233.5,+12.0,ORL,MIN,120,OVER,A,+10.85,1.2,110.8,94.3,127.2,32.8,OVER,94.3,HIT,UNDER,127.2,HIT,Rule1_UpsetClause
1241,2026-04-08,7:30 PM,NBA,OKC@LAC,OKC,128,LAC,110,238,224.0,+8.5,OKC,LAC,110,OVER,A,+5.23,4.0,107.8,94.7,120.8,26.2,OVER,94.7,HIT,UNDER,120.8,HIT,Rule1_UpsetClause
1242,2026-04-08,7:30 PM,NBA,POR@SAS,POR,101,SAS,112,213,230.0,+3.0,SAS,POR,101,UNDER,C,-30.52,18.6,113.5,98.3,128.7,30.3,UNDER,128.7,HIT,OVER,98.3,HIT,Rule4_UnderExecution
1243,2026-04-09,7:30 PM,NBA,BOS@NYK,BOS,106,NYK,112,218,211.0,+4.0,NYK,BOS,106,OVER,B,+3.04,14.7,103.5,92.5,114.5,22.0,OVER,92.5,HIT,UNDER,114.5,HIT,Rule1_UpsetClause
1244,2026-04-09,7:30 PM,NBA,CHI@WAS,CHI,119,WAS,108,227,249.0,+6.5,CHI,WAS,108,OVER,A,+45.43,7.4,121.2,110.1,132.4,22.4,OVER,110.1,MISS,UNDER,132.4,HIT,Rule1_UpsetClause
1245,2026-04-09,7:30 PM,NBA,IND@BKN,IND,123,BKN,94,217,225.5,+3.0,IND,BKN,94,UNDER,C,-3.19,18.6,111.2,96.1,126.4,30.3,UNDER,126.4,HIT,OVER,96.1,MISS,Rule4_UnderExecution
1246,2026-04-09,7:30 PM,NBA,LAL@GSW,LAL,119,GSW,103,222,222.5,+1.5,LAL,GSW,103,OVER,C,+3.19,25.0,110.5,96.9,124.1,27.2,OVER,96.9,HIT,UNDER,124.1,HIT,Rule3_OverExecution
1247,2026-04-09,7:30 PM,NBA,MIA@TOR,MIA,114,TOR,128,242,236.5,+4.5,TOR,MIA,114,OVER,B,+46.67,13.0,116.0,104.5,127.5,23.0,OVER,104.5,HIT,UNDER,127.5,HIT,Rule1_UpsetClause
1248,2026-04-09,7:30 PM,NBA,PHI@HOU,PHI,102,HOU,113,215,226.5,+6.0,HOU,PHI,102,UNDER,A,-15.53,8.6,110.2,99.5,121.0,21.4,UNDER,121.0,HIT,OVER,99.5,HIT,Rule1_UpsetClause
1249,2026-04-10,7:30 PM,NBA,BKN@MIL,BKN,108,MIL,125,233,218.0,+10.0,MIL,BKN,108,UNDER,A,-16.05,2.4,104.0,89.5,118.5,29.0,UNDER,118.5,HIT,OVER,89.5,HIT,Rule1_UpsetClause
1250,2026-04-10,7:30 PM,NBA,CLE@ATL,CLE,102,ATL,124,226,233.0,+8.0,ATL,CLE,102,OVER,A,+29.90,4.7,112.5,99.9,125.1,25.2,OVER,99.9,HIT,UNDER,125.1,HIT,Rule1_UpsetClause
1251,2026-04-10,7:30 PM,NBA,DAL@SAS,DAL,120,SAS,139,259,236.0,+18.0,SAS,DAL,120,OVER,A,+0.79,0.2,109.0,86.9,131.1,44.2,OVER,86.9,HIT,UNDER,131.1,HIT,Rule2_StructuralOutlier
1252,2026-04-10,7:30 PM,NBA,DET@CHA,DET,118,CHA,100,218,225.5,+5.5,DET,CHA,100,OVER,A,+11.60,9.9,110.0,99.8,120.2,20.4,OVER,99.8,HIT,UNDER,120.2,HIT,Rule1_UpsetClause
1253,2026-04-10,7:30 PM,NBA,MIA@WAS,MIA,140,WAS,117,257,243.5,+16.0,MIA,WAS,117,OVER,A,+99.78,0.3,113.8,93.5,133.9,40.4,OVER,93.5,HIT,UNDER,133.9,HIT,Rule2_StructuralOutlier
1254,2026-04-10,7:30 PM,NBA,MIN@HOU,MIN,136,HOU,132,268,228.0,+9.5,MIN,HOU,132,OVER,A,+14.83,2.9,109.2,95.2,123.3,28.1,OVER,95.2,HIT,UNDER,123.3,MISS,Rule1_UpsetClause
1255,2026-04-10,7:30 PM,NBA,NOP@BOS,NOP,118,BOS,144,262,227.0,+18.0,BOS,NOP,118,OVER,A,+15.80,0.2,104.5,82.4,126.6,44.2,OVER,82.4,HIT,UNDER,126.6,HIT,Rule2_StructuralOutlier
1256,2026-04-10,7:30 PM,NBA,OKC@DEN,OKC,107,DEN,127,234,223.5,+2.5,DEN,OKC,107,OVER,C,+78.30,20.7,110.5,95.9,125.1,29.2,OVER,95.9,HIT,UNDER,125.1,HIT,Rule3_OverExecution
1257,2026-04-10,7:30 PM,NBA,ORL@CHI,ORL,127,CHI,103,230,246.5,+15.5,ORL,CHI,103,OVER,A,+21.80,0.4,115.5,95.8,135.2,39.4,OVER,95.8,HIT,UNDER,135.2,HIT,Rule2_StructuralOutlier
1258,2026-04-10,7:30 PM,NBA,PHI@IND,PHI,105,IND,94,199,234.5,+15.0,PHI,IND,94,OVER,A,+27.58,0.4,109.8,90.5,129.0,38.5,OVER,90.5,HIT,UNDER,129.0,HIT,Rule2_StructuralOutlier
1259,2026-04-10,7:30 PM,NBA,TOR@NYK,TOR,95,NYK,112,207,219.0,+6.5,NYK,TOR,95,UNDER,A,-6.95,7.4,106.2,95.1,117.4,22.3,UNDER,117.4,HIT,OVER,95.1,MISS,Rule1_UpsetClause
1260,2026-04-11,7:00 PM,NBA,ATL@MIA,ATL,117,MIA,143,260,240.5,+10.5,MIA,ATL,117,OVER,A,+44.97,2.1,115.0,100.0,130.0,29.9,OVER,100.0,HIT,UNDER,130.0,HIT,Rule1_UpsetClause
1261,2026-04-11,7:00 PM,NBA,BKN@TOR,BKN,101,TOR,136,237,218.5,+24.0,TOR,BKN,101,UNDER,A,-19.96,0.0,97.2,69.5,125.0,55.6,UNDER,125.0,HIT,OVER,69.5,HIT,Rule2_StructuralOutlier
1262,2026-04-11,7:00 PM,NBA,CHA@NYK,CHA,110,NYK,96,206,216.5,+14.5,CHA,NYK,96,UNDER,A,-14.89,0.5,101.0,82.2,119.8,37.6,UNDER,119.8,HIT,OVER,82.2,HIT,Rule2_StructuralOutlier
1263,2026-04-11,7:00 PM,NBA,CHI@DAL,CHI,128,DAL,149,277,249.5,+5.0,DAL,CHI,128,UNDER,B,-0.63,11.4,122.2,110.2,134.2,24.0,UNDER,134.2,HIT,OVER,110.2,HIT,Rule1_UpsetClause
1264,2026-04-11,7:00 PM,NBA,DET@IND,DET,133,IND,121,254,230.5,+16.5,DET,IND,121,OVER,A,+13.61,0.3,107.0,86.3,127.7,41.3,OVER,86.3,HIT,UNDER,127.7,HIT,Rule2_StructuralOutlier
1265,2026-04-11,7:00 PM,NBA,MEM@HOU,MEM,101,HOU,132,233,231.5,+14.5,HOU,MEM,101,OVER,A,+67.23,0.5,108.5,89.7,127.3,37.6,OVER,89.7,HIT,UNDER,127.3,HIT,Rule2_StructuralOutlier
1266,2026-04-11,7:00 PM,NBA,MIL@PHI,MIL,106,PHI,126,232,224.5,+16.0,PHI,MIL,106,OVER,A,+0.61,0.3,104.2,84.0,124.5,40.4,OVER,84.0,HIT,UNDER,124.5,HIT,Rule2_StructuralOutlier
1267,2026-04-11,7:00 PM,NBA,ORL@BOS,ORL,108,BOS,113,221,222.0,+13.0,BOS,ORL,108,OVER,A,+44.44,0.9,104.5,87.2,121.8,34.7,OVER,87.2,HIT,UNDER,121.8,HIT,Rule2_StructuralOutlier
1268,2026-04-11,7:00 PM,NBA,PHX@OKC,PHX,135,OKC,103,238,212.5,+7.5,PHX,OKC,103,OVER,A,+49.20,5.5,102.5,90.4,114.6,24.2,OVER,90.4,HIT,UNDER,114.6,HIT,Rule1_UpsetClause
1269,2026-04-11,7:00 PM,NBA,SAC@POR,SAC,110,POR,122,232,227.0,+18.5,POR,SAC,110,UNDER,A,-12.23,0.1,104.2,81.7,126.8,45.2,UNDER,126.8,HIT,OVER,81.7,HIT,Rule2_StructuralOutlier
1270,2026-04-11,7:00 PM,NBA,WAS@CLE,WAS,117,CLE,130,247,234.5,+11.0,CLE,WAS,117,OVER,A,+35.97,1.7,111.8,96.3,127.2,30.9,OVER,96.3,HIT,UNDER,127.2,HIT,Rule1_UpsetClause
1271,2026-04-12,7:00 PM,NBA,ATL@MIA,ATL,117,MIA,143,260,240.5,+10.5,MIA,ATL,117,OVER,A,+60.11,2.1,115.0,100.0,130.0,29.9,OVER,100.0,HIT,UNDER,130.0,HIT,Rule1_UpsetClause
1272,2026-04-12,7:00 PM,NBA,BKN@TOR,BKN,101,TOR,136,237,218.5,+24.0,TOR,BKN,101,UNDER,A,-0.49,0.0,97.2,69.5,125.0,55.6,UNDER,125.0,HIT,OVER,69.5,HIT,Rule2_StructuralOutlier
1273,2026-04-12,7:00 PM,NBA,CHA@NYK,CHA,110,NYK,96,206,216.5,+14.5,NYK,CHA,110,UNDER,A,-21.32,0.5,101.0,82.2,119.8,37.6,UNDER,119.8,HIT,OVER,82.2,HIT,Rule2_StructuralOutlier
1274,2026-04-12,7:00 PM,NBA,CHI@DAL,CHI,128,DAL,149,277,249.5,+5.0,DAL,CHI,128,OVER,B,+23.97,11.4,122.2,110.2,134.2,24.0,OVER,110.2,HIT,UNDER,134.2,HIT,Rule1_UpsetClause
1275,2026-04-12,7:00 PM,NBA,DEN@SAS,DEN,128,SAS,118,246,234.0,+10.0,SAS,DEN,128,OVER,A,+89.65,2.4,112.0,97.5,126.5,29.0,OVER,97.5,HIT,UNDER,126.5,MISS,Rule1_UpsetClause
1276,2026-04-12,7:00 PM,NBA,DET@IND,DET,133,IND,121,254,230.5,+16.5,IND,DET,133,OVER,A,+27.42,0.3,107.0,86.3,127.7,41.3,OVER,86.3,HIT,UNDER,127.7,MISS,Rule2_StructuralOutlier
1277,2026-04-12,7:00 PM,NBA,GSW@LAC,GSW,110,LAC,115,225,229.5,+4.0,LAC,GSW,110,OVER,B,+38.47,14.7,112.8,101.8,123.8,22.0,OVER,101.8,HIT,UNDER,123.8,HIT,Rule1_UpsetClause
1278,2026-04-12,7:00 PM,NBA,MEM@HOU,MEM,101,HOU,132,233,231.5,+14.5,HOU,MEM,101,OVER,A,+58.26,0.5,108.5,89.7,127.3,37.6,OVER,89.7,HIT,UNDER,127.3,HIT,Rule2_StructuralOutlier
1279,2026-04-12,7:00 PM,NBA,MIL@PHI,MIL,106,PHI,126,232,224.5,+16.0,PHI,MIL,106,OVER,A,+13.30,0.3,104.2,84.0,124.5,40.4,OVER,84.0,HIT,UNDER,124.5,HIT,Rule2_StructuralOutlier
1280,2026-04-12,7:00 PM,NBA,NOP@MIN,NOP,126,MIN,132,258,238.0,+3.5,MIN,NOP,126,OVER,B,+32.66,16.6,117.2,106.8,127.8,21.0,OVER,106.8,HIT,UNDER,127.8,HIT,Rule3_OverExecution
1281,2026-04-12,7:00 PM,NBA,ORL@BOS,ORL,108,BOS,113,221,222.0,+13.0,BOS,ORL,108,OVER,A,+29.76,0.9,104.5,87.2,121.8,34.7,OVER,87.2,HIT,UNDER,121.8,HIT,Rule2_StructuralOutlier
1282,2026-04-12,7:00 PM,NBA,PHX@OKC,PHX,135,OKC,103,238,212.5,+7.5,OKC,PHX,135,OVER,A,+2.74,5.5,102.5,90.4,114.6,24.2,OVER,90.4,HIT,UNDER,114.6,MISS,Rule1_UpsetClause
1283,2026-04-12,7:00 PM,NBA,SAC@POR,SAC,110,POR,122,232,227.0,+18.5,POR,SAC,110,OVER,A,+2.81,0.1,104.2,81.7,126.8,45.2,OVER,81.7,HIT,UNDER,126.8,HIT,Rule2_StructuralOutlier
1284,2026-04-12,7:00 PM,NBA,UTA@LAL,UTA,107,LAL,131,238,239.5,+14.5,LAL,UTA,107,OVER,A,+64.19,0.5,112.5,93.7,131.3,37.6,OVER,93.7,HIT,UNDER,131.3,HIT,Rule2_StructuralOutlier
1285,2026-04-12,7:00 PM,NBA,WAS@CLE,WAS,117,CLE,130,247,234.5,+11.0,CLE,WAS,117,OVER,A,+39.50,1.7,111.8,96.3,127.2,30.9,OVER,96.3,HIT,UNDER,127.2,HIT,Rule1_UpsetClause
1286,2026-04-13,7:30 PM,NBA,MIA@CHA,MIA,126,CHA,127,253,228.0,+6.0,CHA,MIA,126,OVER,A,+30.42,8.6,111.0,100.3,121.7,21.4,OVER,100.3,HIT,UNDER,121.7,MISS,Rule1_UpsetClause
1287,2026-04-13,7:30 PM,NBA,POR@PHX,POR,114,PHX,110,224,216.0,+2.5,POR,PHX,110,OVER,C,+2.51,20.7,106.8,92.1,121.4,29.2,OVER,92.1,HIT,UNDER,121.4,HIT,Rule3_OverExecution
1288,2026-04-15,7:30 PM,NBA,GS@LAC,GS,126,LAC,121,247,220.0,+5.5,LAC,GS,126,OVER,A,+55.02,9.9,107.2,97.0,117.5,20.4,OVER,97.0,HIT,UNDER,117.5,MISS,Rule1_UpsetClause
1289,2026-04-15,7:30 PM,NBA,ORL@PHI,ORL,97,PHI,109,206,224.0,+1.0,PHI,ORL,97,OVER,C,+24.91,27.2,111.5,98.5,124.5,26.1,OVER,98.5,MISS,UNDER,124.5,HIT,Rule3_OverExecution
1290,2026-05-08,7:00 PM,WNBA,WAS@TOR,WAS,68,TOR,65,133,160.5,+1.5,TOR,WAS,68,OVER,C,+61.32,25.0,79.5,65.9,93.1,27.2,OVER,65.9,HIT,UNDER,93.1,HIT,Rule3_OverExecution
1291,2026-05-08,7:00 PM,WNBA,CON@NY,CON,75,NY,106,181,160.0,+15.5,NY,CON,75,OVER,A,+20.17,0.4,72.2,52.5,92.0,39.4,OVER,52.5,HIT,UNDER,92.0,HIT,Rule2_StructuralOutlier
1292,2026-05-08,7:00 PM,WNBA,GS@SEA,GS,91,SEA,80,171,156.5,+5.5,GS,SEA,80,OVER,A,+50.39,9.9,75.5,65.3,85.7,20.4,OVER,65.3,HIT,UNDER,85.7,HIT,Rule1_UpsetClause
1293,2026-05-09,7:00 PM,WNBA,DAL@IND,DAL,107,IND,104,211,179.0,+5.5,IND,DAL,107,OVER,A,+21.92,9.9,86.8,76.5,97.0,20.4,OVER,76.5,HIT,UNDER,97.0,MISS,Rule1_UpsetClause
1294,2026-05-09,7:00 PM,WNBA,PHO@LV,PHO,99,LV,66,165,168.5,+9.5,LV,PHO,99,OVER,A,+28.65,2.9,79.5,65.5,93.5,28.1,OVER,65.5,HIT,UNDER,93.5,MISS,Rule1_UpsetClause
1295,2026-05-09,7:00 PM,WNBA,ATL@MIN,ATL,91,MIN,90,181,160.5,+5.5,MIN,ATL,91,OVER,A,+31.76,9.9,77.5,67.3,87.7,20.4,OVER,67.3,HIT,UNDER,87.7,MISS,Rule1_UpsetClause
1296,2026-05-09,7:00 PM,WNBA,CHI@PDX,CHI,98,PDX,83,181,163.5,+5.5,CHI,PDX,83,OVER,A,+39.57,9.9,79.0,68.8,89.2,20.4,OVER,68.8,HIT,UNDER,89.2,HIT,Rule1_UpsetClause
1297,2026-05-10,7:00 PM,WNBA,SEA@CON,SEA,89,CON,82,171,163.0,+1.5,CON,SEA,89,OVER,C,+71.08,25.0,80.8,67.2,94.3,27.2,OVER,67.2,HIT,UNDER,94.3,HIT,Rule3_OverExecution
1298,2026-05-10,7:00 PM,WNBA,NY@WAS,NY,98,WAS,93,191,165.0,+5.5,NY,WAS,93,OVER,A,+61.56,9.9,79.8,69.5,90.0,20.4,OVER,69.5,HIT,UNDER,90.0,MISS,Rule1_UpsetClause
1299,2026-05-10,7:00 PM,WNBA,LV@LA,LV,105,LA,78,183,177.0,+1.5,LV,LA,78,OVER,C,+14.24,25.0,87.8,74.2,101.3,27.2,OVER,74.2,HIT,UNDER,101.3,HIT,Rule3_OverExecution
1300,2026-05-10,7:00 PM,WNBA,PHO@GS,PHO,79,GS,95,174,157.5,+2.5,GS,PHO,79,OVER,C,+14.44,20.7,77.5,62.9,92.1,29.2,OVER,62.9,HIT,UNDER,92.1,HIT,Rule3_OverExecution
1301,2026-05-11,7:00 PM,WNBA,ATL@DAL,ATL,77,DAL,72,149,181.0,+1.5,ATL,DAL,72,OVER,C,+74.63,25.0,89.8,76.2,103.3,27.2,OVER,76.2,MISS,UNDER,103.3,HIT,Rule3_OverExecution
1302,2026-05-11,7:00 PM,WNBA,NY@PDX,NY,96,PDX,98,194,173.5,+12.5,NY,PDX,98,OVER,A,+107.44,1.0,80.5,63.6,97.4,33.8,OVER,63.6,HIT,UNDER,97.4,MISS,Rule2_StructuralOutlier
1303,2026-05-11,7:00 PM,WNBA,MIN@PHO,MIN,88,PHO,84,172,167.0,+4.5,PHO,MIN,88,UNDER,B,-3.58,13.0,81.2,69.8,92.8,23.0,UNDER,92.8,HIT,OVER,69.8,HIT,Rule1_UpsetClause
1304,2026-05-12,7:00 PM,WNBA,ATL@DAL,ATL,77,DAL,72,149,181.0,+1.5,ATL,DAL,72,OVER,C,+50.78,25.0,89.8,76.2,103.3,27.2,OVER,76.2,MISS,UNDER,103.3,HIT,Rule3_OverExecution
1305,2026-05-12,7:00 PM,WNBA,NY@PDX,NY,96,PDX,98,194,173.5,+12.5,NY,PDX,98,OVER,A,+126.45,1.0,80.5,63.6,97.4,33.8,OVER,63.6,HIT,UNDER,97.4,MISS,Rule2_StructuralOutlier
1306,2026-05-12,7:00 PM,WNBA,MIN@PHO,MIN,88,PHO,84,172,167.0,+4.5,MIN,PHO,84,OVER,B,+67.44,13.0,81.2,69.8,92.8,23.0,OVER,69.8,HIT,UNDER,92.8,HIT,Rule1_UpsetClause
1307,2026-05-13,7:00 PM,WNBA,SEA@TOR,SEA,73,TOR,86,159,168.0,+3.5,TOR,SEA,73,OVER,B,+81.50,16.6,82.2,71.8,92.8,21.0,OVER,71.8,HIT,UNDER,92.8,HIT,Rule3_OverExecution
1308,2026-05-13,7:00 PM,WNBA,LV@CON,LV,98,CON,69,167,172.0,+14.5,LV,CON,69,OVER,A,+28.86,0.5,78.8,60.0,97.5,37.6,OVER,60.0,HIT,UNDER,97.5,HIT,Rule2_StructuralOutlier
1309,2026-05-13,7:00 PM,WNBA,CHI@GS,CHI,69,GS,63,132,166.5,+5.5,CHI,GS,63,OVER,A,+86.03,9.9,80.5,70.3,90.7,20.4,OVER,70.3,MISS,UNDER,90.7,HIT,Rule1_UpsetClause
1310,2026-05-13,7:00 PM,WNBA,IND@LA,IND,87,LA,78,165,186.0,+1.5,IND,LA,78,OVER,C,+46.58,25.0,92.2,78.7,105.8,27.2,OVER,78.7,MISS,UNDER,105.8,HIT,Rule3_OverExecution
1311,2026-05-14,7:00 PM,WNBA,MIN@DAL,MIN,90,DAL,86,176,178.5,+3.5,MIN,DAL,86,OVER,B,+48.75,16.6,87.5,77.0,98.0,21.0,OVER,77.0,HIT,UNDER,98.0,HIT,Rule3_OverExecution
1312,2026-05-14,7:00 PM,WNBA,NY@PDX,NY,100,PDX,82,182,175.0,+11.5,NY,PDX,82,OVER,A,+146.79,1.5,81.8,65.8,97.7,31.8,OVER,65.8,HIT,UNDER,97.7,HIT,Rule1_UpsetClause
1313,2026-05-15,7:00 PM,WNBA,WAS@IND,WAS,104,IND,102,206,170.0,+8.5,IND,WAS,104,OVER,A,+61.95,4.0,80.8,67.7,93.8,26.2,OVER,67.7,HIT,UNDER,93.8,MISS,Rule1_UpsetClause
1314,2026-05-15,7:00 PM,WNBA,LV@CON,LV,101,CON,94,195,172.5,+15.5,LV,CON,94,OVER,A,+10.11,0.4,78.5,58.8,98.2,39.4,OVER,58.8,HIT,UNDER,98.2,HIT,Rule2_StructuralOutlier
1315,2026-05-15,7:00 PM,WNBA,CHI@PHO,CHI,83,PHO,91,174,165.5,+4.0,PHX,PHO,91,OVER,B,+27.66,14.7,80.8,69.8,91.8,22.0,OVER,69.8,HIT,UNDER,91.8,HIT,Rule1_UpsetClause
1316,2026-05-15,7:00 PM,WNBA,TOR@LA,TOR,95,LA,99,194,170.0,+7.5,LA,TOR,95,UNDER,A,-17.11,5.5,81.2,69.1,93.4,24.2,UNDER,93.4,MISS,OVER,69.1,HIT,Rule1_UpsetClause
1317,2026-05-16,7:00 PM,WNBA,LV@ATL,LV,85,ATL,84,169,171.5,+3.5,LV,ATL,84,OVER,B,+18.12,16.6,84.0,73.5,94.5,21.0,OVER,73.5,HIT,UNDER,94.5,HIT,Rule3_OverExecution
1318,2026-05-16,7:00 PM,WNBA,SEA@IND,SEA,78,IND,89,167,176.5,+11.5,IND,SEA,78,OVER,A,+106.11,1.5,82.5,66.6,98.4,31.8,OVER,66.6,HIT,UNDER,98.4,HIT,Rule1_UpsetClause
1319,2026-05-16,7:00 PM,WNBA,CHI@MIN,CHI,86,MIN,79,165,165.5,+5.5,MIN,CHI,86,OVER,A,+44.10,9.9,80.0,69.8,90.2,20.4,OVER,69.8,HIT,UNDER,90.2,HIT,Rule1_UpsetClause
1320,2026-05-16,7:00 PM,WNBA,TOR@LA,TOR,106,LA,96,202,174.5,+7.5,LA,TOR,106,OVER,A,+15.24,5.5,83.5,71.4,95.6,24.2,OVER,71.4,HIT,UNDER,95.6,MISS,Rule1_UpsetClause
1321,2026-05-17,7:00 PM,WNBA,LV@ATL,LV,85,ATL,84,169,171.5,+3.5,ATL,LV,85,OVER,B,+8.93,16.6,84.0,73.5,94.5,21.0,OVER,73.5,HIT,UNDER,94.5,HIT,Rule3_OverExecution
1322,2026-05-17,7:00 PM,WNBA,SEA@IND,SEA,78,IND,89,167,176.5,+11.5,IND,SEA,78,OVER,A,+79.46,1.5,82.5,66.6,98.4,31.8,OVER,66.6,HIT,UNDER,98.4,HIT,Rule1_UpsetClause
1323,2026-05-17,7:00 PM,WNBA,CHI@MIN,CHI,86,MIN,79,165,165.5,+5.5,CHI,MIN,79,OVER,A,+14.68,9.9,80.0,69.8,90.2,20.4,OVER,69.8,HIT,UNDER,90.2,HIT,Rule1_UpsetClause
1324,2026-05-17,7:00 PM,WNBA,TOR@LA,TOR,106,LA,96,202,174.5,+7.5,LA,TOR,106,OVER,A,+83.49,5.5,83.5,71.4,95.6,24.2,OVER,71.4,HIT,UNDER,95.6,MISS,Rule1_UpsetClause
1325,2026-05-18,7:00 PM,WNBA,WAS@DAL,WAS,69,DAL,92,161,170.0,+3.5,DAL,WAS,69,OVER,B,+72.90,16.6,83.2,72.8,93.8,21.0,OVER,72.8,MISS,UNDER,93.8,HIT,Rule3_OverExecution
1326,2026-05-18,7:00 PM,WNBA,CON@PDX,CON,82,PDX,83,165,174.0,+3.5,POR,PDX,83,OVER,B,+108.31,16.6,85.2,74.8,95.8,21.0,OVER,74.8,HIT,UNDER,95.8,HIT,Rule3_OverExecution
1327,2026-05-19,7:00 PM,WNBA,TOR@PHO,TOR,98,PHO,90,188,169.5,+7.5,PHX,PHO,90,OVER,A,+73.49,5.5,81.0,68.9,93.1,24.2,OVER,68.9,HIT,UNDER,93.1,HIT,Rule1_UpsetClause
1328,2026-05-20,7:00 PM,WNBA,PDX@IND,PDX,73,IND,90,163,175.5,+10.5,IND,PDX,73,OVER,A,+103.67,2.1,82.5,67.5,97.5,29.9,OVER,67.5,HIT,UNDER,97.5,HIT,Rule1_UpsetClause
1329,2026-05-20,7:00 PM,WNBA,DAL@CHI,DAL,99,CHI,89,188,170.0,+2.5,DAL,CHI,89,OVER,C,+19.47,20.7,83.8,69.1,98.4,29.2,OVER,69.1,HIT,UNDER,98.4,HIT,Rule3_OverExecution
1330,2026-05-20,7:00 PM,WNBA,CON@SEA,CON,80,SEA,78,158,169.0,+2.5,CON,SEA,78,OVER,C,+24.72,20.7,83.2,68.6,97.9,29.2,OVER,68.6,HIT,UNDER,97.9,HIT,Rule3_OverExecution
1331,2026-05-21,7:00 PM,WNBA,GS@NY,GS,87,NY,70,157,169.0,+5.5,NY,GS,87,OVER,A,+91.63,9.9,81.8,71.5,92.0,20.4,OVER,71.5,HIT,UNDER,92.0,HIT,Rule1_UpsetClause
1332,2026-05-21,7:00 PM,WNBA,TOR@MIN,TOR,72,MIN,100,172,173.0,+5.5,MIN,TOR,72,OVER,A,+45.24,9.9,83.8,73.5,94.0,20.4,OVER,73.5,MISS,UNDER,94.0,HIT,Rule1_UpsetClause
1333,2026-05-21,7:00 PM,WNBA,LA@PHO,LA,97,PHO,88,185,178.0,+2.5,PHX,PHO,88,OVER,C,+116.26,20.7,87.8,73.1,102.4,29.2,OVER,73.1,HIT,UNDER,102.4,HIT,Rule3_OverExecution
1334,2026-05-22,7:00 PM,WNBA,GS@IND,GS,82,IND,90,172,167.5,+5.5,IND,GS,82,OVER,A,+27.88,9.9,81.0,70.8,91.2,20.4,OVER,70.8,HIT,UNDER,91.2,HIT,Rule1_UpsetClause
1335,2026-05-22,7:00 PM,WNBA,DAL@ATL,DAL,69,ATL,86,155,174.0,+5.5,ATL,DAL,69,UNDER,A,-23.02,9.9,84.2,74.0,94.5,20.4,UNDER,94.5,HIT,OVER,74.0,MISS,Rule1_UpsetClause
1336,2026-05-22,7:00 PM,WNBA,CON@SEA,CON,59,SEA,77,136,165.5,+1.5,SEA,CON,59,UNDER,C,-59.25,25.0,82.0,68.4,95.6,27.2,UNDER,95.6,HIT,OVER,68.4,MISS,Rule4_UnderExecution
1337,2026-05-23,7:00 PM,WNBA,MIN@CHI,MIN,85,CHI,75,160,168.5,+1.5,MIN,CHI,75,OVER,C,+28.17,25.0,83.5,69.9,97.1,27.2,OVER,69.9,HIT,UNDER,97.1,HIT,Rule3_OverExecution
1338,2026-05-23,7:00 PM,WNBA,PDX@TOR,PDX,99,TOR,80,179,173.5,+4.5,TOR,PDX,99,OVER,B,+110.07,13.0,84.5,73.0,96.0,23.0,OVER,73.0,HIT,UNDER,96.0,MISS,Rule1_UpsetClause
1339,2026-05-23,7:00 PM,WNBA,LA@LV,LA,101,LV,95,196,180.5,+9.5,LV,LA,101,OVER,A,+30.57,2.9,85.5,71.5,99.5,28.1,OVER,71.5,HIT,UNDER,99.5,MISS,Rule1_UpsetClause
1340,2026-05-24,7:00 PM,WNBA,PHO@ATL,PHO,80,ATL,82,162,168.5,+5.5,ATL,PHO,80,OVER,A,+23.16,9.9,81.5,71.3,91.7,20.4,OVER,71.3,HIT,UNDER,91.7,HIT,Rule1_UpsetClause
1341,2026-05-24,7:00 PM,WNBA,DAL@NY,DAL,91,NY,76,167,179.5,+6.5,NY,DAL,91,OVER,A,+28.53,7.4,86.5,75.3,97.7,22.3,OVER,75.3,HIT,UNDER,97.7,HIT,Rule1_UpsetClause
1342,2026-05-24,7:00 PM,WNBA,WAS@SEA,WAS,85,SEA,97,182,158.0,+5.5,SEA,WAS,85,UNDER,A,-40.68,9.9,76.2,66.0,86.5,20.4,UNDER,86.5,HIT,OVER,66.0,HIT,Rule1_UpsetClause
1343,2026-05-25,7:00 PM,WNBA,PDX@NY,PDX,81,NY,74,155,172.5,+10.5,NY,PDX,81,OVER,A,+71.28,2.1,81.0,66.0,96.0,29.9,OVER,66.0,HIT,UNDER,96.0,HIT,Rule1_UpsetClause
1344,2026-05-25,7:00 PM,WNBA,CON@GS,CON,70,GS,97,167,158.0,+13.5,GS,CON,70,UNDER,A,-24.59,0.7,72.2,54.4,90.1,35.7,UNDER,90.1,HIT,OVER,54.4,HIT,Rule2_StructuralOutlier
1345,2026-05-26,7:00 PM,WNBA,PHO@NY,PHO,74,NY,84,158,169.0,+4.5,NY,PHO,74,OVER,B,+39.13,13.0,82.2,70.8,93.8,23.0,OVER,70.8,HIT,UNDER,93.8,HIT,Rule1_UpsetClause
1346,2026-05-26,7:00 PM,WNBA,TOR@CHI,TOR,111,CHI,104,215,174.0,+4.5,CHI,TOR,111,OVER,B,+37.19,13.0,84.8,73.2,96.2,23.0,OVER,73.2,HIT,UNDER,96.2,MISS,Rule1_UpsetClause
1347,2026-05-26,7:00 PM,WNBA,ATL@MIN,ATL,81,MIN,96,177,166.5,+3.5,MIN,ATL,81,UNDER,B,-23.03,16.6,81.5,71.0,92.0,21.0,UNDER,92.0,HIT,OVER,71.0,HIT,Rule4_UnderExecution
1348,2026-05-26,7:00 PM,WNBA,CON@PDX,CON,61,PDX,71,132,165.5,+7.5,POR,PDX,71,OVER,A,+14.36,5.5,79.0,66.9,91.1,24.2,OVER,66.9,HIT,UNDER,91.1,HIT,Rule1_UpsetClause
1349,2026-05-27,7:00 PM,WNBA,PHO@NY,PHO,74,NY,84,158,169.0,+4.5,NY,PHO,74,OVER,B,+16.25,13.0,82.2,70.8,93.8,23.0,OVER,70.8,HIT,UNDER,93.8,HIT,Rule1_UpsetClause
1350,2026-05-27,7:00 PM,WNBA,TOR@CHI,TOR,111,CHI,104,215,174.0,+4.5,CHI,TOR,111,OVER,B,+67.03,13.0,84.8,73.2,96.2,23.0,OVER,73.2,HIT,UNDER,96.2,MISS,Rule1_UpsetClause
1351,2026-05-27,7:00 PM,WNBA,ATL@MIN,ATL,81,MIN,96,177,166.5,+3.5,MIN,ATL,81,UNDER,B,-4.68,16.6,81.5,71.0,92.0,21.0,UNDER,92.0,HIT,OVER,71.0,HIT,Rule4_UnderExecution
1352,2026-05-27,7:00 PM,WNBA,CON@PDX,CON,61,PDX,71,132,165.5,+7.5,POR,PDX,71,UNDER,A,-41.91,5.5,79.0,66.9,91.1,24.2,UNDER,91.1,HIT,OVER,66.9,HIT,Rule1_UpsetClause
1353,2026-05-28,7:00 PM,WNBA,LV@DAL,LV,87,DAL,95,182,178.5,+5.5,LV,DAL,95,OVER,A,+5.38,9.9,86.5,76.3,96.7,20.4,OVER,76.3,HIT,UNDER,96.7,HIT,Rule1_UpsetClause
1354,2026-05-28,7:00 PM,WNBA,IND@GS,IND,88,GS,90,178,166.5,+2.5,GS,IND,88,OVER,C,+25.80,20.7,82.0,67.4,96.6,29.2,OVER,67.4,HIT,UNDER,96.6,HIT,Rule3_OverExecution
1355,2026-05-29,7:00 PM,WNBA,PHO@NY,PHO,68,NY,75,143,170.5,+5.5,NY,PHO,68,UNDER,A,-3.72,9.9,82.5,72.3,92.7,20.4,UNDER,92.7,HIT,OVER,72.3,MISS,Rule1_UpsetClause
1356,2026-05-29,7:00 PM,WNBA,MIN@CHI,MIN,79,CHI,58,137,172.5,+4.5,MIN,CHI,58,OVER,B,+61.33,13.0,84.0,72.5,95.5,23.0,OVER,72.5,MISS,UNDER,95.5,HIT,Rule1_UpsetClause
1357,2026-05-29,7:00 PM,WNBA,LA@WAS,LA,92,WAS,87,179,165.0,+2.5,LA,WAS,87,OVER,C,+120.35,20.7,81.2,66.6,95.9,29.2,OVER,66.6,HIT,UNDER,95.9,HIT,Rule3_OverExecution
1358,2026-05-29,7:00 PM,WNBA,ATL@PDX,ATL,86,PDX,66,152,163.5,+9.5,ATL,PDX,66,UNDER,A,-4.22,2.9,77.0,63.0,91.0,28.1,UNDER,91.0,HIT,OVER,63.0,HIT,Rule1_UpsetClause
1359,2026-05-30,7:00 PM,WNBA,SEA@TOR,SEA,72,TOR,93,165,171.5,+0.5,TOR,SEA,72,OVER,C,+70.61,29.3,85.5,73.0,98.0,25.1,OVER,73.0,MISS,UNDER,98.0,HIT,Rule3_OverExecution
1360,2026-05-30,7:00 PM,WNBA,LA@CON,LA,81,CON,84,165,168.5,+3.5,CON,LA,81,UNDER,B,-33.05,16.6,82.5,72.0,93.0,21.0,UNDER,93.0,HIT,OVER,72.0,HIT,Rule4_UnderExecution
1361,2026-05-30,7:00 PM,WNBA,IND@PDX,IND,84,PDX,100,184,174.0,+10.5,POR,PDX,100,OVER,A,+2.21,2.1,81.8,66.8,96.7,29.9,OVER,66.8,HIT,UNDER,96.7,MISS,Rule1_UpsetClause
1362,2026-05-31,7:00 PM,WNBA,LV@GS,LV,91,GS,81,172,168.0,+1.5,LV,GS,81,OVER,C,+25.89,25.0,83.2,69.7,96.8,27.2,OVER,69.7,HIT,UNDER,96.8,HIT,Rule3_OverExecution
1363,2026-06-01,7:00 PM,WNBA,SEA@DAL,SEA,56,DAL,79,135,166.5,+13.5,DAL,SEA,56,OVER,A,+7.27,0.7,76.5,58.7,94.3,35.7,OVER,58.7,MISS,UNDER,94.3,HIT,Rule2_StructuralOutlier
1364,2026-06-01,7:00 PM,WNBA,MIN@PHO,MIN,111,PHO,77,188,166.5,+2.5,MIN,PHO,77,UNDER,C,-1.15,20.7,82.0,67.4,96.6,29.2,UNDER,96.6,HIT,OVER,67.4,HIT,Rule4_UnderExecution
1365,2026-06-02,7:00 PM,WNBA,CHI@WAS,CHI,72,WAS,90,162,161.0,+1.5,WSH,WAS,90,OVER,C,+80.85,25.0,79.8,66.2,93.3,27.2,OVER,66.2,HIT,UNDER,93.3,HIT,Rule3_OverExecution
1366,2026-06-02,7:00 PM,WNBA,CON@ATL,CON,75,ATL,91,166,161.0,+13.5,ATL,CON,75,UNDER,A,-43.52,0.7,73.8,55.9,91.6,35.7,UNDER,91.6,HIT,OVER,55.9,HIT,Rule2_StructuralOutlier
1367,2026-06-02,7:00 PM,WNBA,PDX@GS,PDX,77,GS,95,172,160.5,+9.5,GS,PDX,77,OVER,A,+12.44,2.9,75.5,61.5,89.5,28.1,OVER,61.5,HIT,UNDER,89.5,HIT,Rule1_UpsetClause
1368,2026-06-02,7:00 PM,WNBA,LV@LA,LV,79,LA,69,148,176.5,+7.5,LV,LA,69,OVER,A,+38.41,5.5,84.5,72.4,96.6,24.2,OVER,72.4,MISS,UNDER,96.6,HIT,Rule1_UpsetClause
1369,2026-06-03,7:00 PM,WNBA,TOR@NY,TOR,82,NY,97,179,173.5,+0.5,NY,TOR,82,OVER,C,+27.47,29.3,86.5,74.0,99.0,25.1,OVER,74.0,HIT,UNDER,99.0,HIT,Rule3_OverExecution
1370,2026-06-03,7:00 PM,WNBA,PHO@SEA,PHO,72,SEA,68,140,160.0,+7.5,SEA,PHO,72,UNDER,A,-57.30,5.5,76.2,64.1,88.4,24.2,UNDER,88.4,HIT,OVER,64.1,HIT,Rule1_UpsetClause
1371,2026-06-04,7:00 PM,WNBA,ATL@IND,ATL,71,IND,83,154,174.0,+1.5,IND,ATL,71,OVER,C,+16.78,25.0,86.2,72.7,99.8,27.2,OVER,72.7,MISS,UNDER,99.8,HIT,Rule3_OverExecution
1372,2026-06-04,7:00 PM,WNBA,GS@MIN,GS,84,MIN,87,171,168.5,+3.5,MIN,GS,84,OVER,B,+55.72,16.6,82.5,72.0,93.0,21.0,OVER,72.0,HIT,UNDER,93.0,HIT,Rule3_OverExecution
1373,2026-06-05,7:00 PM,WNBA,CON@CHI,CON,80,CHI,85,165,164.0,+6.5,CHI,CON,80,UNDER,A,-16.60,7.4,78.8,67.6,89.9,22.3,UNDER,89.9,HIT,OVER,67.6,HIT,Rule1_UpsetClause
1374,2026-06-05,7:00 PM,WNBA,PHO@PDX,PHO,78,PDX,72,150,160.0,+4.5,PHX,PDX,72,UNDER,B,-39.01,13.0,77.8,66.2,89.2,23.0,UNDER,89.2,HIT,OVER,66.2,HIT,Rule1_UpsetClause
1375,2026-06-05,7:00 PM,WNBA,DAL@LA,DAL,104,LA,96,200,178.5,+2.5,DAL,LA,96,UNDER,C,-4.22,20.7,88.0,73.4,102.6,29.2,UNDER,102.6,HIT,OVER,73.4,HIT,Rule4_UnderExecution
1376,2026-06-06,7:00 PM,WNBA,SEA@MIN,SEA,68,MIN,88,156,162.0,+13.5,MIN,SEA,68,OVER,A,+7.04,0.7,74.2,56.4,92.1,35.7,OVER,56.4,HIT,UNDER,92.1,HIT,Rule2_StructuralOutlier
1377,2026-06-06,7:00 PM,WNBA,GS@LV,GS,79,LV,84,163,166.5,+2.5,LV,GS,79,OVER,C,+28.85,20.7,82.0,67.4,96.6,29.2,OVER,67.4,HIT,UNDER,96.6,HIT,Rule3_OverExecution
1378,2026-06-06,7:00 PM,WNBA,WAS@ATL,WAS,77,ATL,109,186,160.5,+8.5,ATL,WAS,77,OVER,A,+55.13,4.0,76.0,62.9,89.1,26.2,OVER,62.9,HIT,UNDER,89.1,HIT,Rule1_UpsetClause
1379,2026-06-06,7:00 PM,WNBA,IND@NY,IND,75,NY,83,158,174.5,+3.5,NY,IND,75,UNDER,B,-4.42,16.6,85.5,75.0,96.0,21.0,UNDER,96.0,HIT,OVER,75.0,MISS,Rule4_UnderExecution
1380,2026-06-07,7:00 PM,WNBA,CHI@TOR,CHI,68,TOR,85,153,175.0,+0.5,TOR,CHI,68,OVER,C,+82.01,29.3,87.2,74.7,99.8,25.1,OVER,74.7,MISS,UNDER,99.8,HIT,Rule3_OverExecution
1381,2026-06-07,7:00 PM,WNBA,PDX@LA,PDX,72,LA,89,161,173.5,+7.5,LA,PDX,72,OVER,A,+62.15,5.5,83.0,70.9,95.1,24.2,OVER,70.9,HIT,UNDER,95.1,HIT,Rule1_UpsetClause
1382,2026-06-08,7:00 PM,WNBA,NY@CON,NY,89,CON,80,169,163.0,+12.5,NY,CON,80,UNDER,A,-44.66,1.0,75.2,58.4,92.1,33.8,UNDER,92.1,HIT,OVER,58.4,HIT,Rule2_StructuralOutlier
1383,2026-06-08,7:00 PM,WNBA,IND@WAS,IND,78,WAS,76,154,171.5,+5.5,IND,WAS,76,OVER,A,+59.20,9.9,83.0,72.8,93.2,20.4,OVER,72.8,HIT,UNDER,93.2,HIT,Rule1_UpsetClause
1384,2026-06-08,7:00 PM,WNBA,SEA@LV,SEA,91,LV,101,192,163.0,+15.5,LV,SEA,91,UNDER,A,-21.92,0.4,73.8,54.0,93.5,39.4,UNDER,93.5,HIT,OVER,54.0,HIT,Rule2_StructuralOutlier
1385,2026-06-09,7:00 PM,WNBA,ATL@CHI,ATL,82,CHI,75,157,165.0,+9.5,ATL,CHI,75,OVER,A,+8.63,2.9,77.8,63.7,91.8,28.1,OVER,63.7,HIT,UNDER,91.8,HIT,Rule1_UpsetClause
1386,2026-06-09,7:00 PM,WNBA,DAL@MIN,DAL,76,MIN,100,176,171.0,+4.5,MIN,DAL,76,OVER,B,+20.31,13.0,83.2,71.8,94.8,23.0,OVER,71.8,HIT,UNDER,94.8,HIT,Rule1_UpsetClause
1387,2026-06-09,7:00 PM,WNBA,PHO@GS,PHO,81,GS,87,168,162.5,+8.5,GS,PHO,81,OVER,A,+17.09,4.0,77.0,63.9,90.1,26.2,OVER,63.9,HIT,UNDER,90.1,HIT,Rule1_UpsetClause
1388,2026-06-10,7:00 PM,WNBA,CON@TOR,CON,102,TOR,106,208,166.5,+8.5,TOR,CON,102,OVER,A,+38.67,4.0,79.0,65.9,92.1,26.2,OVER,65.9,HIT,UNDER,92.1,MISS,Rule1_UpsetClause
1389,2026-06-10,7:00 PM,WNBA,LA@SEA,LA,88,SEA,83,171,170.0,+7.5,SEA,LA,88,UNDER,A,-47.13,5.5,81.2,69.1,93.4,24.2,UNDER,93.4,HIT,OVER,69.1,HIT,Rule1_UpsetClause
1390,2026-06-11,7:00 PM,WNBA,CHI@IND,CHI,106,IND,114,220,171.5,+9.5,IND,CHI,106,UNDER,A,-30.56,2.9,81.0,67.0,95.0,28.1,UNDER,95.0,MISS,OVER,67.0,HIT,Rule1_UpsetClause
1391,2026-06-11,7:00 PM,WNBA,NY@ATL,NY,104,ATL,90,194,165.0,+3.5,ATL,NY,104,OVER,B,+3.14,16.6,80.8,70.2,91.2,21.0,OVER,70.2,HIT,UNDER,91.2,MISS,Rule3_OverExecution
1392,2026-06-11,7:00 PM,WNBA,PHO@DAL,PHO,70,DAL,85,155,168.5,+6.5,DAL,PHO,70,OVER,A,+7.39,7.4,81.0,69.8,92.2,22.3,OVER,69.8,HIT,UNDER,92.2,HIT,Rule1_UpsetClause
1393,2026-06-11,7:00 PM,WNBA,LV@PDX,LV,105,PDX,89,194,170.0,+11.5,LV,PDX,89,OVER,A,+18.87,1.5,79.2,63.3,95.2,31.8,OVER,63.3,HIT,UNDER,95.2,HIT,Rule1_UpsetClause
1394,2026-06-12,7:00 PM,WNBA,TOR@WAS,TOR,85,WAS,86,171,169.0,+1.5,WSH,WAS,86,OVER,C,+93.19,25.0,83.8,70.2,97.3,27.2,OVER,70.2,HIT,UNDER,97.3,HIT,Rule3_OverExecution
1395,2026-06-12,7:00 PM,WNBA,GS@SEA,GS,76,SEA,72,148,157.5,+10.5,GS,SEA,72,OVER,A,+18.18,2.1,73.5,58.5,88.5,29.9,OVER,58.5,HIT,UNDER,88.5,HIT,Rule1_UpsetClause
1396,2026-06-13,7:00 PM,WNBA,IND@CON,IND,85,CON,75,160,170.5,+8.5,IND,CON,75,OVER,A,+35.63,4.0,81.0,67.9,94.1,26.2,OVER,67.9,HIT,UNDER,94.1,HIT,Rule1_UpsetClause
1397,2026-06-13,7:00 PM,WNBA,MIN@LV,MIN,97,LV,100,197,174.5,+3.5,LV,MIN,97,OVER,B,+25.29,16.6,85.5,75.0,96.0,21.0,OVER,75.0,HIT,UNDER,96.0,MISS,Rule3_OverExecution
1398,2026-06-13,7:00 PM,WNBA,DAL@PDX,DAL,83,PDX,84,167,167.5,+3.5,POR,PDX,84,OVER,B,+31.82,16.6,82.0,71.5,92.5,21.0,OVER,71.5,HIT,UNDER,92.5,HIT,Rule3_OverExecution
1399,2026-06-13,7:00 PM,WNBA,LA@PHO,LA,111,PHO,102,213,172.0,+1.5,LA,PHO,102,OVER,C,+27.62,25.0,85.2,71.7,98.8,27.2,OVER,71.7,HIT,UNDER,98.8,MISS,Rule3_OverExecution
1400,2026-06-14,7:00 PM,WNBA,WAS@NY,WAS,64,NY,86,150,166.5,+13.5,NY,WAS,64,OVER,A,+26.27,0.7,76.5,58.7,94.3,35.7,OVER,58.7,HIT,UNDER,94.3,HIT,Rule2_StructuralOutlier
1401,2026-06-14,7:00 PM,WNBA,ATL@TOR,ATL,102,TOR,77,179,170.5,+6.5,ATL,TOR,77,OVER,A,+59.75,7.4,82.0,70.8,93.2,22.3,OVER,70.8,HIT,UNDER,93.2,HIT,Rule1_UpsetClause
1402,2026-06-15,7:00 PM,WNBA,PDX@MIN,PDX,74,MIN,107,181,168.5,+13.5,MIN,PDX,74,OVER,A,+74.20,0.7,77.5,59.7,95.3,35.7,OVER,59.7,HIT,UNDER,95.3,HIT,Rule2_StructuralOutlier
1403,2026-06-15,7:00 PM,WNBA,LV@DAL,LV,66,DAL,96,162,178.0,+2.5,DAL,LV,66,OVER,C,+22.04,20.7,87.8,73.1,102.4,29.2,OVER,73.1,MISS,UNDER,102.4,HIT,Rule3_OverExecution
1404,2026-06-15,7:00 PM,WNBA,LA@GS,LA,58,GS,78,136,173.0,+4.5,GS,LA,58,OVER,B,+30.52,13.0,84.2,72.8,95.8,23.0,OVER,72.8,MISS,UNDER,95.8,HIT,Rule1_UpsetClause
1405,2026-06-16,7:00 PM,WNBA,TOR@IND,TOR,91,IND,113,204,179.5,+8.5,IND,TOR,91,OVER,A,+39.79,4.0,85.5,72.4,98.6,26.2,OVER,72.4,HIT,UNDER,98.6,HIT,Rule1_UpsetClause
1406,2026-06-17,7:00 PM,WNBA,WAS@CON,WAS,88,CON,81,169,160.0,+1.5,CON,WAS,88,UNDER,C,-3.55,25.0,79.2,65.7,92.8,27.2,UNDER,92.8,HIT,OVER,65.7,HIT,Rule4_UnderExecution
1407,2026-06-17,7:00 PM,WNBA,NY@CHI,NY,96,CHI,95,191,169.5,+10.5,NY,CHI,95,OVER,A,+4.00,2.1,79.5,64.5,94.5,29.9,OVER,64.5,HIT,UNDER,94.5,MISS,Rule1_UpsetClause
1408,2026-06-17,7:00 PM,WNBA,SEA@PDX,SEA,89,PDX,94,183,162.5,+4.5,POR,PDX,94,UNDER,B,-21.17,13.0,79.0,67.5,90.5,23.0,UNDER,90.5,MISS,OVER,67.5,HIT,Rule1_UpsetClause
1409,2026-06-17,7:00 PM,WNBA,DAL@GS,DAL,80,GS,91,171,165.0,+3.5,GS,DAL,80,UNDER,B,-18.06,16.6,80.8,70.2,91.2,21.0,UNDER,91.2,HIT,OVER,70.2,HIT,Rule4_UnderExecution
1410,2026-06-18,7:00 PM,WNBA,ATL@IND,ATL,108,IND,101,209,173.5,+1.5,ATL,IND,101,OVER,C,+48.50,25.0,86.0,72.4,99.6,27.2,OVER,72.4,HIT,UNDER,99.6,MISS,Rule3_OverExecution
1411,2026-06-19,7:00 PM,WNBA,WAS@NY,WAS,86,NY,83,169,168.5,+12.5,NY,WAS,86,OVER,A,+39.37,1.0,78.0,61.1,94.9,33.8,OVER,61.1,HIT,UNDER,94.9,HIT,Rule2_StructuralOutlier
1412,2026-06-19,7:00 PM,WNBA,TOR@CON,TOR,101,CON,97,198,168.5,+2.5,CON,TOR,101,OVER,C,+26.01,20.7,83.0,68.4,97.6,29.2,OVER,68.4,HIT,UNDER,97.6,MISS,Rule3_OverExecution
1413,2026-06-19,7:00 PM,WNBA,MIN@GS,MIN,81,GS,75,156,166.0,+2.5,MIN,GS,75,OVER,C,+58.36,20.7,81.8,67.1,96.4,29.2,OVER,67.1,HIT,UNDER,96.4,HIT,Rule3_OverExecution
1414,2026-06-20,7:00 PM,WNBA,IND@ATL,IND,96,ATL,113,209,176.5,+5.5,ATL,IND,96,OVER,A,+93.55,9.9,85.5,75.3,95.7,20.4,OVER,75.3,HIT,UNDER,95.7,MISS,Rule1_UpsetClause
1415,2026-06-20,7:00 PM,WNBA,SEA@PHO,SEA,73,PHO,93,166,163.5,+6.5,PHX,PHO,93,UNDER,A,-20.56,7.4,78.5,67.3,89.7,22.3,UNDER,89.7,MISS,OVER,67.3,HIT,Rule1_UpsetClause
1416,2026-06-20,7:00 PM,WNBA,CHI@DAL,CHI,92,DAL,93,185,174.5,+10.5,DAL,CHI,92,OVER,A,+24.78,2.1,82.0,67.0,97.0,29.9,OVER,67.0,HIT,UNDER,97.0,HIT,Rule1_UpsetClause
1417,2026-06-21,7:00 PM,WNBA,GS@LV,GS,73,LV,92,165,167.5,+3.5,LV,GS,73,OVER,B,+27.17,16.6,82.0,71.5,92.5,21.0,OVER,71.5,HIT,UNDER,92.5,HIT,Rule3_OverExecution
1418,2026-06-21,7:00 PM,WNBA,WAS@MIN,WAS,84,MIN,79,163,169.5,+14.5,MIN,WAS,84,OVER,A,+63.62,0.5,77.5,58.7,96.3,37.6,OVER,58.7,HIT,UNDER,96.3,HIT,Rule2_StructuralOutlier
1419,2026-06-21,7:00 PM,WNBA,NY@LA,NY,97,LA,98,195,181.5,+6.5,LA,NY,97,OVER,A,+112.72,7.4,87.5,76.3,98.7,22.3,OVER,76.3,HIT,UNDER,98.7,HIT,Rule1_UpsetClause
1420,2026-06-22,7:00 PM,WNBA,CHI@CON,CHI,63,CON,92,155,169.5,+3.5,CON,CHI,63,OVER,B,+28.44,16.6,83.0,72.5,93.5,21.0,OVER,72.5,MISS,UNDER,93.5,HIT,Rule3_OverExecution
1421,2026-06-22,7:00 PM,WNBA,TOR@ATL,TOR,87,ATL,94,181,178.5,+15.5,ATL,TOR,87,OVER,A,+130.08,0.4,81.5,61.8,101.2,39.4,OVER,61.8,HIT,UNDER,101.2,HIT,Rule2_StructuralOutlier
1422,2026-06-22,7:00 PM,WNBA,PHO@IND,PHO,77,IND,86,163,178.0,+7.5,IND,PHO,77,OVER,A,+72.16,5.5,85.2,73.1,97.4,24.2,OVER,73.1,HIT,UNDER,97.4,HIT,Rule1_UpsetClause
1423,2026-06-22,7:00 PM,WNBA,DAL@SEA,DAL,112,SEA,110,222,171.0,+9.5,SEA,DAL,112,UNDER,A,-35.95,2.9,80.8,66.7,94.8,28.1,UNDER,94.8,MISS,OVER,66.7,HIT,Rule1_UpsetClause
1424,2026-06-23,7:00 PM,WNBA,NY@LV,NY,87,LV,76,163,177.0,+2.5,LV,NY,87,OVER,C,+101.38,20.7,87.2,72.6,101.9,29.2,OVER,72.6,HIT,UNDER,101.9,HIT,Rule3_OverExecution
1425,2026-06-24,7:00 PM,WNBA,PHO@IND,PHO,111,IND,109,220,167.5,+16.5,IND,PHO,111,OVER,A,+55.69,0.3,75.5,54.8,96.2,41.3,OVER,54.8,HIT,UNDER,96.2,MISS,Rule2_StructuralOutlier
1426,2026-06-24,7:00 PM,WNBA,MIN@WAS,MIN,78,WAS,76,154,169.0,+0.5,MIN,WAS,76,OVER,C,+45.96,29.3,84.2,71.7,96.8,25.1,OVER,71.7,HIT,UNDER,96.8,HIT,Rule3_OverExecution
1427,2026-06-24,7:00 PM,WNBA,PDX@CHI,PDX,78,CHI,101,179,168.5,+1.5,CHI,PDX,78,OVER,C,+48.19,25.0,83.5,69.9,97.1,27.2,OVER,69.9,HIT,UNDER,97.1,HIT,Rule3_OverExecution
1428,2026-06-24,7:00 PM,WNBA,ATL@GS,ATL,66,GS,77,143,166.0,+2.5,GS,ATL,66,OVER,C,+20.83,20.7,81.8,67.1,96.4,29.2,OVER,67.1,MISS,UNDER,96.4,HIT,Rule3_OverExecution
1429,2026-06-25,7:00 PM,WNBA,DAL@LV,DAL,84,LV,99,183,179.5,+0.5,LV,DAL,84,OVER,C,+38.85,29.3,89.5,77.0,102.0,25.1,OVER,77.0,HIT,UNDER,102.0,HIT,Rule3_OverExecution
1430,2026-06-25,7:00 PM,WNBA,NY@SEA,NY,88,SEA,99,187,167.0,+0.5,SEA,NY,88,OVER,C,+36.16,29.3,83.2,70.7,95.8,25.1,OVER,70.7,HIT,UNDER,95.8,HIT,Rule3_OverExecution
1431,2026-06-26,7:00 PM,WNBA,WAS@CON,WAS,57,CON,68,125,164.5,+4.5,CON,WAS,57,UNDER,B,-1.37,13.0,80.0,68.5,91.5,23.0,UNDER,91.5,HIT,OVER,68.5,MISS,Rule1_UpsetClause
1432,2026-06-26,7:00 PM,WNBA,PDX@CHI,PDX,94,CHI,124,218,173.5,+6.5,CHI,PDX,94,OVER,A,+60.42,7.4,83.5,72.3,94.7,22.3,OVER,72.3,HIT,UNDER,94.7,HIT,Rule1_UpsetClause
1433,2026-06-26,7:00 PM,WNBA,ATL@GS,ATL,75,GS,78,153,163.5,+2.5,GS,ATL,75,UNDER,C,-5.16,20.7,80.5,65.9,95.1,29.2,UNDER,95.1,HIT,OVER,65.9,HIT,Rule4_UnderExecution
1434,2026-06-27,7:00 PM,WNBA,LA@IND,LA,87,IND,111,198,182.5,+0.5,IND,LA,87,OVER,C,+66.35,29.3,91.0,78.5,103.5,25.1,OVER,78.5,HIT,UNDER,103.5,HIT,Rule3_OverExecution
1435,2026-06-27,7:00 PM,WNBA,ATL@SEA,ATL,90,SEA,105,195,169.5,+9.5,SEA,ATL,90,OVER,A,+6.84,2.9,80.0,66.0,94.0,28.1,OVER,66.0,HIT,UNDER,94.0,HIT,Rule1_UpsetClause
1436,2026-06-28,7:00 PM,WNBA,PDX@WAS,PDX,123,WAS,124,247,168.0,+6.5,WAS,PDX,123,OVER,A,+16.56,7.4,80.8,69.6,91.9,22.3,OVER,69.6,HIT,UNDER,91.9,MISS,Rule1_UpsetClause
1437,2026-06-29,7:00 PM,WNBA,LV@NY,LV,85,NY,93,178,174.5,+6.5,NY,LV,85,UNDER,A,-34.18,7.4,84.0,72.8,95.2,22.3,UNDER,95.2,HIT,OVER,72.8,HIT,Rule1_UpsetClause
1438,2026-06-30,7:00 PM,WNBA,LV@NY,LV,85,NY,93,178,174.5,+6.5,NY,LV,85,UNDER,A,-34.08,7.4,84.0,72.8,95.2,22.3,UNDER,95.2,HIT,OVER,72.8,HIT,Rule1_UpsetClause