date,season,away,home,market_total,actual_total,direction,n_cores,edge,prob,confidence,kelly_fraction,hit,profit,kelly_profit
2007-10-31,2007-08,WAS,IND,200.0,229,OVER,1,0.315,0.6307,0.2613,0.05,True,0.9,4.5
2007-11-07,2007-08,PHX,ATL,208.5,201,UNDER,1,-0.345,0.3573,0.2855,0,True,0.9,0.0
2007-11-09,2007-08,DEN,WAS,210.5,210,OVER,1,0.188,0.5792,0.1583,0.05,False,-1.0,-5.0
2007-11-09,2007-08,MIN,LAL,201.0,200,OVER,1,0.236,0.5991,0.1981,0.05,False,-1.0,-5.0
2007-11-10,2007-08,PHX,ORL,205.5,202,OVER,1,0.358,0.6475,0.2949,0.05,False,-1.0,-5.0
2007-11-10,2007-08,MEM,UTA,219.0,212,OVER,1,0.341,0.641,0.2821,0.05,False,-1.0,-5.0
2007-11-10,2007-08,DAL,POR,202.5,173,UNDER,2,-0.56,0.2785,0.4431,0,True,0.9,0.0
2007-11-14,2007-08,MEM,MIL,205.0,201,UNDER,1,-0.269,0.3875,0.2249,0,True,0.9,0.0
2007-11-17,2007-08,MEM,DAL,210.0,213,OVER,1,0.341,0.641,0.2821,0.05,True,0.9,4.5
2007-11-18,2007-08,GSW,TOR,217.5,206,UNDER,1,-0.228,0.4042,0.1916,0,True,0.9,0.0
2007-11-20,2007-08,GSW,NYK,219.0,190,UNDER,1,-0.466,0.3119,0.3763,0,True,0.9,0.0
2007-11-23,2007-08,DAL,IND,206.0,218,UNDER,1,-0.32,0.3671,0.2658,0,False,-1.0,0
2007-11-23,2007-08,MIN,DEN,203.5,192,OVER,1,0.236,0.5991,0.1981,0.05,False,-1.0,-5.0
2007-11-24,2007-08,WAS,MEM,216.0,242,OVER,1,0.291,0.6212,0.2425,0.05,True,0.9,4.5
2007-11-27,2007-08,MEM,BKN,204.5,213,UNDER,1,-0.229,0.4038,0.1925,0,False,-1.0,0
2007-11-28,2007-08,MEM,TOR,207.5,194,UNDER,1,-0.269,0.3875,0.2249,0,True,0.9,0.0
2007-11-28,2007-08,HOU,PHX,204.5,194,OVER,1,0.341,0.641,0.282,0.05,False,-1.0,-5.0
2007-11-29,2007-08,DEN,LAL,217.0,226,OVER,1,0.188,0.5792,0.1583,0.05,True,0.9,4.5
2007-12-01,2007-08,MIN,MEM,210.0,189,OVER,2,0.368,0.6514,0.3028,0.05,False,-1.0,-5.0
2007-12-02,2007-08,IND,LAC,202.0,196,UNDER,1,-0.239,0.3996,0.2008,0,True,0.9,0.0
2007-12-02,2007-08,ORL,LAL,211.0,201,UNDER,2,-0.633,0.2544,0.4913,0,True,0.9,0.0
2007-12-03,2007-08,ORL,GSW,219.0,240,UNDER,1,-0.382,0.3432,0.3136,0,False,-1.0,0
2007-12-05,2007-08,MEM,HOU,202.0,197,UNDER,1,-0.269,0.3875,0.2249,0,True,0.9,0.0
2007-12-07,2007-08,IND,ORL,214.5,224,UNDER,1,-0.359,0.3521,0.2957,0,False,-1.0,0
2007-12-07,2007-08,MEM,NOP,200.0,234,UNDER,1,-0.269,0.3875,0.2249,0,False,-1.0,0
2007-12-08,2007-08,MEM,ATL,200.0,164,UNDER,1,-0.345,0.3573,0.2855,0,True,0.9,0.0
2007-12-10,2007-08,DAL,NYK,201.5,188,UNDER,1,-0.32,0.3671,0.2658,0,True,0.9,0.0
2007-12-13,2007-08,WAS,MIA,205.0,195,OVER,1,0.218,0.5917,0.1834,0.05,False,-1.0,-5.0
2007-12-14,2007-08,TOR,IND,205.0,197,OVER,1,0.286,0.6193,0.2386,0.05,False,-1.0,-5.0
2007-12-15,2007-08,IND,MIA,208.0,209,OVER,1,0.218,0.5917,0.1834,0.05,True,0.9,4.5
2007-12-17,2007-08,IND,NYK,203.0,211,UNDER,1,-0.239,0.3996,0.2008,0,False,-1.0,0
2007-12-17,2007-08,PHX,SAS,205.0,195,UNDER,1,-0.337,0.3607,0.2785,0,True,0.9,0.0
2007-12-18,2007-08,LAL,CHI,202.0,194,OVER,1,0.343,0.6419,0.2838,0.05,False,-1.0,-5.0
2007-12-19,2007-08,SAS,MEM,200.0,173,UNDER,1,-0.489,0.3035,0.393,0,True,0.9,0.0
2007-12-21,2007-08,MEM,DET,204.5,161,UNDER,1,-0.269,0.3875,0.2249,0,True,0.9,0.0
2007-12-26,2007-08,MIN,GSW,208.0,206,OVER,1,0.236,0.5991,0.1981,0.05,False,-1.0,-5.0
2008-01-10,2007-08,PHX,UTA,224.0,194,UNDER,1,-0.679,0.2397,0.5206,0,True,0.9,0.0
2008-01-11,2007-08,ORL,DEN,218.0,216,OVER,1,0.241,0.601,0.2021,0.05,False,-1.0,-5.0
2008-01-12,2007-08,IND,SAC,207.0,216,OVER,2,0.094,0.5398,0.0796,0.0284,True,0.9,2.56
2008-01-15,2007-08,DEN,ATL,205.0,197,OVER,1,0.439,0.6784,0.3567,0.05,False,-1.0,-5.0
2008-01-16,2007-08,ORL,CHA,206.5,192,OVER,1,0.358,0.6475,0.2949,0.05,False,-1.0,-5.0
2008-01-16,2007-08,SAC,TOR,200.5,207,OVER,1,0.257,0.6076,0.2152,0.05,True,0.9,4.5
2008-01-17,2007-08,UTA,DEN,220.5,229,OVER,2,0.551,0.7185,0.437,0.05,True,0.9,4.5
2008-01-21,2007-08,DEN,LAL,223.5,215,OVER,1,0.321,0.6333,0.2667,0.05,False,-1.0,-5.0
2008-01-25,2007-08,MEM,WAS,204.5,197,UNDER,1,-0.269,0.3875,0.2249,0,True,0.9,0.0
2008-01-26,2007-08,IND,MIA,202.0,194,UNDER,2,-0.415,0.3305,0.3389,0,True,0.9,0.0
2008-01-28,2007-08,DAL,MEM,207.0,187,UNDER,1,-0.32,0.3671,0.2658,0,True,0.9,0.0
2008-01-31,2007-08,SAS,PHX,200.0,165,UNDER,1,-0.489,0.3035,0.393,0,True,0.9,0.0
2008-02-02,2007-08,CHI,SAC,200.0,206,OVER,1,0.286,0.6192,0.2383,0.05,True,0.9,4.5
2008-02-04,2007-08,NOP,UTA,203.0,198,UNDER,1,-0.201,0.4154,0.1693,0,True,0.9,0.0
2008-02-05,2007-08,LAL,BKN,203.5,195,UNDER,1,-0.229,0.4038,0.1925,0,True,0.9,0.0
2008-02-06,2007-08,LAL,ATL,204.0,193,UNDER,1,-0.345,0.3573,0.2855,0,True,0.9,0.0
2008-02-07,2007-08,CHI,GSW,212.5,222,OVER,1,0.367,0.6511,0.3023,0.05,True,0.9,4.5
2008-02-08,2007-08,LAL,ORL,213.0,230,OVER,1,0.284,0.6182,0.2365,0.05,True,0.9,4.5
2008-02-12,2007-08,DEN,MIA,209.5,227,OVER,1,0.218,0.5917,0.1834,0.05,True,0.9,4.5
2008-02-13,2007-08,DEN,ORL,218.5,207,OVER,1,0.188,0.5792,0.1583,0.05,False,-1.0,-5.0
2008-02-20,2007-08,ORL,TOR,206.0,237,UNDER,1,-0.432,0.3243,0.3514,0,False,-1.0,0
2008-02-20,2007-08,LAL,PHX,223.0,254,OVER,1,0.599,0.7346,0.4692,0.05,True,0.9,4.5
2008-02-22,2007-08,SAC,CHA,202.5,231,OVER,1,0.39,0.66,0.3199,0.05,True,0.9,4.5
2008-02-22,2007-08,DEN,CHI,208.5,256,OVER,1,0.343,0.6419,0.2838,0.05,True,0.9,4.5
2008-02-23,2007-08,IND,BKN,200.0,193,UNDER,1,-0.229,0.4038,0.1925,0,True,0.9,0.0
2008-02-23,2007-08,DEN,MIL,210.5,224,OVER,1,0.188,0.5792,0.1583,0.05,True,0.9,4.5
2008-02-24,2007-08,SAC,ORL,217.0,205,UNDER,1,-0.359,0.3521,0.2957,0,True,0.9,0.0
2008-02-26,2007-08,SAC,MIA,203.5,193,OVER,2,0.055,0.5236,0.0471,0,False,-1.0,0
2008-02-26,2007-08,ORL,BKN,203.5,194,UNDER,2,-0.466,0.3117,0.3765,0,True,0.9,0.0
2008-02-26,2007-08,PHX,MEM,212.0,240,OVER,1,0.291,0.6212,0.2425,0.05,True,0.9,4.5
2008-02-27,2007-08,SAC,ATL,203.0,240,UNDER,2,-0.048,0.4795,0.041,0,False,-1.0,0
2008-02-27,2007-08,ORL,PHI,202.0,190,OVER,1,0.358,0.6475,0.2949,0.05,False,-1.0,-5.0
2008-02-29,2007-08,LAC,DEN,209.0,214,UNDER,1,-0.344,0.3579,0.2842,0,False,-1.0,0
2008-03-01,2007-08,UTA,MEM,210.0,205,OVER,1,0.291,0.6212,0.2425,0.05,False,-1.0,-5.0
2008-03-02,2007-08,DAL,LAL,208.5,212,UNDER,1,-0.32,0.3671,0.2658,0,False,-1.0,0
2008-03-02,2007-08,MIL,IND,212.5,234,UNDER,1,-0.44,0.3213,0.3574,0,False,-1.0,0
2008-03-03,2007-08,DAL,UTA,204.5,226,UNDER,1,-0.32,0.3671,0.2658,0,False,-1.0,0
2008-03-04,2007-08,TOR,ORL,209.0,189,UNDER,2,-0.106,0.455,0.0901,0,True,0.9,0.0
2008-03-05,2007-08,ORL,WAS,203.0,214,OVER,1,0.358,0.6475,0.2949,0.05,True,0.9,4.5
2008-03-05,2007-08,MIN,UTA,203.5,181,OVER,1,0.236,0.5991,0.1981,0.05,False,-1.0,-5.0
2008-03-05,2007-08,SAC,LAC,201.5,225,OVER,1,0.39,0.66,0.3199,0.05,True,0.9,4.5
2008-03-07,2007-08,UTA,PHX,222.0,244,OVER,1,0.414,0.6689,0.3377,0.05,True,0.9,4.5
2008-03-07,2007-08,MIN,SAC,202.0,214,OVER,1,0.286,0.6192,0.2383,0.05,True,0.9,4.5
2008-03-07,2007-08,LAC,LAL,208.0,201,UNDER,1,-0.344,0.3579,0.2842,0,True,0.9,0.0
2008-03-08,2007-08,BOS,MEM,200.0,208,UNDER,1,-0.666,0.2436,0.5127,0,False,-1.0,0
2008-03-08,2007-08,DEN,UTA,223.5,237,OVER,1,0.321,0.6333,0.2667,0.05,True,0.9,4.5
2008-03-09,2007-08,PHI,MIL,204.0,216,OVER,1,0.544,0.7161,0.4323,0.05,True,0.9,4.5
2008-03-09,2007-08,SAC,LAL,224.0,227,UNDER,1,-0.689,0.2367,0.5266,0,False,-1.0,0
2008-03-12,2007-08,LAC,ORL,201.0,198,UNDER,1,-0.344,0.3579,0.2842,0,True,0.9,0.0
2008-03-12,2007-08,CHA,DAL,203.0,211,UNDER,1,-0.301,0.3747,0.2506,0,False,-1.0,0
2008-03-13,2007-08,POR,SAC,204.5,181,UNDER,1,-0.324,0.3659,0.2683,0,True,0.9,0.0
2008-03-15,2007-08,UTA,BKN,204.5,232,UNDER,1,-0.229,0.4038,0.1925,0,False,-1.0,0
2008-03-17,2007-08,CHA,MEM,210.0,178,UNDER,1,-0.565,0.2767,0.4465,0,True,0.9,0.0
2008-03-18,2007-08,GSW,SAC,229.0,227,OVER,1,0.429,0.6748,0.3496,0.05,False,-1.0,-5.0
2008-03-19,2007-08,WAS,ORL,210.5,173,UNDER,1,-0.359,0.3521,0.2957,0,True,0.9,0.0
2008-03-19,2007-08,MEM,MIN,205.0,192,UNDER,1,-0.269,0.3875,0.2249,0,True,0.9,0.0
2008-03-21,2007-08,MIN,IND,212.0,237,OVER,1,0.23,0.5964,0.1928,0.05,True,0.9,4.5
2008-03-21,2007-08,MEM,NYK,204.5,226,OVER,1,0.431,0.6755,0.3509,0.05,True,0.9,4.5
2008-03-21,2007-08,DEN,BKN,224.0,239,OVER,1,0.321,0.6333,0.2667,0.05,True,0.9,4.5
2008-03-21,2007-08,HOU,GSW,208.0,215,UNDER,1,-0.241,0.3989,0.2021,0,False,-1.0,0
2008-03-22,2007-08,ORL,ATL,213.0,188,UNDER,1,-0.382,0.3432,0.3136,0,True,0.9,0.0
2008-03-22,2007-08,HOU,PHX,204.5,235,OVER,1,0.341,0.641,0.282,0.05,True,0.9,4.5
2008-03-24,2007-08,LAL,GSW,234.0,242,OVER,1,0.368,0.6515,0.303,0.05,True,0.9,4.5
2008-03-25,2007-08,NOP,IND,212.5,220,OVER,1,1.016,0.849,0.6981,0.05,True,0.9,4.5
2008-03-25,2007-08,CHA,UTA,205.0,234,UNDER,1,-0.301,0.3747,0.2506,0,False,-1.0,0
2008-03-26,2007-08,MEM,SAC,201.5,213,UNDER,2,-0.014,0.4942,0.0117,0,False,-1.0,0
2008-03-28,2007-08,CHI,ATL,207.0,209,UNDER,1,-0.345,0.3573,0.2855,0,False,-1.0,0
2008-03-28,2007-08,LAC,UTA,206.0,222,UNDER,1,-0.344,0.3579,0.2842,0,False,-1.0,0
2008-03-28,2007-08,WAS,SAC,203.5,222,OVER,2,0.454,0.6839,0.3677,0.05,True,0.9,4.5
2008-03-28,2007-08,MEM,LAL,219.5,225,OVER,1,0.341,0.641,0.2821,0.05,True,0.9,4.5
2008-03-29,2007-08,PHX,BKN,224.0,214,UNDER,1,-0.679,0.2397,0.5206,0,True,0.9,0.0
2008-04-01,2007-08,PHI,BKN,203.5,207,OVER,1,0.544,0.7161,0.4323,0.05,True,0.9,4.5
2008-04-01,2007-08,HOU,SAC,202.0,197,OVER,2,0.018,0.5075,0.015,0,False,-1.0,0
2008-04-02,2007-08,TOR,ATL,203.5,247,OVER,2,0.52,0.7075,0.4151,0.05,True,0.9,4.5
2008-04-02,2007-08,IND,BOS,207.0,169,OVER,1,0.328,0.6358,0.2715,0.05,False,-1.0,-5.0
2008-04-02,2007-08,NYK,MEM,214.0,244,OVER,1,0.291,0.6212,0.2425,0.05,True,0.9,4.5
2008-04-03,2007-08,LAC,SAC,206.0,208,UNDER,1,-0.344,0.3579,0.2842,0,False,-1.0,0
2008-04-04,2007-08,CHA,TOR,204.0,205,UNDER,1,-0.301,0.3747,0.2506,0,False,-1.0,0
2008-04-04,2007-08,PHI,ATL,206.5,213,OVER,2,0.699,0.7664,0.5327,0.05,True,0.9,4.5
2008-04-05,2007-08,TOR,BKN,202.5,189,UNDER,1,-0.229,0.4038,0.1925,0,True,0.9,0.0
2008-04-08,2007-08,PHX,MEM,229.0,240,UNDER,1,-0.434,0.3235,0.3531,0,False,-1.0,0
2008-04-08,2007-08,LAL,POR,201.0,215,UNDER,1,-0.459,0.3141,0.3718,0,False,-1.0,0
2008-04-08,2007-08,DEN,LAC,213.0,216,UNDER,1,-0.677,0.2402,0.5196,0,False,-1.0,0
2008-04-09,2007-08,CHI,ORL,206.5,198,UNDER,1,-0.607,0.2626,0.4748,0,True,0.9,0.0
2008-04-10,2007-08,LAL,LAC,208.0,184,UNDER,1,-0.241,0.3989,0.2023,0,True,0.9,0.0
2008-04-11,2007-08,MIN,ORL,205.5,203,OVER,1,0.236,0.5991,0.1981,0.05,False,-1.0,-5.0
2008-04-11,2007-08,PHX,HOU,205.0,191,UNDER,2,-0.485,0.3048,0.3904,0,True,0.9,0.0
2008-04-11,2007-08,POR,SAC,200.0,189,OVER,1,0.328,0.6358,0.2717,0.05,False,-1.0,-5.0
2008-04-15,2007-08,ORL,ATL,204.0,226,OVER,2,0.561,0.7217,0.4434,0.05,True,0.9,4.5
2008-04-16,2007-08,PHI,CHA,202.0,224,OVER,1,0.544,0.7161,0.4323,0.05,True,0.9,4.5
2008-04-26,2007-08,LAL,DEN,230.0,186,OVER,1,0.368,0.6515,0.303,0.05,False,-1.0,-5.0
2008-04-28,2007-08,TOR,ORL,203.0,194,OVER,1,0.437,0.6776,0.3553,0.05,False,-1.0,-5.0
2008-10-29,2008-09,ATL,ORL,202.0,184,UNDER,1,-0.607,0.2626,0.4748,0,True,0.9,0.0
2008-10-29,2008-09,MIA,NYK,207.5,235,OVER,1,0.431,0.6755,0.3509,0.05,True,0.9,4.5
2008-10-29,2008-09,SAC,MIN,203.0,194,UNDER,2,-0.475,0.3084,0.3832,0,True,0.9,0.0
2008-10-31,2008-09,SAC,MIA,205.0,180,OVER,2,0.333,0.6379,0.2758,0.05,False,-1.0,-5.0
2008-11-01,2008-09,GSW,BKN,207.0,202,UNDER,1,-0.229,0.4038,0.1925,0,True,0.9,0.0
2008-11-01,2008-09,DAL,MIN,204.0,180,UNDER,1,-0.802,0.2038,0.5924,0,True,0.9,0.0
2008-11-02,2008-09,MIL,NYK,215.0,180,UNDER,1,-0.44,0.3213,0.3574,0,True,0.9,0.0
2008-11-04,2008-09,PHX,BKN,203.0,200,UNDER,1,-0.229,0.4038,0.1925,0,True,0.9,0.0
2008-11-05,2008-09,CHA,NYK,204.0,199,OVER,1,0.431,0.6755,0.3509,0.05,False,-1.0,-5.0
2008-11-11,2008-09,MIN,GSW,204.0,223,OVER,1,0.917,0.8261,0.6523,0.05,True,0.9,4.5
2008-11-13,2008-09,DAL,CHI,202.0,189,OVER,1,0.343,0.6419,0.2838,0.05,False,-1.0,-5.0
2008-11-21,2008-09,ORL,IND,202.0,198,OVER,1,0.358,0.6475,0.2949,0.05,False,-1.0,-5.0
2008-11-21,2008-09,POR,SAC,200.0,213,UNDER,1,-0.324,0.3659,0.2683,0,False,-1.0,0
2008-11-26,2008-09,GSW,BOS,202.5,230,OVER,1,0.328,0.6358,0.2715,0.05,True,0.9,4.5
2008-12-02,2008-09,LAL,IND,212.0,235,OVER,1,1.016,0.849,0.6981,0.05,True,0.9,4.5
2008-12-02,2008-09,POR,NYK,212.0,201,OVER,1,0.275,0.6146,0.2293,0.05,False,-1.0,-5.0
2008-12-02,2008-09,WAS,BKN,209.5,196,UNDER,1,-0.229,0.4038,0.1925,0,True,0.9,0.0
2008-12-02,2008-09,TOR,DEN,205.5,225,OVER,1,0.437,0.6776,0.3553,0.05,True,0.9,4.5
2008-12-02,2008-09,UTA,SAC,209.0,191,OVER,1,0.328,0.6358,0.2717,0.05,False,-1.0,-5.0
2008-12-03,2008-09,NYK,CLE,218.0,200,OVER,1,0.419,0.6708,0.3415,0.05,False,-1.0,-5.0
2008-12-03,2008-09,MIA,UTA,200.5,182,UNDER,1,-0.201,0.4154,0.1693,0,True,0.9,0.0
2008-12-05,2008-09,TOR,UTA,202.0,201,OVER,1,0.437,0.6776,0.3553,0.05,False,-1.0,-5.0
2008-12-06,2008-09,DEN,SAC,210.5,203,OVER,1,0.188,0.5792,0.1583,0.05,False,-1.0,-5.0
2008-12-09,2008-09,NYK,CHI,213.0,205,OVER,1,0.714,0.7709,0.5417,0.05,False,-1.0,-5.0
2008-12-10,2008-09,NYK,BKN,217.0,230,OVER,1,0.714,0.7709,0.5417,0.05,True,0.9,4.5
2008-12-10,2008-09,MIN,DEN,204.0,221,OVER,1,0.236,0.5991,0.1981,0.05,True,0.9,4.5
2008-12-10,2008-09,MIL,GSW,220.5,215,UNDER,1,-0.481,0.3064,0.3872,0,True,0.9,0.0
2008-12-12,2008-09,TOR,BKN,207.0,180,UNDER,1,-0.229,0.4038,0.1925,0,True,0.9,0.0
2008-12-12,2008-09,ORL,PHX,211.0,225,UNDER,1,-0.382,0.3432,0.3136,0,False,-1.0,0
2008-12-12,2008-09,HOU,GSW,216.5,227,OVER,1,0.204,0.586,0.1719,0.05,True,0.9,4.5
2008-12-13,2008-09,GSW,DEN,226.0,228,OVER,1,0.55,0.7182,0.4364,0.05,True,0.9,4.5
2008-12-14,2008-09,MIN,LAL,209.0,184,OVER,1,0.236,0.5991,0.1981,0.05,False,-1.0,-5.0
2008-12-15,2008-09,IND,WAS,210.0,216,UNDER,1,-0.677,0.2404,0.5191,0,False,-1.0,0
2008-12-15,2008-09,ORL,GSW,221.5,207,UNDER,1,-0.481,0.3064,0.3872,0,True,0.9,0.0
2008-12-19,2008-09,MIL,NYK,214.5,186,UNDER,1,-0.466,0.3119,0.3763,0,True,0.9,0.0
2008-12-19,2008-09,TOR,OKC,201.0,174,UNDER,2,-0.872,0.1851,0.6298,0,True,0.9,0.0
2008-12-20,2008-09,DEN,PHX,222.0,209,OVER,1,0.321,0.6333,0.2667,0.05,False,-1.0,-5.0
2008-12-21,2008-09,NYK,BOS,209.0,229,OVER,1,0.328,0.6358,0.2715,0.05,True,0.9,4.5
2008-12-21,2008-09,DAL,WAS,200.5,183,UNDER,1,-0.32,0.3671,0.2658,0,True,0.9,0.0
2008-12-22,2008-09,POR,DEN,202.0,186,UNDER,1,-0.324,0.3659,0.2683,0,True,0.9,0.0
2008-12-23,2008-09,GSW,MIA,216.0,184,UNDER,1,-0.509,0.2963,0.4075,0,True,0.9,0.0
2008-12-26,2008-09,MIN,NYK,213.0,227,OVER,1,0.23,0.5964,0.1928,0.05,True,0.9,4.5
2008-12-26,2008-09,IND,MEM,204.5,213,UNDER,1,-0.239,0.3996,0.2008,0,False,-1.0,0
2008-12-28,2008-09,DEN,NYK,219.5,227,OVER,1,0.188,0.5792,0.1583,0.05,True,0.9,4.5
2008-12-29,2008-09,DEN,ATL,200.5,200,UNDER,1,-0.345,0.3573,0.2855,0,True,0.9,0.0
2008-12-29,2008-09,CHI,BKN,209.5,187,UNDER,1,-0.229,0.4038,0.1925,0,True,0.9,0.0
2008-12-30,2008-09,PHX,MEM,202.0,190,UNDER,1,-0.337,0.3607,0.2785,0,True,0.9,0.0
2009-01-02,2008-09,LAC,PHX,200.0,204,UNDER,1,-0.344,0.3579,0.2842,0,False,-1.0,0
2009-01-02,2008-09,UTA,LAL,206.5,213,UNDER,1,-0.41,0.3326,0.3347,0,False,-1.0,0
2009-01-04,2008-09,BOS,NYK,209.0,188,UNDER,1,-0.666,0.2436,0.5127,0,True,0.9,0.0
2009-01-11,2008-09,IND,GSW,223.5,237,UNDER,1,-0.481,0.3064,0.3872,0,False,-1.0,0
2009-01-13,2008-09,ORL,SAC,201.5,246,OVER,1,0.286,0.6192,0.2383,0.05,True,0.9,4.5
2009-01-15,2008-09,PHX,DEN,220.0,232,OVER,1,0.545,0.7163,0.4327,0.05,True,0.9,4.5
2009-01-16,2008-09,MIN,PHX,213.0,208,OVER,1,0.23,0.5964,0.1928,0.05,False,-1.0,-5.0
2009-01-16,2008-09,MIL,SAC,206.0,251,OVER,1,0.328,0.6358,0.2717,0.05,True,0.9,4.5
2009-01-16,2008-09,ATL,GSW,220.0,233,OVER,2,0.221,0.593,0.1859,0.05,True,0.9,4.5
2009-01-17,2008-09,ORL,DEN,210.0,194,UNDER,1,-0.382,0.3432,0.3136,0,True,0.9,0.0
2009-01-20,2008-09,IND,SAS,210.0,180,UNDER,1,-0.496,0.3009,0.3981,0,True,0.9,0.0
2009-01-21,2008-09,PHX,NYK,220.0,223,UNDER,1,-0.679,0.2397,0.5206,0,False,-1.0,0
2009-01-21,2008-09,LAL,LAC,203.5,205,UNDER,1,-0.241,0.3989,0.2023,0,False,-1.0,0
2009-01-23,2008-09,MIL,ATL,203.0,204,UNDER,1,-0.345,0.3573,0.2855,0,False,-1.0,0
2009-01-23,2008-09,MEM,NYK,203.0,196,UNDER,1,-0.269,0.3875,0.2249,0,True,0.9,0.0
2009-01-25,2008-09,SAS,LAL,203.0,184,UNDER,1,-0.489,0.3035,0.393,0,True,0.9,0.0
2009-01-25,2008-09,PHX,ATL,208.5,203,UNDER,1,-0.345,0.3573,0.2855,0,True,0.9,0.0
2009-01-25,2008-09,LAC,GSW,218.0,199,OVER,1,0.268,0.6121,0.2241,0.05,False,-1.0,-5.0
2009-01-26,2008-09,HOU,NYK,207.0,202,UNDER,1,-0.241,0.3989,0.2021,0,True,0.9,0.0
2009-01-27,2008-09,IND,ORL,214.0,246,UNDER,1,-0.359,0.3521,0.2957,0,False,-1.0,0
2009-01-28,2008-09,MIL,IND,211.0,206,UNDER,1,-0.44,0.3213,0.3574,0,True,0.9,0.0
2009-01-28,2008-09,SAC,BOS,204.0,219,OVER,1,0.328,0.6358,0.2715,0.05,True,0.9,4.5
2009-02-02,2008-09,DAL,ORL,208.5,200,UNDER,1,-0.32,0.3671,0.2658,0,True,0.9,0.0
2009-02-02,2008-09,LAL,NYK,225.0,243,OVER,1,0.291,0.6212,0.2424,0.05,True,0.9,4.5
2009-02-02,2008-09,SAC,PHX,224.0,210,UNDER,1,-0.689,0.2367,0.5266,0,True,0.9,0.0
2009-02-04,2008-09,DEN,OKC,212.5,227,OVER,1,0.188,0.5792,0.1583,0.05,True,0.9,4.5
2009-02-04,2008-09,ATL,MIN,203.0,180,UNDER,1,-0.306,0.3729,0.2541,0,True,0.9,0.0
2009-02-05,2008-09,DAL,UTA,208.0,202,UNDER,1,-0.201,0.4154,0.1693,0,True,0.9,0.0
2009-02-06,2008-09,POR,OKC,201.0,195,UNDER,1,-0.324,0.3659,0.2683,0,True,0.9,0.0
2009-02-07,2008-09,LAC,ATL,200.0,218,OVER,1,0.847,0.8085,0.617,0.05,True,0.9,4.5
2009-02-07,2008-09,DEN,BKN,206.0,184,UNDER,1,-0.229,0.4038,0.1925,0,True,0.9,0.0
2009-02-08,2008-09,NYK,POR,211.0,217,OVER,1,0.272,0.6137,0.2273,0.05,True,0.9,4.5
2009-02-08,2008-09,UTA,GSW,223.5,212,UNDER,1,-0.481,0.3064,0.3872,0,True,0.9,0.0
2009-02-10,2008-09,DEN,MIA,203.0,181,UNDER,1,-0.341,0.3591,0.2817,0,True,0.9,0.0
2009-02-11,2008-09,DEN,ORL,209.5,155,UNDER,1,-0.607,0.2626,0.4748,0,True,0.9,0.0
2009-02-11,2008-09,LAL,UTA,216.5,222,OVER,1,0.284,0.6182,0.2365,0.05,True,0.9,4.5
2009-02-17,2008-09,MIN,WAS,202.0,214,OVER,1,0.917,0.8261,0.6523,0.05,True,0.9,4.5
2009-02-17,2008-09,SAS,NYK,209.0,219,OVER,1,0.431,0.6755,0.3509,0.05,True,0.9,4.5
2009-02-17,2008-09,LAC,PHX,219.0,240,OVER,1,0.268,0.6121,0.2241,0.05,True,0.9,4.5
2009-02-20,2008-09,DEN,CHI,207.5,215,OVER,1,0.343,0.6419,0.2838,0.05,True,0.9,4.5
2009-02-22,2008-09,NYK,TOR,215.0,211,UNDER,1,-0.228,0.4042,0.1916,0,True,0.9,0.0
2009-02-22,2008-09,DEN,MIL,210.5,237,OVER,1,0.188,0.5792,0.1583,0.05,True,0.9,4.5
2009-02-22,2008-09,LAC,POR,204.0,203,UNDER,1,-0.344,0.3579,0.2842,0,True,0.9,0.0
2009-02-23,2008-09,NOP,SAC,203.0,217,OVER,1,0.286,0.6192,0.2383,0.05,True,0.9,4.5
2009-02-24,2008-09,ORL,CHI,204.5,222,OVER,2,0.492,0.6979,0.3957,0.05,True,0.9,4.5
2009-02-25,2008-09,MEM,IND,209.0,203,UNDER,1,-0.269,0.3875,0.2249,0,True,0.9,0.0
2009-02-25,2008-09,ORL,NYK,217.0,223,UNDER,1,-0.382,0.3432,0.3136,0,False,-1.0,0
2009-02-27,2008-09,IND,BOS,205.5,203,OVER,1,0.328,0.6358,0.2715,0.05,False,-1.0,-5.0
2009-02-27,2008-09,LAL,DEN,218.0,169,OVER,1,0.284,0.6182,0.2365,0.05,False,-1.0,-5.0
2009-02-27,2008-09,LAC,SAC,211.5,184,UNDER,1,-0.285,0.3811,0.2378,0,True,0.9,0.0
2009-02-28,2008-09,NYK,MIA,215.5,235,OVER,1,0.228,0.5957,0.1914,0.05,True,0.9,4.5
2009-03-01,2008-09,TOR,DAL,207.5,207,OVER,1,0.437,0.6776,0.3553,0.05,False,-1.0,-5.0
2009-03-04,2008-09,ATL,NYK,215.0,214,UNDER,1,-0.466,0.3119,0.3763,0,True,0.9,0.0
2009-03-04,2008-09,HOU,UTA,201.0,195,OVER,1,0.341,0.641,0.282,0.05,False,-1.0,-5.0
2009-03-06,2008-09,BKN,ORL,203.0,207,UNDER,1,-0.607,0.2626,0.4748,0,False,-1.0,0
2009-03-07,2008-09,CHA,NYK,206.0,219,OVER,1,0.431,0.6755,0.3509,0.05,True,0.9,4.5
2009-03-07,2008-09,MIN,POR,202.5,188,OVER,1,0.236,0.5991,0.1981,0.05,False,-1.0,-5.0
2009-03-08,2008-09,PHX,SAS,219.5,201,UNDER,1,-0.496,0.3009,0.3981,0,True,0.9,0.0
2009-03-09,2008-09,CHI,MIA,205.0,257,OVER,1,0.218,0.5917,0.1834,0.05,True,0.9,4.5
2009-03-09,2008-09,WAS,MIN,201.5,209,UNDER,2,-0.034,0.4856,0.0287,0,False,-1.0,0
2009-03-11,2008-09,TOR,PHI,202.5,221,OVER,1,0.437,0.6776,0.3553,0.05,True,0.9,4.5
2009-03-11,2008-09,LAL,HOU,202.0,198,UNDER,1,-0.352,0.3547,0.2907,0,True,0.9,0.0
2009-03-13,2008-09,IND,ATL,207.5,188,UNDER,1,-0.345,0.3573,0.2855,0,True,0.9,0.0
2009-03-13,2008-09,DAL,GSW,223.0,229,UNDER,1,-0.481,0.3064,0.3872,0,False,-1.0,0
2009-03-14,2008-09,LAC,DEN,205.0,201,UNDER,1,-0.344,0.3579,0.2842,0,True,0.9,0.0
2009-03-15,2008-09,SAC,WAS,209.5,210,OVER,1,0.39,0.66,0.3199,0.05,True,0.9,4.5
2009-03-18,2008-09,ORL,MIL,201.0,186,UNDER,1,-0.432,0.3243,0.3514,0,True,0.9,0.0
2009-03-20,2008-09,DAL,IND,208.0,186,UNDER,1,-0.239,0.3996,0.2008,0,True,0.9,0.0
2009-03-25,2008-09,MIN,PHI,201.0,184,OVER,1,0.236,0.5991,0.1981,0.05,False,-1.0,-5.0
2009-03-25,2008-09,LAC,NYK,215.5,275,OVER,1,0.268,0.6121,0.2241,0.05,True,0.9,4.5
2009-03-26,2008-09,PHX,POR,221.5,238,OVER,1,0.446,0.681,0.362,0.05,True,0.9,4.5
2009-03-27,2008-09,MEM,SAC,209.5,208,UNDER,1,-0.703,0.2323,0.5355,0,True,0.9,0.0
2009-03-28,2008-09,GSW,DEN,228.5,245,OVER,1,0.55,0.7182,0.4364,0.05,True,0.9,4.5
2009-03-29,2008-09,LAL,ATL,200.0,162,UNDER,1,-0.345,0.3573,0.2855,0,True,0.9,0.0
2009-03-30,2008-09,MEM,GSW,221.0,223,OVER,1,0.555,0.7197,0.4394,0.05,True,0.9,4.5
2009-03-31,2008-09,DAL,MIN,200.0,196,UNDER,1,-0.32,0.3671,0.2658,0,True,0.9,0.0
2009-03-31,2008-09,NOP,SAC,201.5,221,OVER,1,0.286,0.6192,0.2383,0.05,True,0.9,4.5
2009-04-01,2008-09,WAS,MEM,201.5,219,OVER,1,0.315,0.6307,0.2613,0.05,True,0.9,4.5
2009-04-03,2008-09,MIN,UTA,202.0,205,OVER,1,0.236,0.5991,0.1981,0.05,True,0.9,4.5
2009-04-04,2008-09,MEM,MIL,200.5,209,UNDER,1,-0.269,0.3875,0.2249,0,False,-1.0,0
2009-04-05,2008-09,PHX,DAL,230.0,256,OVER,1,0.486,0.6954,0.3909,0.05,True,0.9,4.5
2009-04-05,2008-09,NYK,TOR,217.0,215,UNDER,1,-0.228,0.4042,0.1916,0,True,0.9,0.0
2009-04-05,2008-09,IND,OKC,209.5,216,UNDER,1,-0.239,0.3996,0.2008,0,False,-1.0,0
2009-04-05,2008-09,LAC,LAL,209.0,173,UNDER,1,-0.344,0.3579,0.2842,0,True,0.9,0.0
2009-04-07,2008-09,NYK,CHI,219.0,213,OVER,1,0.714,0.7709,0.5417,0.05,False,-1.0,-5.0
2009-04-08,2008-09,TOR,IND,218.0,231,OVER,1,1.016,0.849,0.6981,0.05,True,0.9,4.5
2009-04-08,2008-09,PHX,NOP,223.0,205,UNDER,1,-0.679,0.2397,0.5206,0,True,0.9,0.0
2009-04-09,2008-09,HOU,SAC,205.0,213,OVER,2,0.439,0.6783,0.3566,0.05,True,0.9,4.5
2009-04-11,2008-09,GSW,UTA,227.0,226,OVER,1,0.503,0.7016,0.4032,0.05,False,-1.0,-5.0
2009-04-12,2008-09,NYK,MIA,212.5,227,OVER,1,0.714,0.7709,0.5417,0.05,True,0.9,4.5
2009-04-12,2008-09,PHI,TOR,205.5,215,OVER,1,0.544,0.7161,0.4323,0.05,True,0.9,4.5
2009-04-13,2008-09,TOR,WAS,215.5,193,UNDER,1,-0.677,0.2404,0.5191,0,True,0.9,0.0
2009-04-13,2008-09,MIN,DAL,201.0,190,OVER,1,0.236,0.5991,0.1981,0.05,False,-1.0,-5.0
2009-04-13,2008-09,LAC,UTA,204.0,191,UNDER,1,-0.344,0.3579,0.2842,0,True,0.9,0.0
2009-04-13,2008-09,SAC,DEN,222.0,216,UNDER,1,-0.689,0.2367,0.5266,0,True,0.9,0.0
2009-04-13,2008-09,MEM,PHX,215.5,229,OVER,1,0.505,0.7023,0.4047,0.05,True,0.9,4.5
2009-04-25,2008-09,LAL,UTA,209.0,202,UNDER,1,-0.201,0.4154,0.1693,0,True,0.9,0.0
2009-04-26,2008-09,BOS,CHI,200.0,239,OVER,1,0.343,0.6419,0.2838,0.05,True,0.9,4.5
2009-05-05,2008-09,DAL,DEN,206.0,222,UNDER,1,-0.32,0.3671,0.2658,0,False,-1.0,0
2009-05-21,2008-09,DEN,LAL,210.5,209,OVER,1,0.188,0.5792,0.1583,0.05,False,-1.0,-5.0
2009-05-23,2008-09,LAL,DEN,211.0,200,OVER,1,0.241,0.601,0.2021,0.05,False,-1.0,-5.0
2009-05-25,2008-09,LAL,DEN,210.5,221,OVER,1,0.241,0.601,0.2021,0.05,True,0.9,4.5
2009-06-03,2008-09,ORL,LAL,206.0,175,UNDER,1,-0.41,0.3326,0.3347,0,True,0.9,0.0
2009-06-07,2008-09,ORL,LAL,203.5,197,UNDER,1,-0.41,0.3326,0.3347,0,True,0.9,0.0
2009-10-27,2009-10,LAC,LAL,208.0,191,UNDER,1,-0.344,0.3579,0.2842,0,True,0.9,0.0
2009-10-28,2009-10,NYK,MIA,211.0,208,UNDER,1,-0.509,0.2963,0.4075,0,True,0.9,0.0
2009-10-28,2009-10,SAC,OKC,207.0,191,UNDER,1,-1.286,0.1009,0.7981,0,True,0.9,0.0
2009-10-30,2009-10,DAL,LAL,201.0,174,UNDER,2,-0.516,0.2937,0.4126,0,True,0.9,0.0
2009-10-31,2009-10,PHI,NYK,205.5,268,OVER,1,0.544,0.7161,0.4323,0.05,True,0.9,4.5
2009-11-02,2009-10,HOU,UTA,205.5,209,OVER,1,0.341,0.641,0.282,0.05,True,0.9,4.5
2009-11-02,2009-10,MEM,SAC,200.5,243,OVER,1,0.328,0.6358,0.2717,0.05,True,0.9,4.5
2009-11-03,2009-10,DEN,IND,223.0,204,OVER,1,0.321,0.6333,0.2667,0.05,False,-1.0,-5.0
2009-11-03,2009-10,PHX,MIA,217.5,200,OVER,1,0.228,0.5957,0.1914,0.05,False,-1.0,-5.0
2009-11-04,2009-10,IND,NYK,225.0,190,OVER,1,0.291,0.6212,0.2424,0.05,False,-1.0,-5.0
2009-11-04,2009-10,LAL,HOU,203.0,205,UNDER,1,-0.352,0.3547,0.2907,0,False,-1.0,0
2009-11-04,2009-10,MEM,GSW,223.0,218,OVER,1,0.555,0.7197,0.4394,0.05,False,-1.0,-5.0
2009-11-06,2009-10,WAS,IND,207.5,188,OVER,1,0.315,0.6307,0.2613,0.05,False,-1.0,-5.0
2009-11-06,2009-10,DEN,MIA,206.0,184,UNDER,1,-0.341,0.3591,0.2817,0,True,0.9,0.0
2009-11-07,2009-10,DEN,ATL,210.5,225,OVER,1,0.188,0.5792,0.1583,0.05,True,0.9,4.5
2009-11-07,2009-10,TOR,DAL,203.0,230,OVER,1,0.437,0.6776,0.3553,0.05,True,0.9,4.5
2009-11-08,2009-10,PHX,WAS,215.0,192,UNDER,1,-0.677,0.2404,0.5191,0,True,0.9,0.0
2009-11-09,2009-10,TOR,SAS,201.0,255,OVER,1,0.437,0.6776,0.3553,0.05,True,0.9,4.5
2009-11-09,2009-10,MIN,GSW,212.0,251,OVER,1,0.23,0.5964,0.1928,0.05,True,0.9,4.5
2009-11-10,2009-10,DEN,CHI,200.5,179,OVER,1,0.343,0.6419,0.2838,0.05,False,-1.0,-5.0
2009-11-12,2009-10,PHX,LAL,219.0,223,OVER,1,0.569,0.7246,0.4491,0.05,True,0.9,4.5
2009-11-13,2009-10,HOU,SAC,210.0,209,OVER,1,0.204,0.586,0.1719,0.05,False,-1.0,-5.0
2009-11-13,2009-10,LAL,DEN,212.0,184,OVER,1,0.241,0.601,0.2021,0.05,False,-1.0,-5.0
2009-11-13,2009-10,TOR,LAC,209.0,193,OVER,1,0.286,0.6193,0.2386,0.05,False,-1.0,-5.0
2009-11-15,2009-10,HOU,LAL,204.5,192,OVER,1,0.341,0.641,0.282,0.05,False,-1.0,-5.0
2009-11-17,2009-10,GSW,CLE,215.0,222,OVER,1,0.419,0.6708,0.3415,0.05,True,0.9,4.5
2009-11-18,2009-10,GSW,BOS,208.5,204,OVER,1,0.328,0.6358,0.2715,0.05,False,-1.0,-5.0
2009-11-18,2009-10,HOU,MIN,200.0,181,OVER,1,0.341,0.641,0.282,0.05,False,-1.0,-5.0
2009-11-20,2009-10,HOU,ATL,206.5,208,OVER,1,0.341,0.641,0.282,0.05,True,0.9,4.5
2009-11-23,2009-10,SAC,MEM,209.0,221,OVER,1,0.257,0.6076,0.2152,0.05,True,0.9,4.5
2009-11-24,2009-10,IND,TOR,214.0,235,UNDER,1,-0.228,0.4042,0.1916,0,False,-1.0,0
2009-11-27,2009-10,TOR,BOS,204.0,219,OVER,1,0.328,0.6358,0.2715,0.05,True,0.9,4.5
2009-12-02,2009-10,PHX,CLE,213.0,197,OVER,1,0.569,0.7246,0.4491,0.05,False,-1.0,-5.0
2009-12-02,2009-10,MEM,MIN,202.0,192,UNDER,1,-0.802,0.2038,0.5924,0,True,0.9,0.0
2009-12-04,2009-10,MIN,NOP,200.0,187,OVER,1,0.236,0.5991,0.1981,0.05,False,-1.0,-5.0
2009-12-05,2009-10,TOR,CHI,205.0,188,OVER,1,0.437,0.6776,0.3553,0.05,False,-1.0,-5.0
2009-12-05,2009-10,DEN,SAS,207.0,205,UNDER,1,-0.356,0.3532,0.2937,0,True,0.9,0.0
2009-12-05,2009-10,IND,LAC,200.5,160,UNDER,1,-0.239,0.3996,0.2008,0,True,0.9,0.0
2009-12-06,2009-10,MIA,SAC,205.0,217,OVER,1,0.328,0.6358,0.2717,0.05,True,0.9,4.5
2009-12-06,2009-10,PHX,LAL,222.0,196,UNDER,1,-0.383,0.3428,0.3144,0,True,0.9,0.0
2009-12-07,2009-10,POR,NYK,204.0,177,UNDER,1,-0.324,0.3659,0.2683,0,True,0.9,0.0
2009-12-08,2009-10,MIN,TOR,212.0,182,OVER,1,0.23,0.5964,0.1928,0.05,False,-1.0,-5.0
2009-12-10,2009-10,ORL,UTA,202.0,231,OVER,1,0.358,0.6475,0.2949,0.05,True,0.9,4.5
2009-12-11,2009-10,ATL,TOR,211.0,200,UNDER,1,-0.228,0.4042,0.1916,0,True,0.9,0.0
2009-12-12,2009-10,MIN,SAC,205.0,220,OVER,1,0.286,0.6192,0.2383,0.05,True,0.9,4.5
2009-12-13,2009-10,HOU,TOR,203.5,189,UNDER,1,-0.241,0.3989,0.2021,0,True,0.9,0.0
2009-12-14,2009-10,MIN,UTA,203.0,218,OVER,1,0.236,0.5991,0.1981,0.05,True,0.9,4.5
2009-12-15,2009-10,TOR,MIA,202.5,210,OVER,1,0.437,0.6776,0.3553,0.05,True,0.9,4.5
2009-12-15,2009-10,SAC,POR,200.0,183,UNDER,1,-0.459,0.3141,0.3718,0,True,0.9,0.0
2009-12-16,2009-10,HOU,DEN,206.5,212,OVER,1,0.341,0.641,0.282,0.05,True,0.9,4.5
2009-12-17,2009-10,PHX,POR,201.5,207,UNDER,1,-0.337,0.3607,0.2785,0,False,-1.0,0
2009-12-18,2009-10,WAS,GSW,219.0,227,UNDER,1,-0.677,0.2404,0.5191,0,False,-1.0,0
2009-12-22,2009-10,IND,BOS,201.5,197,OVER,1,0.328,0.6358,0.2715,0.05,False,-1.0,-5.0
2009-12-22,2009-10,GSW,MEM,219.5,229,OVER,2,0.476,0.6921,0.3842,0.05,True,0.9,4.5
2009-12-23,2009-10,HOU,ORL,200.5,189,OVER,1,0.341,0.641,0.282,0.05,False,-1.0,-5.0
2009-12-23,2009-10,UTA,MIA,200.5,150,UNDER,1,-0.341,0.3591,0.2817,0,True,0.9,0.0
2009-12-23,2009-10,CLE,SAC,203.5,221,OVER,1,0.286,0.6192,0.2383,0.05,True,0.9,4.5
2009-12-26,2009-10,MEM,DAL,201.0,207,UNDER,1,-0.269,0.3875,0.2249,0,False,-1.0,0
2009-12-26,2009-10,WAS,MIN,208.0,190,UNDER,2,-0.034,0.4856,0.0287,0,True,0.9,0.0
2009-12-27,2009-10,DAL,DEN,209.0,200,UNDER,1,-0.32,0.3671,0.2658,0,True,0.9,0.0
2009-12-28,2009-10,LAL,PHX,216.0,221,OVER,1,0.284,0.6182,0.2365,0.05,True,0.9,4.5
2009-12-28,2009-10,DEN,SAC,211.0,207,OVER,1,0.188,0.5792,0.1583,0.05,False,-1.0,-5.0
2010-01-02,2009-10,DEN,UTA,203.5,200,UNDER,1,-0.201,0.4154,0.1693,0,True,0.9,0.0
2010-01-02,2009-10,DAL,SAC,206.5,190,UNDER,2,-0.006,0.4973,0.0054,0,True,0.9,0.0
2010-01-05,2009-10,PHX,SAC,227.0,222,OVER,1,0.429,0.6748,0.3496,0.05,False,-1.0,-5.0
2010-01-05,2009-10,HOU,LAL,200.0,167,UNDER,2,-0.068,0.471,0.058,0,True,0.9,0.0
2010-01-06,2009-10,TOR,ORL,204.0,211,OVER,1,0.437,0.6776,0.3553,0.05,True,0.9,4.5
2010-01-06,2009-10,MEM,UTA,207.0,211,UNDER,1,-0.269,0.3875,0.2249,0,False,-1.0,0
2010-01-06,2009-10,HOU,PHX,217.0,228,OVER,1,0.204,0.586,0.1719,0.05,True,0.9,4.5
2010-01-08,2009-10,TOR,PHI,208.0,214,OVER,1,0.286,0.6193,0.2386,0.05,True,0.9,4.5
2010-01-12,2009-10,ORL,SAC,206.0,197,UNDER,2,-0.812,0.201,0.5979,0,True,0.9,0.0
2010-01-13,2009-10,MIN,HOU,203.5,234,OVER,1,0.236,0.5991,0.1981,0.05,True,0.9,4.5
2010-01-15,2009-10,SAC,PHI,207.0,184,OVER,1,0.257,0.6076,0.2152,0.05,False,-1.0,-5.0
2010-01-15,2009-10,IND,BKN,209.0,226,UNDER,1,-0.229,0.4038,0.1925,0,False,-1.0,0
2010-01-15,2009-10,MIL,GSW,216.0,217,UNDER,1,-0.44,0.3213,0.3574,0,False,-1.0,0
2010-01-16,2009-10,PHX,CHA,208.0,224,UNDER,1,-0.337,0.3607,0.2785,0,False,-1.0,0
2010-01-16,2009-10,SAC,WAS,211.5,182,UNDER,1,-0.677,0.2404,0.5191,0,True,0.9,0.0
2010-01-18,2009-10,PHI,MIN,205.5,211,OVER,2,0.165,0.5695,0.139,0.05,True,0.9,4.5
2010-01-18,2009-10,ORL,LAL,200.0,190,UNDER,1,-0.41,0.3326,0.3347,0,True,0.9,0.0
2010-01-19,2009-10,TOR,CLE,203.0,208,OVER,2,0.645,0.7496,0.4993,0.05,True,0.9,4.5
2010-01-20,2009-10,TOR,MIL,204.0,220,OVER,1,0.286,0.6193,0.2386,0.05,True,0.9,4.5
2010-01-22,2009-10,LAL,NYK,200.5,220,OVER,1,0.431,0.6755,0.3509,0.05,True,0.9,4.5
2010-01-27,2009-10,DEN,HOU,208.0,189,UNDER,1,-0.352,0.3547,0.2907,0,True,0.9,0.0
2010-01-27,2009-10,NOP,GSW,215.0,233,OVER,1,0.447,0.6814,0.3628,0.05,True,0.9,4.5
2010-01-29,2009-10,LAC,MIN,201.0,208,UNDER,1,-0.306,0.3729,0.2541,0,False,-1.0,0
2010-01-31,2009-10,PHX,HOU,220.0,226,UNDER,1,-0.679,0.2397,0.5206,0,False,-1.0,0
2010-02-01,2009-10,PHX,NOP,210.0,209,OVER,1,0.307,0.6277,0.2554,0.05,False,-1.0,-5.0
2010-02-03,2009-10,WAS,NYK,200.5,192,OVER,1,0.431,0.6755,0.3509,0.05,False,-1.0,-5.0
2010-02-05,2009-10,MIN,DAL,205.0,225,OVER,1,0.236,0.5991,0.1981,0.05,True,0.9,4.5
2010-02-05,2009-10,PHX,SAC,220.5,216,UNDER,1,-0.679,0.2397,0.5206,0,True,0.9,0.0
2010-02-10,2009-10,CHA,MIN,201.0,185,UNDER,1,-0.306,0.3729,0.2541,0,True,0.9,0.0
2010-02-10,2009-10,LAL,UTA,202.5,177,UNDER,1,-0.201,0.4154,0.1693,0,True,0.9,0.0
2010-02-10,2009-10,LAC,GSW,213.5,234,UNDER,1,-0.285,0.3811,0.2378,0,False,-1.0,0
2010-02-16,2009-10,UTA,HOU,202.0,199,UNDER,1,-0.352,0.3547,0.2907,0,True,0.9,0.0
2010-02-17,2009-10,CHI,NYK,200.5,224,OVER,1,0.343,0.6419,0.2838,0.05,True,0.9,4.5
2010-02-18,2009-10,DEN,CLE,206.5,234,OVER,1,0.475,0.6914,0.3828,0.05,True,0.9,4.5
2010-02-19,2009-10,CHI,MIN,204.5,194,UNDER,1,-0.306,0.3729,0.2541,0,True,0.9,0.0
2010-02-20,2009-10,OKC,NYK,204.5,239,OVER,1,0.431,0.6755,0.3509,0.05,True,0.9,4.5
2010-02-20,2009-10,SAC,LAC,202.0,188,OVER,1,0.39,0.66,0.3199,0.05,False,-1.0,-5.0
2010-02-21,2009-10,HOU,NOP,200.0,196,UNDER,1,-0.241,0.3989,0.2021,0,True,0.9,0.0
2010-02-23,2009-10,PHX,OKC,202.5,206,UNDER,1,-1.286,0.1009,0.7981,0,False,-1.0,0
2010-02-24,2009-10,MIN,ATL,202.0,190,OVER,1,0.236,0.5991,0.1981,0.05,False,-1.0,-5.0
2010-02-24,2009-10,ORL,HOU,205.5,202,UNDER,1,-0.432,0.3243,0.3514,0,True,0.9,0.0
2010-02-26,2009-10,UTA,SAC,201.5,202,OVER,1,0.286,0.6192,0.2383,0.05,True,0.9,4.5
2010-02-27,2009-10,HOU,UTA,203.5,243,OVER,1,0.341,0.641,0.282,0.05,True,0.9,4.5
2010-02-28,2009-10,PHX,SAS,209.5,223,UNDER,1,-0.356,0.3532,0.2937,0,False,-1.0,0
2010-02-28,2009-10,TOR,OKC,207.0,218,OVER,1,0.437,0.6776,0.3553,0.05,True,0.9,4.5
2010-03-01,2009-10,NYK,CLE,210.5,217,OVER,1,0.419,0.6708,0.3415,0.05,True,0.9,4.5
2010-03-03,2009-10,MIN,DAL,203.0,221,OVER,1,0.236,0.5991,0.1981,0.05,True,0.9,4.5
2010-03-03,2009-10,IND,POR,201.5,181,UNDER,1,-0.459,0.3141,0.3718,0,True,0.9,0.0
2010-03-04,2009-10,MEM,CHI,202.5,201,UNDER,1,-0.269,0.3875,0.2249,0,True,0.9,0.0
2010-03-06,2009-10,DAL,CHI,200.0,238,OVER,1,0.343,0.6419,0.2838,0.05,True,0.9,4.5
2010-03-06,2009-10,LAC,UTA,206.0,192,UNDER,1,-0.344,0.3579,0.2842,0,True,0.9,0.0
2010-03-08,2009-10,DAL,MIN,207.0,237,UNDER,1,-0.32,0.3671,0.2658,0,False,-1.0,0
2010-03-09,2009-10,PHI,IND,209.5,203,OVER,1,0.544,0.7161,0.4323,0.05,False,-1.0,-5.0
2010-03-12,2009-10,NYK,MEM,212.0,231,OVER,2,0.746,0.7804,0.5609,0.05,True,0.9,4.5
2010-03-12,2009-10,DEN,NOP,211.0,197,OVER,1,0.188,0.5792,0.1583,0.05,False,-1.0,-5.0
2010-03-12,2009-10,LAL,PHX,215.0,198,UNDER,1,-0.505,0.2977,0.4045,0,True,0.9,0.0
2010-03-14,2009-10,MIN,SAC,208.5,214,OVER,1,0.286,0.6192,0.2383,0.05,True,0.9,4.5
2010-03-14,2009-10,TOR,POR,203.0,207,UNDER,2,-0.095,0.4597,0.0807,0,False,-1.0,0
2010-03-15,2009-10,DEN,HOU,215.5,248,OVER,1,0.188,0.5792,0.1583,0.05,True,0.9,4.5
2010-03-17,2009-10,NYK,BOS,208.0,206,OVER,1,0.328,0.6358,0.2715,0.05,False,-1.0,-5.0
2010-03-17,2009-10,NOP,GSW,229.0,252,OVER,1,0.327,0.6355,0.2709,0.05,True,0.9,4.5
2010-03-19,2009-10,BOS,HOU,203.0,181,UNDER,1,-0.352,0.3547,0.2907,0,True,0.9,0.0
2010-03-19,2009-10,UTA,PHX,222.5,210,OVER,1,0.414,0.6689,0.3377,0.05,False,-1.0,-5.0
2010-03-20,2009-10,TOR,BKN,204.5,190,UNDER,1,-0.229,0.4038,0.1925,0,True,0.9,0.0
2010-03-21,2009-10,HOU,NYK,208.0,228,UNDER,1,-0.241,0.3989,0.2021,0,False,-1.0,0
2010-03-21,2009-10,SAC,LAC,200.0,191,OVER,1,0.257,0.6076,0.2152,0.05,False,-1.0,-5.0
2010-03-22,2009-10,HOU,CHI,207.0,186,UNDER,2,-0.033,0.486,0.0281,0,True,0.9,0.0
2010-03-22,2009-10,BOS,UTA,202.0,207,UNDER,1,-0.201,0.4154,0.1693,0,False,-1.0,0
2010-03-22,2009-10,MEM,SAC,208.0,187,OVER,1,0.328,0.6358,0.2717,0.05,False,-1.0,-5.0
2010-03-23,2009-10,LAC,DAL,206.0,202,UNDER,1,-0.344,0.3579,0.2842,0,True,0.9,0.0
2010-03-24,2009-10,UTA,TOR,214.0,200,UNDER,1,-0.228,0.4042,0.1916,0,True,0.9,0.0
2010-03-24,2009-10,HOU,OKC,206.0,226,OVER,1,0.341,0.641,0.282,0.05,True,0.9,4.5
2010-03-26,2009-10,MIN,ORL,209.0,203,OVER,1,0.236,0.5991,0.1981,0.05,False,-1.0,-5.0
2010-03-26,2009-10,DEN,TOR,217.0,193,UNDER,2,-0.053,0.4777,0.0447,0,True,0.9,0.0
2010-03-29,2009-10,DEN,DAL,210.0,202,OVER,1,0.188,0.5792,0.1583,0.05,False,-1.0,-5.0
2010-03-31,2009-10,LAC,TOR,205.5,206,UNDER,1,-0.344,0.3579,0.2842,0,False,-1.0,0
2010-03-31,2009-10,SAC,MIN,209.5,207,OVER,2,0.078,0.5329,0.0658,0.0139,False,-1.0,-1.39
2010-04-01,2009-10,POR,DEN,203.0,201,UNDER,1,-0.324,0.3659,0.2683,0,True,0.9,0.0
2010-04-02,2009-10,HOU,BOS,203.0,233,OVER,1,0.328,0.6358,0.2715,0.05,True,0.9,4.5
2010-04-02,2009-10,PHX,DET,211.0,203,UNDER,1,-0.308,0.372,0.2561,0,True,0.9,0.0
2010-04-04,2009-10,HOU,IND,212.0,235,OVER,1,0.204,0.586,0.1719,0.05,True,0.9,4.5
2010-04-04,2009-10,MIN,OKC,208.0,224,OVER,1,0.236,0.5991,0.1981,0.05,True,0.9,4.5
2010-04-06,2009-10,TOR,CLE,207.5,214,OVER,1,0.437,0.6776,0.3553,0.05,True,0.9,4.5
2010-04-06,2009-10,GSW,WAS,219.0,206,UNDER,1,-0.677,0.2404,0.5191,0,True,0.9,0.0
2010-04-06,2009-10,HOU,MEM,212.0,216,OVER,1,0.204,0.586,0.1719,0.05,True,0.9,4.5
2010-04-07,2009-10,DEN,OKC,211.0,192,OVER,1,0.188,0.5792,0.1583,0.05,False,-1.0,-5.0
2010-04-07,2009-10,MEM,DAL,204.0,194,UNDER,1,-0.269,0.3875,0.2249,0,True,0.9,0.0
2010-04-08,2009-10,LAC,SAC,200.5,210,OVER,1,0.286,0.6192,0.2383,0.05,True,0.9,4.5
2010-04-09,2009-10,IND,CLE,204.0,229,UNDER,1,-0.239,0.3996,0.2008,0,False,-1.0,0
2010-04-09,2009-10,TOR,ATL,205.0,208,OVER,1,0.437,0.6776,0.3553,0.05,True,0.9,4.5
2010-04-09,2009-10,PHX,OKC,221.0,187,UNDER,1,-0.679,0.2397,0.5206,0,True,0.9,0.0
2010-04-10,2009-10,SAS,DEN,201.0,189,UNDER,1,-0.489,0.3035,0.393,0,True,0.9,0.0
2010-04-12,2009-10,TOR,DET,203.0,208,OVER,1,0.286,0.6193,0.2386,0.05,True,0.9,4.5
2010-04-12,2009-10,MIN,SAS,203.0,244,OVER,1,0.236,0.5991,0.1981,0.05,True,0.9,4.5
2010-04-12,2009-10,MEM,DEN,211.0,224,OVER,1,0.341,0.641,0.2821,0.05,True,0.9,4.5
2010-04-12,2009-10,HOU,SAC,207.5,224,OVER,2,0.018,0.5075,0.015,0,True,0.9,0.0
2010-04-13,2009-10,DEN,PHX,217.0,224,OVER,1,0.188,0.5792,0.1583,0.05,True,0.9,4.5
2010-04-14,2009-10,IND,WAS,210.5,195,UNDER,1,-0.677,0.2404,0.5191,0,True,0.9,0.0
2010-04-14,2009-10,MEM,OKC,209.5,219,UNDER,1,-0.269,0.3875,0.2249,0,False,-1.0,0
2010-04-14,2009-10,NOP,HOU,215.5,238,OVER,1,0.446,0.681,0.3621,0.05,True,0.9,4.5
2010-04-14,2009-10,GSW,POR,215.0,238,OVER,1,0.272,0.6137,0.2273,0.05,True,0.9,4.5
2010-04-24,2009-10,PHX,POR,202.0,183,UNDER,1,-0.337,0.3607,0.2785,0,True,0.9,0.0
2010-04-29,2009-10,PHX,POR,202.0,189,UNDER,1,-0.337,0.3607,0.2785,0,True,0.9,0.0
2010-04-30,2009-10,DEN,UTA,218.0,216,OVER,1,0.188,0.5792,0.1583,0.05,False,-1.0,-5.0
2010-05-03,2009-10,UTA,LAL,202.0,203,UNDER,1,-0.41,0.3326,0.3347,0,False,-1.0,0
2010-05-08,2009-10,LAL,UTA,203.5,221,UNDER,1,-0.201,0.4154,0.1693,0,False,-1.0,0
2010-05-09,2009-10,PHX,SAS,206.5,208,UNDER,1,-0.337,0.3607,0.2785,0,False,-1.0,0
2010-05-17,2009-10,PHX,LAL,212.0,235,OVER,1,0.569,0.7246,0.4491,0.05,True,0.9,4.5
2010-05-23,2009-10,LAL,PHX,219.0,227,OVER,1,0.38,0.6561,0.3122,0.05,True,0.9,4.5
2010-05-29,2009-10,LAL,PHX,215.0,214,OVER,1,0.284,0.6182,0.2365,0.05,False,-1.0,-5.0
2010-10-26,2010-11,HOU,LAL,202.0,222,UNDER,2,-0.068,0.471,0.058,0,False,-1.0,0
2010-10-27,2010-11,HOU,GSW,210.0,260,OVER,1,0.204,0.586,0.1719,0.05,True,0.9,4.5
2010-10-29,2010-11,LAL,PHX,211.5,220,OVER,1,0.38,0.6561,0.3122,0.05,True,0.9,4.5
2010-10-30,2010-11,MIN,MEM,210.0,198,OVER,2,0.368,0.6514,0.3028,0.05,False,-1.0,-5.0
2010-10-30,2010-11,DEN,HOU,213.0,201,OVER,1,0.188,0.5792,0.1583,0.05,False,-1.0,-5.0
2010-11-01,2010-11,TOR,SAC,209.0,219,UNDER,1,-0.703,0.2323,0.5355,0,False,-1.0,0
2010-11-02,2010-11,MEM,LAL,200.0,229,UNDER,2,-0.467,0.3114,0.3772,0,False,-1.0,0
2010-11-03,2010-11,MIN,ORL,200.0,214,OVER,1,0.236,0.5991,0.1981,0.05,True,0.9,4.5
2010-11-03,2010-11,IND,PHI,202.0,176,UNDER,1,-0.239,0.3996,0.2008,0,True,0.9,0.0
2010-11-05,2010-11,MEM,PHX,221.5,241,OVER,1,0.555,0.7197,0.4394,0.05,True,0.9,4.5
2010-11-05,2010-11,LAC,DEN,204.0,215,UNDER,1,-0.344,0.3579,0.2842,0,False,-1.0,0
2010-11-05,2010-11,UTA,GSW,223.0,163,UNDER,1,-0.481,0.3064,0.3872,0,True,0.9,0.0
2010-11-06,2010-11,HOU,SAS,208.0,245,OVER,1,0.341,0.641,0.282,0.05,True,0.9,4.5
2010-11-06,2010-11,LAC,UTA,206.5,216,UNDER,1,-0.344,0.3579,0.2842,0,False,-1.0,0
2010-11-07,2010-11,PHX,ATL,209.0,232,OVER,1,0.847,0.8085,0.617,0.05,True,0.9,4.5
2010-11-10,2010-11,HOU,WAS,212.0,189,UNDER,1,-0.677,0.2404,0.5191,0,True,0.9,0.0
2010-11-10,2010-11,MIN,SAC,212.0,187,OVER,1,0.23,0.5964,0.1928,0.05,False,-1.0,-5.0
2010-11-11,2010-11,LAL,DEN,210.0,230,OVER,1,0.241,0.601,0.2021,0.05,True,0.9,4.5
2010-11-12,2010-11,UTA,ATL,201.0,176,UNDER,1,-0.345,0.3573,0.2855,0,True,0.9,0.0
2010-11-12,2010-11,HOU,IND,213.5,201,OVER,1,0.204,0.586,0.1719,0.05,False,-1.0,-5.0
2010-11-13,2010-11,IND,CLE,202.5,184,UNDER,1,-0.239,0.3996,0.2008,0,True,0.9,0.0
2010-11-14,2010-11,MIN,ATL,206.0,216,OVER,1,0.236,0.5991,0.1981,0.05,True,0.9,4.5
2010-11-14,2010-11,HOU,NYK,217.0,200,OVER,1,0.204,0.586,0.1719,0.05,False,-1.0,-5.0
2010-11-14,2010-11,PHX,LAL,217.0,237,OVER,1,0.569,0.7246,0.4491,0.05,True,0.9,4.5
2010-11-15,2010-11,MEM,ORL,200.5,161,UNDER,1,-0.269,0.3875,0.2249,0,True,0.9,0.0
2010-11-15,2010-11,OKC,UTA,205.0,223,UNDER,1,-0.201,0.4154,0.1693,0,False,-1.0,0
2010-11-16,2010-11,TOR,WAS,202.0,203,OVER,1,0.286,0.6193,0.2386,0.05,True,0.9,4.5
2010-11-16,2010-11,CHI,HOU,207.0,187,UNDER,1,-0.352,0.3547,0.2907,0,True,0.9,0.0
2010-11-18,2010-11,PHX,ORL,203.0,194,UNDER,1,-0.607,0.2626,0.4748,0,True,0.9,0.0
2010-11-19,2010-11,HOU,TOR,206.5,202,UNDER,1,-0.241,0.3989,0.2021,0,True,0.9,0.0
2010-11-20,2010-11,PHX,CHA,203.0,228,UNDER,1,-0.337,0.3607,0.2785,0,False,-1.0,0
2010-11-23,2010-11,CHA,NYK,205.5,217,OVER,1,0.431,0.6755,0.3509,0.05,True,0.9,4.5
2010-11-23,2010-11,CHI,LAL,203.5,189,UNDER,1,-0.41,0.3326,0.3347,0,True,0.9,0.0
2010-11-26,2010-11,LAC,PHX,216.5,224,OVER,1,0.268,0.6121,0.2241,0.05,True,0.9,4.5
2010-11-27,2010-11,ATL,NYK,210.0,189,UNDER,1,-0.466,0.3119,0.3763,0,True,0.9,0.0
2010-11-28,2010-11,PHX,DEN,219.0,271,OVER,1,0.241,0.601,0.2021,0.05,True,0.9,4.5
2010-12-01,2010-11,MIN,DAL,203.5,186,OVER,1,0.236,0.5991,0.1981,0.05,False,-1.0,-5.0
2010-12-01,2010-11,SAS,LAC,204.0,175,UNDER,1,-0.489,0.3035,0.393,0,True,0.9,0.0
2010-12-04,2010-11,CLE,MIN,207.5,224,UNDER,1,-0.306,0.3729,0.2541,0,False,-1.0,0
2010-12-04,2010-11,HOU,CHI,201.0,235,OVER,1,0.341,0.641,0.282,0.05,True,0.9,4.5
2010-12-05,2010-11,GSW,OKC,215.5,223,OVER,1,0.382,0.6569,0.3139,0.05,True,0.9,4.5
2010-12-06,2010-11,TOR,IND,208.0,224,OVER,1,0.437,0.6776,0.3553,0.05,True,0.9,4.5
2010-12-06,2010-11,MIN,NYK,219.0,235,OVER,1,0.23,0.5964,0.1928,0.05,True,0.9,4.5
2010-12-06,2010-11,MEM,UTA,200.0,179,UNDER,1,-0.269,0.3875,0.2249,0,True,0.9,0.0
2010-12-10,2010-11,DET,MIN,200.0,208,UNDER,1,-0.306,0.3729,0.2541,0,False,-1.0,0
2010-12-10,2010-11,POR,PHX,205.0,195,UNDER,1,-0.324,0.3659,0.2683,0,True,0.9,0.0
2010-12-11,2010-11,MIN,CHI,205.5,195,OVER,1,0.236,0.5991,0.1981,0.05,False,-1.0,-5.0
2010-12-12,2010-11,DEN,NYK,223.0,254,OVER,1,0.321,0.6333,0.2667,0.05,True,0.9,4.5
2010-12-14,2010-11,ORL,DEN,204.0,205,OVER,1,0.358,0.6475,0.2949,0.05,True,0.9,4.5
2010-12-15,2010-11,BOS,NYK,206.0,234,OVER,1,0.431,0.6755,0.3509,0.05,True,0.9,4.5
2010-12-15,2010-11,HOU,OKC,209.0,222,OVER,1,0.341,0.641,0.282,0.05,True,0.9,4.5
2010-12-17,2010-11,MIN,POR,200.0,209,UNDER,1,-0.459,0.3141,0.3718,0,False,-1.0,0
2010-12-18,2010-11,NYK,CLE,212.5,211,UNDER,1,-0.242,0.3985,0.2029,0,True,0.9,0.0
2010-12-18,2010-11,MIN,DEN,225.0,228,OVER,2,0.973,0.8395,0.6789,0.05,True,0.9,4.5
2010-12-22,2010-11,OKC,NYK,218.0,210,UNDER,1,-0.466,0.3119,0.3763,0,True,0.9,0.0
2010-12-22,2010-11,DEN,SAS,214.0,212,UNDER,1,-0.496,0.3009,0.3981,0,True,0.9,0.0
2010-12-22,2010-11,HOU,LAC,207.0,189,UNDER,1,-0.241,0.3989,0.2021,0,True,0.9,0.0
2010-12-26,2010-11,MIN,CLE,210.0,195,OVER,1,0.472,0.6904,0.3808,0.05,False,-1.0,-5.0
2010-12-29,2010-11,GSW,ATL,201.0,196,OVER,1,0.847,0.8085,0.617,0.05,False,-1.0,-5.0
2010-12-30,2010-11,NYK,ORL,210.5,215,OVER,2,0.334,0.6382,0.2763,0.05,True,0.9,4.5
2010-12-31,2010-11,TOR,HOU,212.0,219,OVER,1,0.446,0.681,0.3621,0.05,True,0.9,4.5
2011-01-01,2010-11,BKN,MIN,205.0,191,UNDER,1,-0.802,0.2038,0.5924,0,True,0.9,0.0
2011-01-02,2010-11,MEM,LAL,200.5,189,UNDER,1,-0.269,0.3875,0.2249,0,True,0.9,0.0
2011-01-05,2010-11,TOR,CLE,205.0,225,OVER,1,0.286,0.6193,0.2386,0.05,True,0.9,4.5
2011-01-05,2010-11,DEN,LAC,211.0,199,OVER,1,0.188,0.5792,0.1583,0.05,False,-1.0,-5.0
2011-01-07,2010-11,SAS,IND,200.5,177,UNDER,1,-0.489,0.3035,0.393,0,True,0.9,0.0
2011-01-07,2010-11,POR,MIN,200.0,206,UNDER,1,-0.324,0.3659,0.2683,0,False,-1.0,0
2011-01-08,2010-11,MEM,OKC,202.0,209,UNDER,1,-0.269,0.3875,0.2249,0,False,-1.0,0
2011-01-08,2010-11,UTA,HOU,207.5,202,UNDER,2,-0.42,0.3288,0.3424,0,True,0.9,0.0
2011-01-09,2010-11,SAC,TOR,208.5,230,OVER,1,0.257,0.6076,0.2152,0.05,True,0.9,4.5
2011-01-11,2010-11,SAS,MIN,207.0,203,UNDER,1,-0.489,0.3035,0.393,0,True,0.9,0.0
2011-01-12,2010-11,NYK,UTA,210.5,256,OVER,1,0.714,0.7709,0.5417,0.05,True,0.9,4.5
2011-01-13,2010-11,ORL,OKC,205.0,249,OVER,1,0.358,0.6475,0.2949,0.05,True,0.9,4.5
2011-01-15,2010-11,HOU,ATL,204.0,218,OVER,2,0.878,0.8164,0.6329,0.05,True,0.9,4.5
2011-01-15,2010-11,SAC,DET,201.0,216,OVER,1,0.257,0.6076,0.2152,0.05,True,0.9,4.5
2011-01-15,2010-11,CLE,DEN,211.0,226,OVER,1,0.415,0.6695,0.3391,0.05,True,0.9,4.5
2011-01-16,2010-11,DEN,SAS,211.5,207,UNDER,1,-0.496,0.3009,0.3981,0,True,0.9,0.0
2011-01-19,2010-11,PHX,CLE,213.5,204,OVER,1,0.569,0.7246,0.4491,0.05,False,-1.0,-5.0
2011-01-19,2010-11,OKC,DEN,218.0,219,OVER,1,0.241,0.601,0.2021,0.05,True,0.9,4.5
2011-01-19,2010-11,MIN,LAC,213.0,237,OVER,1,0.23,0.5964,0.1928,0.05,True,0.9,4.5
2011-01-21,2010-11,NYK,SAS,212.0,193,UNDER,1,-0.496,0.3009,0.3981,0,True,0.9,0.0
2011-01-21,2010-11,LAL,DEN,211.5,204,UNDER,1,-0.505,0.2977,0.4045,0,True,0.9,0.0
2011-01-22,2010-11,PHX,DET,210.0,149,UNDER,1,-0.286,0.3807,0.2386,0,True,0.9,0.0
2011-01-22,2010-11,ORL,HOU,207.0,222,UNDER,2,-0.061,0.4742,0.0516,0,False,-1.0,0
2011-01-25,2010-11,DEN,WAS,211.5,229,OVER,1,0.188,0.5792,0.1583,0.05,True,0.9,4.5
2011-01-26,2010-11,ORL,IND,200.5,207,UNDER,1,-0.432,0.3243,0.3514,0,False,-1.0,0
2011-01-26,2010-11,LAC,HOU,215.0,179,OVER,1,0.268,0.6121,0.2241,0.05,False,-1.0,-5.0
2011-01-27,2010-11,MIA,NYK,208.0,181,OVER,1,0.431,0.6755,0.3509,0.05,False,-1.0,-5.0
2011-01-28,2010-11,DEN,CLE,216.0,220,UNDER,2,-0.26,0.3914,0.2171,0,False,-1.0,0
2011-01-28,2010-11,MIN,UTA,215.0,208,OVER,1,0.23,0.5964,0.1928,0.05,False,-1.0,-5.0
2011-01-29,2010-11,HOU,SAS,210.0,203,UNDER,1,-0.496,0.3009,0.3981,0,True,0.9,0.0
2011-01-31,2010-11,TOR,IND,208.0,197,OVER,1,0.437,0.6776,0.3553,0.05,False,-1.0,-5.0
2011-02-01,2010-11,HOU,LAL,207.0,220,UNDER,2,-0.068,0.471,0.058,0,False,-1.0,0
2011-02-02,2010-11,MEM,MIN,209.5,186,UNDER,1,-0.306,0.3729,0.2541,0,True,0.9,0.0
2011-02-02,2010-11,HOU,UTA,205.0,193,UNDER,1,-0.201,0.4154,0.1693,0,True,0.9,0.0
2011-02-04,2010-11,MIN,TOR,215.0,211,UNDER,1,-0.228,0.4042,0.1916,0,True,0.9,0.0
2011-02-05,2010-11,DEN,MIN,223.5,213,OVER,1,0.321,0.6333,0.2667,0.05,False,-1.0,-5.0
2011-02-06,2010-11,LAC,MIA,203.0,176,UNDER,1,-0.344,0.3579,0.2842,0,True,0.9,0.0
2011-02-07,2010-11,PHX,GSW,221.0,196,UNDER,1,-0.679,0.2397,0.5206,0,True,0.9,0.0
2011-02-08,2010-11,MIN,HOU,217.5,220,OVER,1,0.23,0.5964,0.1928,0.05,True,0.9,4.5
2011-02-09,2010-11,SAS,TOR,202.0,211,UNDER,1,-0.489,0.3035,0.393,0,False,-1.0,0
2011-02-09,2010-11,LAC,NYK,214.0,224,OVER,1,0.268,0.6121,0.2241,0.05,True,0.9,4.5
2011-02-09,2010-11,DEN,GSW,220.0,230,UNDER,1,-0.481,0.3064,0.3872,0,False,-1.0,0
2011-02-10,2010-11,DAL,DEN,210.5,241,OVER,1,0.241,0.601,0.2021,0.05,True,0.9,4.5
2011-02-11,2010-11,MIN,IND,216.0,221,OVER,1,0.23,0.5964,0.1928,0.05,True,0.9,4.5
2011-02-12,2010-11,NYK,BKN,205.5,200,UNDER,1,-0.229,0.4038,0.1925,0,True,0.9,0.0
2011-02-12,2010-11,DAL,HOU,206.5,208,UNDER,1,-0.352,0.3547,0.2907,0,False,-1.0,0
2011-02-12,2010-11,OKC,SAC,208.5,196,UNDER,1,-0.703,0.2323,0.5355,0,True,0.9,0.0
2011-02-13,2010-11,DEN,MEM,210.5,224,OVER,1,0.188,0.5792,0.1583,0.05,True,0.9,4.5
2011-02-13,2010-11,WAS,CLE,207.5,215,OVER,1,0.315,0.6307,0.2613,0.05,True,0.9,4.5
2011-02-14,2010-11,POR,MIN,201.5,176,UNDER,1,-0.324,0.3659,0.2683,0,True,0.9,0.0
2011-02-16,2010-11,LAC,MIN,208.0,188,UNDER,1,-0.306,0.3729,0.2541,0,True,0.9,0.0
2011-02-22,2010-11,IND,WAS,207.5,209,UNDER,1,-0.239,0.3996,0.2008,0,False,-1.0,0
2011-02-22,2010-11,HOU,DET,203.0,208,UNDER,1,-0.241,0.3989,0.2021,0,False,-1.0,0
2011-02-22,2010-11,LAC,OKC,208.0,199,UNDER,1,-1.286,0.1009,0.7981,0,True,0.9,0.0
2011-02-23,2010-11,HOU,CLE,213.0,243,OVER,2,0.001,0.5004,0.0009,0,True,0.9,0.0
2011-02-25,2010-11,PHX,TOR,213.0,202,UNDER,1,-0.228,0.4042,0.1916,0,True,0.9,0.0
2011-02-27,2010-11,DAL,TOR,206.5,210,UNDER,1,-0.32,0.3671,0.2658,0,False,-1.0,0
2011-02-28,2010-11,PHX,BKN,206.0,207,UNDER,1,-0.337,0.3607,0.2785,0,False,-1.0,0
2011-02-28,2010-11,LAC,SAC,207.0,204,OVER,1,0.328,0.6358,0.2717,0.05,False,-1.0,-5.0
2011-03-01,2010-11,NYK,ORL,213.0,226,UNDER,1,-0.359,0.3521,0.2957,0,False,-1.0,0
2011-03-02,2010-11,GSW,WAS,214.0,208,UNDER,1,-0.677,0.2404,0.5191,0,True,0.9,0.0
2011-03-02,2010-11,SAS,CLE,201.0,208,OVER,2,0.021,0.5091,0.0182,0,True,0.9,0.0
2011-03-03,2010-11,DEN,UTA,210.0,204,OVER,1,0.188,0.5792,0.1583,0.05,False,-1.0,-5.0
2011-03-04,2010-11,TOR,BKN,200.5,219,OVER,1,0.286,0.6193,0.2386,0.05,True,0.9,4.5
2011-03-04,2010-11,GSW,BOS,201.5,210,OVER,1,0.328,0.6358,0.2715,0.05,True,0.9,4.5
2011-03-04,2010-11,CLE,NYK,218.5,234,OVER,1,0.415,0.6695,0.3391,0.05,True,0.9,4.5
2011-03-05,2010-11,TOR,BKN,203.0,273,OVER,1,0.286,0.6193,0.2386,0.05,True,0.9,4.5
2011-03-06,2010-11,NYK,ATL,203.5,171,UNDER,1,-0.345,0.3573,0.2855,0,True,0.9,0.0
2011-03-06,2010-11,MEM,DAL,200.0,207,UNDER,1,-0.269,0.3875,0.2249,0,False,-1.0,0
2011-03-07,2010-11,DAL,MIN,209.0,213,UNDER,1,-0.32,0.3671,0.2658,0,False,-1.0,0
2011-03-07,2010-11,HOU,SAC,216.5,224,OVER,1,0.204,0.586,0.1719,0.05,True,0.9,4.5
2011-03-08,2010-11,PHI,IND,205.5,210,OVER,1,0.544,0.7161,0.4323,0.05,True,0.9,4.5
2011-03-08,2010-11,GSW,CLE,216.0,180,UNDER,1,-0.242,0.3985,0.2029,0,True,0.9,0.0
2011-03-08,2010-11,HOU,PHX,216.5,223,OVER,1,0.204,0.586,0.1719,0.05,True,0.9,4.5
2011-03-09,2010-11,ORL,SAC,206.0,208,OVER,1,0.286,0.6192,0.2383,0.05,True,0.9,4.5
2011-03-10,2010-11,DEN,PHX,216.5,213,OVER,2,0.414,0.6691,0.3382,0.05,False,-1.0,-5.0
2011-03-11,2010-11,UTA,MIN,207.5,223,UNDER,1,-0.306,0.3729,0.2541,0,False,-1.0,0
2011-03-13,2010-11,ORL,PHX,204.5,199,UNDER,1,-0.432,0.3243,0.3514,0,True,0.9,0.0
2011-03-13,2010-11,MIN,GSW,218.5,177,OVER,1,0.23,0.5964,0.1928,0.05,False,-1.0,-5.0
2011-03-18,2010-11,MIN,LAL,201.0,204,OVER,1,0.236,0.5991,0.1981,0.05,True,0.9,4.5
2011-03-19,2010-11,CLE,LAC,200.0,192,UNDER,1,-0.241,0.3989,0.2023,0,True,0.9,0.0
2011-03-20,2010-11,PHX,LAC,209.0,207,UNDER,1,-0.337,0.3607,0.2785,0,True,0.9,0.0
2011-03-23,2010-11,ORL,NYK,202.5,210,OVER,1,0.358,0.6475,0.2949,0.05,True,0.9,4.5
2011-03-23,2010-11,TOR,PHX,209.5,220,OVER,1,0.437,0.6776,0.3553,0.05,True,0.9,4.5
2011-03-23,2010-11,SAS,DEN,210.5,227,OVER,1,0.241,0.601,0.2021,0.05,True,0.9,4.5
2011-03-23,2010-11,WAS,LAC,200.5,246,UNDER,1,-0.241,0.3989,0.2023,0,False,-1.0,0
2011-03-24,2010-11,MIN,DAL,209.5,200,OVER,1,0.236,0.5991,0.1981,0.05,False,-1.0,-5.0
2011-03-25,2010-11,MIN,OKC,209.0,214,OVER,1,0.236,0.5991,0.1981,0.05,True,0.9,4.5
2011-03-26,2010-11,DAL,UTA,202.5,171,UNDER,1,-0.32,0.3671,0.2658,0,True,0.9,0.0
2011-03-27,2010-11,HOU,MIA,208.0,244,OVER,1,0.341,0.641,0.282,0.05,True,0.9,4.5
2011-03-27,2010-11,DAL,PHX,208.5,174,UNDER,1,-0.337,0.3607,0.2785,0,True,0.9,0.0
2011-03-28,2010-11,ORL,NYK,206.5,219,OVER,1,0.358,0.6475,0.2949,0.05,True,0.9,4.5
2011-03-29,2010-11,HOU,BKN,203.0,199,OVER,1,0.341,0.641,0.282,0.05,False,-1.0,-5.0
2011-03-30,2010-11,HOU,PHI,210.0,205,OVER,1,0.204,0.586,0.1719,0.05,False,-1.0,-5.0
2011-04-02,2010-11,MIN,MEM,205.0,195,OVER,1,0.236,0.5991,0.1981,0.05,False,-1.0,-5.0
2011-04-03,2010-11,CLE,NYK,216.5,230,OVER,1,0.415,0.6695,0.3391,0.05,True,0.9,4.5
2011-04-05,2010-11,MIN,BKN,202.5,212,OVER,2,0.558,0.7207,0.4414,0.05,True,0.9,4.5
2011-04-06,2010-11,LAC,OKC,203.0,220,UNDER,1,-0.344,0.3579,0.2842,0,False,-1.0,0
2011-04-09,2010-11,LAC,HOU,213.0,177,OVER,1,0.268,0.6121,0.2241,0.05,False,-1.0,-5.0
2011-04-11,2010-11,DAL,HOU,207.0,189,UNDER,1,-0.352,0.3547,0.2907,0,True,0.9,0.0
2011-04-11,2010-11,MIN,PHX,219.5,262,OVER,1,0.23,0.5964,0.1928,0.05,True,0.9,4.5
2011-04-13,2010-11,WAS,CLE,211.0,193,UNDER,1,-0.242,0.3985,0.2029,0,True,0.9,0.0
2011-04-13,2010-11,DEN,UTA,206.0,210,UNDER,1,-0.201,0.4154,0.1693,0,False,-1.0,0
2011-04-13,2010-11,POR,GSW,205.0,196,UNDER,1,-0.324,0.3659,0.2683,0,True,0.9,0.0
2011-04-27,2010-11,DEN,OKC,205.0,197,UNDER,1,-1.286,0.1009,0.7981,0,True,0.9,0.0
2012-01-01,2011-12,POR,LAC,201.0,181,UNDER,1,-0.324,0.3659,0.2683,0,True,0.9,0.0
2012-01-06,2011-12,HOU,OKC,204.0,203,OVER,1,0.341,0.641,0.282,0.05,False,-1.0,-5.0
2012-01-09,2011-12,CHA,NYK,203.5,178,UNDER,1,-0.301,0.3747,0.2506,0,True,0.9,0.0
2012-01-13,2011-12,MIA,DEN,210.0,221,OVER,1,0.241,0.601,0.2021,0.05,True,0.9,4.5
2012-01-17,2011-12,SAS,MIA,202.0,218,UNDER,1,-0.489,0.3035,0.393,0,False,-1.0,0
2012-01-25,2011-12,DEN,SAC,207.5,215,OVER,1,0.286,0.6192,0.2383,0.05,True,0.9,4.5
2012-02-04,2011-12,HOU,MIN,203.0,191,UNDER,2,-0.381,0.3435,0.3131,0,True,0.9,0.0
2012-02-06,2011-12,HOU,DEN,208.0,189,OVER,1,0.341,0.641,0.282,0.05,False,-1.0,-5.0
2012-02-09,2011-12,HOU,PHX,200.5,185,UNDER,1,-0.241,0.3989,0.2021,0,True,0.9,0.0
2012-02-09,2011-12,OKC,SAC,202.0,207,OVER,1,0.286,0.6192,0.2383,0.05,True,0.9,4.5
2012-02-12,2011-12,HOU,GSW,205.0,203,UNDER,1,-0.241,0.3989,0.2021,0,True,0.9,0.0
2012-02-22,2011-12,SAC,WAS,201.0,222,OVER,1,0.257,0.6076,0.2152,0.05,True,0.9,4.5
2012-02-28,2011-12,UTA,SAC,203.0,199,OVER,1,0.328,0.6358,0.2717,0.05,False,-1.0,-5.0
2012-03-04,2011-12,SAC,PHX,203.5,184,OVER,1,0.257,0.6076,0.2152,0.05,False,-1.0,-5.0
2012-03-11,2011-12,MEM,DEN,201.0,185,UNDER,1,-0.269,0.3875,0.2249,0,True,0.9,0.0
2012-03-13,2011-12,GSW,SAC,206.5,204,OVER,1,0.328,0.6358,0.2717,0.05,False,-1.0,-5.0
2012-03-14,2011-12,POR,NYK,200.5,200,UNDER,1,-0.324,0.3659,0.2683,0,True,0.9,0.0
2012-03-15,2011-12,MIN,UTA,201.0,216,OVER,2,0.587,0.7306,0.4611,0.05,True,0.9,4.5
2012-03-18,2011-12,MIN,SAC,209.5,214,OVER,2,0.509,0.7039,0.4078,0.05,True,0.9,4.5
2012-03-20,2011-12,OKC,UTA,204.0,187,UNDER,1,-0.201,0.4154,0.1693,0,True,0.9,0.0
2012-03-21,2011-12,WAS,BKN,203.5,197,UNDER,1,-0.229,0.4038,0.1925,0,True,0.9,0.0
2012-03-23,2011-12,DAL,SAS,200.0,191,UNDER,1,-0.356,0.3532,0.2937,0,True,0.9,0.0
2012-03-24,2011-12,SAC,GSW,207.0,219,OVER,1,0.39,0.66,0.3199,0.05,True,0.9,4.5
2012-03-31,2011-12,BKN,SAC,209.0,210,OVER,1,0.286,0.6192,0.2383,0.05,True,0.9,4.5
2012-04-02,2011-12,MIN,SAC,215.0,224,OVER,1,0.472,0.6904,0.3808,0.05,True,0.9,4.5
2012-04-03,2011-12,SAS,CLE,201.0,215,OVER,2,0.021,0.5091,0.0182,0,True,0.9,0.0
2012-04-04,2011-12,PHX,UTA,201.0,212,UNDER,1,-0.201,0.4154,0.1693,0,False,-1.0,0
2012-04-05,2011-12,LAC,SAC,206.0,178,OVER,1,0.328,0.6358,0.2717,0.05,False,-1.0,-5.0
2012-04-06,2011-12,CHA,MIL,202.0,185,UNDER,1,-0.301,0.3747,0.2506,0,True,0.9,0.0
2012-04-06,2011-12,PHX,DEN,210.5,204,OVER,1,0.241,0.601,0.2021,0.05,False,-1.0,-5.0
2012-04-07,2011-12,POR,MIL,204.0,210,UNDER,1,-0.324,0.3659,0.2683,0,False,-1.0,0
2012-04-07,2011-12,DEN,GSW,210.5,209,OVER,1,0.188,0.5792,0.1583,0.05,False,-1.0,-5.0
2012-04-09,2011-12,PHX,MIN,208.5,204,UNDER,1,-0.306,0.3729,0.2541,0,True,0.9,0.0
2012-04-09,2011-12,SAS,UTA,209.5,175,UNDER,1,-0.201,0.4154,0.1693,0,True,0.9,0.0
2012-04-11,2011-12,MIN,DEN,214.5,220,OVER,1,0.23,0.5964,0.1928,0.05,True,0.9,4.5
2012-04-15,2011-12,POR,SAC,207.5,207,OVER,1,0.328,0.6358,0.2717,0.05,False,-1.0,-5.0
2012-04-21,2011-12,DEN,PHX,210.5,225,OVER,2,0.414,0.6691,0.3382,0.05,True,0.9,4.5
2012-04-22,2011-12,GSW,MIN,205.5,181,UNDER,1,-0.306,0.3729,0.2541,0,True,0.9,0.0
2012-04-26,2011-12,LAL,SAC,203.0,209,UNDER,1,-0.703,0.2323,0.5355,0,False,-1.0,0
2012-04-29,2011-12,DEN,LAL,202.5,191,UNDER,1,-0.41,0.3326,0.3347,0,True,0.9,0.0
2012-05-05,2011-12,SAS,UTA,202.0,192,UNDER,1,-0.201,0.4154,0.1693,0,True,0.9,0.0
2012-05-27,2011-12,OKC,SAS,201.0,199,UNDER,1,-0.356,0.3532,0.2937,0,True,0.9,0.0
2012-05-29,2011-12,OKC,SAS,202.0,231,UNDER,1,-0.356,0.3532,0.2937,0,False,-1.0,0
2012-06-04,2011-12,OKC,SAS,203.5,211,UNDER,1,-0.356,0.3532,0.2937,0,False,-1.0,0
2012-11-01,2012-13,OKC,SAS,201.0,170,UNDER,1,-0.356,0.3532,0.2937,0,True,0.9,0.0
2012-11-03,2012-13,POR,HOU,201.0,180,UNDER,1,-0.324,0.3659,0.2683,0,True,0.9,0.0
2012-11-07,2012-13,DEN,HOU,204.5,180,UNDER,1,-0.352,0.3547,0.2907,0,True,0.9,0.0
2012-11-08,2012-13,OKC,CHI,201.5,188,OVER,1,0.343,0.6419,0.2838,0.05,False,-1.0,-5.0
2012-11-09,2012-13,MIA,ATL,202.0,184,UNDER,1,-0.345,0.3573,0.2855,0,True,0.9,0.0
2012-11-18,2012-13,HOU,LAL,205.0,227,OVER,1,0.341,0.641,0.282,0.05,True,0.9,4.5
2012-11-26,2012-13,CHA,OKC,200.5,183,UNDER,1,-0.301,0.3747,0.2506,0,True,0.9,0.0
2012-11-26,2012-13,DEN,UTA,200.0,208,UNDER,1,-0.201,0.4154,0.1693,0,False,-1.0,0
2012-11-27,2012-13,PHX,CLE,204.0,169,UNDER,1,-0.337,0.3607,0.2785,0,True,0.9,0.0
2012-11-29,2012-13,SAS,MIA,205.5,205,UNDER,1,-0.489,0.3035,0.393,0,True,0.9,0.0
2012-12-03,2012-13,TOR,DEN,200.0,223,OVER,1,0.437,0.6776,0.3553,0.05,True,0.9,4.5
2012-12-04,2012-13,LAL,HOU,214.0,212,OVER,1,0.284,0.6182,0.2365,0.05,False,-1.0,-5.0
2012-12-07,2012-13,HOU,SAS,212.0,206,UNDER,1,-0.496,0.3009,0.3981,0,True,0.9,0.0
2012-12-08,2012-13,PHX,LAC,202.5,216,UNDER,1,-0.241,0.3989,0.2023,0,False,-1.0,0
2012-12-09,2012-13,TOR,LAC,203.0,185,UNDER,1,-0.241,0.3989,0.2023,0,True,0.9,0.0
2012-12-11,2012-13,NYK,BKN,201.5,197,UNDER,1,-0.229,0.4038,0.1925,0,True,0.9,0.0
2012-12-12,2012-13,SAS,UTA,207.0,195,UNDER,1,-0.201,0.4154,0.1693,0,True,0.9,0.0
2012-12-13,2012-13,SAS,POR,202.0,188,UNDER,2,-0.662,0.2449,0.5103,0,True,0.9,0.0
2012-12-14,2012-13,BOS,HOU,204.0,190,UNDER,1,-0.352,0.3547,0.2907,0,True,0.9,0.0
2012-12-18,2012-13,CHA,LAL,207.0,201,UNDER,1,-0.301,0.3747,0.2506,0,True,0.9,0.0
2012-12-21,2012-13,CHA,GSW,203.5,215,UNDER,1,-0.301,0.3747,0.2506,0,False,-1.0,0
2012-12-22,2012-13,CHA,DEN,207.0,198,UNDER,1,-0.301,0.3747,0.2506,0,True,0.9,0.0
2012-12-25,2012-13,OKC,MIA,203.0,200,OVER,1,0.218,0.5917,0.1834,0.05,False,-1.0,-5.0
2012-12-26,2012-13,HOU,MIN,207.0,171,UNDER,1,-0.802,0.2038,0.5924,0,True,0.9,0.0
2012-12-26,2012-13,LAL,DEN,215.0,240,OVER,1,0.284,0.6182,0.2365,0.05,True,0.9,4.5
2012-12-26,2012-13,GSW,UTA,203.0,177,UNDER,1,-0.201,0.4154,0.1693,0,True,0.9,0.0
2012-12-28,2012-13,HOU,SAS,213.0,238,UNDER,1,-0.496,0.3009,0.3981,0,False,-1.0,0
2013-01-01,2012-13,PHI,LAL,202.5,202,UNDER,1,-0.41,0.3326,0.3347,0,True,0.9,0.0
2013-01-02,2012-13,SAS,MIL,202.0,227,UNDER,1,-0.489,0.3035,0.393,0,False,-1.0,0
2013-01-06,2012-13,DEN,LAL,211.5,217,OVER,1,0.188,0.5792,0.1583,0.05,True,0.9,4.5
2013-01-09,2012-13,MIN,OKC,200.5,190,OVER,1,0.236,0.5991,0.1981,0.05,False,-1.0,-5.0
2013-01-09,2012-13,DAL,LAC,200.5,192,UNDER,1,-0.241,0.3989,0.2023,0,True,0.9,0.0
2013-01-10,2012-13,DAL,SAC,206.5,229,OVER,1,0.328,0.6358,0.2717,0.05,True,0.9,4.5
2013-01-11,2012-13,HOU,BOS,200.5,194,UNDER,1,-0.241,0.3989,0.2021,0,True,0.9,0.0
2013-01-12,2012-13,HOU,PHI,203.5,207,UNDER,1,-0.241,0.3989,0.2021,0,False,-1.0,0
2013-01-12,2012-13,MIA,SAC,203.0,227,OVER,1,0.286,0.6192,0.2383,0.05,True,0.9,4.5
2013-01-15,2012-13,LAC,HOU,206.0,226,UNDER,1,-0.352,0.3547,0.2907,0,False,-1.0,0
2013-01-16,2012-13,HOU,DAL,213.0,205,OVER,1,0.204,0.586,0.1719,0.05,False,-1.0,-5.0
2013-01-19,2012-13,SAC,CHA,204.5,190,OVER,1,0.39,0.66,0.3199,0.05,False,-1.0,-5.0
2013-01-21,2012-13,HOU,CHA,209.5,194,OVER,1,0.341,0.641,0.282,0.05,False,-1.0,-5.0
2013-01-25,2012-13,HOU,NOP,200.5,182,UNDER,1,-0.241,0.3989,0.2021,0,True,0.9,0.0
2013-01-25,2012-13,OKC,SAC,209.0,200,OVER,1,0.286,0.6192,0.2383,0.05,False,-1.0,-5.0
2013-01-26,2012-13,BKN,HOU,202.0,225,UNDER,1,-0.352,0.3547,0.2907,0,False,-1.0,0
2013-01-28,2012-13,HOU,UTA,207.5,205,UNDER,1,-0.201,0.4154,0.1693,0,True,0.9,0.0
2013-01-30,2012-13,CHA,SAS,202.5,180,UNDER,1,-0.301,0.3747,0.2506,0,True,0.9,0.0
2013-01-30,2012-13,HOU,DEN,217.0,228,OVER,2,0.312,0.6296,0.2592,0.05,True,0.9,4.5
2013-02-02,2012-13,CHA,HOU,208.5,204,UNDER,1,-0.301,0.3747,0.2506,0,True,0.9,0.0
2013-02-04,2012-13,CHA,MIA,200.0,193,UNDER,1,-0.301,0.3747,0.2506,0,True,0.9,0.0
2013-02-04,2012-13,DAL,OKC,209.0,203,UNDER,1,-0.32,0.3671,0.2658,0,True,0.9,0.0
2013-02-06,2012-13,CHA,CLE,202.0,217,OVER,1,0.475,0.6914,0.3828,0.05,True,0.9,4.5
2013-02-06,2012-13,HOU,MIA,207.0,222,OVER,1,0.341,0.641,0.282,0.05,True,0.9,4.5
2013-02-06,2012-13,POR,DAL,202.0,204,UNDER,1,-0.324,0.3659,0.2683,0,False,-1.0,0
2013-02-06,2012-13,MIL,UTA,201.5,186,UNDER,1,-0.201,0.4154,0.1693,0,True,0.9,0.0
2013-02-08,2012-13,POR,HOU,211.5,221,OVER,1,0.275,0.6146,0.2293,0.05,True,0.9,4.5
2013-02-09,2012-13,DEN,CLE,215.0,214,UNDER,2,-0.041,0.4825,0.0349,0,True,0.9,0.0
2013-02-10,2012-13,HOU,SAC,218.0,228,OVER,1,0.204,0.586,0.1719,0.05,True,0.9,4.5
2013-02-12,2012-13,OKC,UTA,200.5,203,UNDER,1,-0.201,0.4154,0.1693,0,False,-1.0,0
2013-02-13,2012-13,HOU,LAC,207.0,202,UNDER,1,-0.241,0.3989,0.2023,0,True,0.9,0.0
2013-02-19,2012-13,GSW,UTA,202.5,216,UNDER,1,-0.201,0.4154,0.1693,0,False,-1.0,0
2013-02-19,2012-13,SAS,SAC,208.5,210,UNDER,2,-0.139,0.4413,0.1175,0,False,-1.0,0
2013-02-22,2012-13,HOU,BKN,209.5,202,UNDER,1,-0.241,0.3989,0.2021,0,True,0.9,0.0
2013-02-22,2012-13,SAC,ATL,201.0,230,OVER,1,0.847,0.8085,0.617,0.05,True,0.9,4.5
2013-02-22,2012-13,MIN,OKC,203.5,238,OVER,1,0.236,0.5991,0.1981,0.05,True,0.9,4.5
2013-02-22,2012-13,POR,LAL,202.0,218,UNDER,1,-0.41,0.3326,0.3347,0,False,-1.0,0
2013-02-23,2012-13,HOU,WAS,208.5,208,UNDER,1,-0.241,0.3989,0.2021,0,True,0.9,0.0
2013-02-24,2012-13,GSW,MIN,204.5,199,UNDER,1,-0.306,0.3729,0.2541,0,True,0.9,0.0
2013-02-24,2012-13,SAS,PHX,202.0,184,UNDER,1,-0.489,0.3035,0.393,0,True,0.9,0.0
2013-02-27,2012-13,SAC,ORL,206.0,226,OVER,1,0.39,0.66,0.3199,0.05,True,0.9,4.5
2013-02-27,2012-13,ATL,UTA,200.0,193,UNDER,1,-0.201,0.4154,0.1693,0,True,0.9,0.0
2013-02-28,2012-13,MIN,LAL,205.5,210,OVER,1,0.236,0.5991,0.1981,0.05,True,0.9,4.5
2013-03-01,2012-13,HOU,ORL,211.5,228,UNDER,1,-0.359,0.3521,0.2957,0,False,-1.0,0
2013-03-03,2012-13,CHA,SAC,206.0,202,OVER,1,0.286,0.6192,0.2383,0.05,False,-1.0,-5.0
2013-03-04,2012-13,TOR,GSW,203.0,243,OVER,1,0.437,0.6776,0.3553,0.05,True,0.9,4.5
2013-03-05,2012-13,DEN,SAC,221.5,233,OVER,1,0.321,0.6333,0.2667,0.05,True,0.9,4.5
2013-03-06,2012-13,SAC,GSW,221.0,170,UNDER,1,-0.689,0.2367,0.5266,0,True,0.9,0.0
2013-03-07,2012-13,LAC,DEN,211.5,199,OVER,1,0.241,0.601,0.2021,0.05,False,-1.0,-5.0
2013-03-08,2012-13,TOR,LAL,206.5,234,OVER,1,0.437,0.6776,0.3553,0.05,True,0.9,4.5
2013-03-08,2012-13,HOU,GSW,224.5,182,UNDER,1,-0.481,0.3064,0.3872,0,True,0.9,0.0
2013-03-09,2012-13,HOU,PHX,209.0,212,OVER,1,0.341,0.641,0.282,0.05,True,0.9,4.5
2013-03-09,2012-13,MIN,DEN,209.5,199,OVER,1,0.236,0.5991,0.1981,0.05,False,-1.0,-5.0
2013-03-09,2012-13,MIL,GSW,212.5,196,UNDER,1,-0.44,0.3213,0.3574,0,True,0.9,0.0
2013-03-10,2012-13,BOS,OKC,200.5,170,UNDER,1,-0.666,0.2436,0.5127,0,True,0.9,0.0
2013-03-10,2012-13,DAL,MIN,200.5,177,UNDER,1,-0.32,0.3671,0.2658,0,True,0.9,0.0
2013-03-11,2012-13,OKC,SAS,209.0,198,UNDER,1,-0.356,0.3532,0.2937,0,True,0.9,0.0
2013-03-13,2012-13,LAL,ATL,205.0,188,OVER,1,0.439,0.6784,0.3567,0.05,False,-1.0,-5.0
2013-03-14,2012-13,DAL,SAS,206.0,183,UNDER,1,-0.32,0.3671,0.2658,0,True,0.9,0.0
2013-03-15,2012-13,MIN,HOU,209.5,208,OVER,1,0.236,0.5991,0.1981,0.05,False,-1.0,-5.0
2013-03-18,2012-13,DAL,ATL,200.0,240,OVER,1,0.439,0.6784,0.3567,0.05,True,0.9,4.5
2013-03-19,2012-13,POR,MIL,208.0,197,UNDER,1,-0.324,0.3659,0.2683,0,True,0.9,0.0
2013-03-19,2012-13,LAC,SAC,209.5,217,OVER,1,0.286,0.6192,0.2383,0.05,True,0.9,4.5
2013-03-20,2012-13,MIL,ATL,207.0,188,UNDER,1,-0.345,0.3573,0.2855,0,True,0.9,0.0
2013-03-22,2012-13,CLE,HOU,211.5,194,OVER,1,0.415,0.6695,0.3391,0.05,False,-1.0,-5.0
2013-03-23,2012-13,SAC,DEN,220.5,196,UNDER,1,-0.689,0.2367,0.5266,0,True,0.9,0.0
2013-03-24,2012-13,PHI,SAC,205.0,220,OVER,2,0.619,0.7411,0.4822,0.05,True,0.9,4.5
2013-03-28,2012-13,SAC,PHX,204.0,220,OVER,1,0.39,0.66,0.3199,0.05,True,0.9,4.5
2013-03-30,2012-13,LAC,HOU,206.0,179,UNDER,1,-0.352,0.3547,0.2907,0,True,0.9,0.0
2013-03-30,2012-13,LAL,SAC,216.0,201,OVER,1,0.284,0.6182,0.2365,0.05,False,-1.0,-5.0
2013-04-01,2012-13,CHA,MIL,204.0,233,UNDER,1,-0.301,0.3747,0.2506,0,False,-1.0,0
2013-04-03,2012-13,DEN,UTA,206.5,209,UNDER,1,-0.201,0.4154,0.1693,0,False,-1.0,0
2013-04-03,2012-13,HOU,SAC,218.0,214,OVER,1,0.204,0.586,0.1719,0.05,False,-1.0,-5.0
2013-04-04,2012-13,DAL,DEN,208.0,189,UNDER,1,-0.32,0.3671,0.2658,0,True,0.9,0.0
2013-04-04,2012-13,SAS,OKC,203.5,188,UNDER,2,-1.353,0.0911,0.8178,0,True,0.9,0.0
2013-04-06,2012-13,TOR,MIL,202.0,183,OVER,1,0.437,0.6776,0.3553,0.05,False,-1.0,-5.0
2013-04-12,2012-13,OKC,POR,202.0,196,UNDER,1,-0.459,0.3141,0.3718,0,True,0.9,0.0
2013-04-15,2012-13,UTA,MIN,200.0,176,UNDER,1,-0.306,0.3729,0.2541,0,True,0.9,0.0
2013-04-15,2012-13,DEN,MIL,211.0,223,OVER,1,0.188,0.5792,0.1583,0.05,True,0.9,4.5
2013-04-15,2012-13,HOU,PHX,211.0,231,OVER,1,0.505,0.7023,0.4047,0.05,True,0.9,4.5
2013-04-16,2012-13,POR,LAC,202.5,170,UNDER,1,-0.241,0.3989,0.2023,0,True,0.9,0.0
2013-04-17,2012-13,LAC,SAC,209.0,220,OVER,1,0.286,0.6192,0.2383,0.05,True,0.9,4.5
2013-04-17,2012-13,GSW,POR,205.5,187,UNDER,1,-0.459,0.3141,0.3718,0,True,0.9,0.0
2013-04-17,2012-13,HOU,LAL,203.5,194,UNDER,1,-0.241,0.3989,0.2021,0,True,0.9,0.0
2013-04-20,2012-13,GSW,DEN,210.0,192,OVER,1,0.382,0.6569,0.3139,0.05,False,-1.0,-5.0
2013-04-29,2012-13,OKC,HOU,206.5,208,UNDER,1,-0.352,0.3547,0.2907,0,False,-1.0,0
2013-05-01,2012-13,HOU,OKC,208.0,207,OVER,1,0.341,0.641,0.282,0.05,False,-1.0,-5.0
2013-05-03,2012-13,OKC,HOU,208.0,197,UNDER,1,-0.352,0.3547,0.2907,0,True,0.9,0.0
2013-10-30,2013-14,CHA,HOU,204.5,179,UNDER,1,-0.301,0.3747,0.2506,0,True,0.9,0.0
2013-10-30,2013-14,DEN,SAC,207.5,178,UNDER,1,-0.703,0.2323,0.5355,0,True,0.9,0.0
2013-11-01,2013-14,DAL,HOU,202.0,218,UNDER,1,-0.32,0.3671,0.2658,0,False,-1.0,0
2013-11-01,2013-14,OKC,MIN,200.5,181,UNDER,1,-0.306,0.3729,0.2541,0,True,0.9,0.0
2013-11-01,2013-14,SAS,LAL,205.5,176,UNDER,1,-0.489,0.3035,0.393,0,True,0.9,0.0
2013-11-02,2013-14,HOU,UTA,201.0,197,OVER,1,0.341,0.641,0.282,0.05,False,-1.0,-5.0
2013-11-05,2013-14,HOU,POR,205.0,217,UNDER,1,-0.241,0.3989,0.2021,0,False,-1.0,0
2013-11-05,2013-14,ATL,SAC,201.5,205,OVER,1,0.328,0.6358,0.2717,0.05,True,0.9,4.5
2013-11-06,2013-14,LAC,ORL,209.5,188,UNDER,1,-0.607,0.2626,0.4748,0,True,0.9,0.0
2013-11-06,2013-14,WAS,PHI,207.0,218,OVER,1,0.315,0.6307,0.2613,0.05,True,0.9,4.5
2013-11-06,2013-14,GSW,MIN,208.5,199,UNDER,1,-0.306,0.3729,0.2541,0,True,0.9,0.0
2013-11-07,2013-14,LAC,MIA,211.0,199,OVER,1,0.228,0.5957,0.1914,0.05,False,-1.0,-5.0
2013-11-08,2013-14,GSW,SAS,202.5,150,UNDER,1,-0.356,0.3532,0.2937,0,True,0.9,0.0
2013-11-08,2013-14,SAC,POR,203.5,195,UNDER,1,-0.459,0.3141,0.3718,0,True,0.9,0.0
2013-11-09,2013-14,ORL,ATL,202.0,198,UNDER,1,-0.345,0.3573,0.2855,0,True,0.9,0.0
2013-11-09,2013-14,POR,SAC,200.5,181,OVER,1,0.328,0.6358,0.2717,0.05,False,-1.0,-5.0
2013-11-11,2013-14,SAS,PHI,205.0,194,UNDER,1,-0.489,0.3035,0.393,0,True,0.9,0.0
2013-11-11,2013-14,TOR,HOU,202.0,214,OVER,1,0.437,0.6776,0.3553,0.05,True,0.9,4.5
2013-11-13,2013-14,HOU,PHI,209.0,240,OVER,1,0.341,0.641,0.282,0.05,True,0.9,4.5
2013-11-13,2013-14,PHX,POR,201.0,179,UNDER,1,-0.459,0.3141,0.3718,0,True,0.9,0.0
2013-11-14,2013-14,HOU,NYK,203.0,215,UNDER,1,-0.241,0.3989,0.2021,0,False,-1.0,0
2013-11-15,2013-14,DAL,MIA,207.5,214,UNDER,1,-0.32,0.3671,0.2658,0,False,-1.0,0
2013-11-15,2013-14,MIN,DEN,211.0,230,OVER,1,0.472,0.6904,0.3808,0.05,True,0.9,4.5
2013-11-16,2013-14,BOS,MIN,201.5,194,UNDER,1,-0.666,0.2436,0.5127,0,True,0.9,0.0
2013-11-18,2013-14,MEM,LAC,202.0,208,UNDER,1,-0.269,0.3875,0.2249,0,False,-1.0,0
2013-11-19,2013-14,MIN,WAS,204.5,204,OVER,1,0.917,0.8261,0.6523,0.05,False,-1.0,-5.0
2013-11-19,2013-14,BOS,HOU,202.5,194,UNDER,1,-0.666,0.2436,0.5127,0,True,0.9,0.0
2013-11-20,2013-14,MIA,ORL,200.0,212,UNDER,1,-0.607,0.2626,0.4748,0,False,-1.0,0
2013-11-20,2013-14,DET,ATL,203.0,178,UNDER,1,-0.345,0.3573,0.2855,0,True,0.9,0.0
2013-11-20,2013-14,LAC,MIN,213.0,200,UNDER,1,-0.285,0.3811,0.2378,0,True,0.9,0.0
2013-11-20,2013-14,HOU,DAL,215.0,243,OVER,1,0.204,0.586,0.1719,0.05,True,0.9,4.5
2013-11-23,2013-14,SAC,LAC,207.5,205,UNDER,1,-0.241,0.3989,0.2023,0,True,0.9,0.0
2013-11-23,2013-14,DAL,DEN,217.0,202,OVER,1,0.241,0.601,0.2021,0.05,False,-1.0,-5.0
2013-11-24,2013-14,SAC,LAL,201.5,186,OVER,1,0.257,0.6076,0.2152,0.05,False,-1.0,-5.0
2013-11-25,2013-14,DEN,DAL,212.0,206,OVER,1,0.188,0.5792,0.1583,0.05,False,-1.0,-5.0
2013-11-27,2013-14,POR,PHX,200.0,226,UNDER,1,-0.324,0.3659,0.2683,0,False,-1.0,0
2013-11-27,2013-14,NYK,LAC,204.5,173,UNDER,1,-0.241,0.3989,0.2023,0,True,0.9,0.0
2013-11-29,2013-14,DAL,ATL,205.0,175,OVER,1,0.439,0.6784,0.3567,0.05,False,-1.0,-5.0
2013-11-30,2013-14,MIN,DAL,211.0,218,OVER,1,0.472,0.6904,0.3808,0.05,True,0.9,4.5
2013-11-30,2013-14,HOU,SAS,205.5,218,OVER,1,0.341,0.641,0.282,0.05,True,0.9,4.5
2013-12-01,2013-14,MIN,OKC,210.0,216,OVER,1,0.23,0.5964,0.1928,0.05,True,0.9,4.5
2013-12-01,2013-14,POR,LAL,207.0,222,UNDER,1,-0.324,0.3659,0.2683,0,False,-1.0,0
2013-12-02,2013-14,HOU,UTA,200.5,212,OVER,1,0.341,0.641,0.282,0.05,True,0.9,4.5
2013-12-03,2013-14,DEN,BKN,205.5,198,UNDER,1,-0.229,0.4038,0.1925,0,True,0.9,0.0
2013-12-03,2013-14,OKC,SAC,203.0,192,OVER,1,0.286,0.6192,0.2383,0.05,False,-1.0,-5.0
2013-12-06,2013-14,LAL,SAC,204.0,206,UNDER,1,-0.703,0.2323,0.5355,0,False,-1.0,0
2013-12-07,2013-14,MIA,MIN,206.0,185,UNDER,1,-0.802,0.2038,0.5924,0,True,0.9,0.0
2013-12-08,2013-14,TOR,LAL,205.5,200,OVER,1,0.437,0.6776,0.3553,0.05,False,-1.0,-5.0
2013-12-10,2013-14,OKC,ATL,203.0,193,UNDER,1,-0.345,0.3573,0.2855,0,True,0.9,0.0
2013-12-12,2013-14,LAC,BKN,200.5,195,UNDER,1,-0.229,0.4038,0.1925,0,True,0.9,0.0
2013-12-12,2013-14,HOU,POR,212.0,215,OVER,1,0.204,0.586,0.1719,0.05,True,0.9,4.5
2013-12-13,2013-14,HOU,GSW,212.0,228,OVER,1,0.204,0.586,0.1719,0.05,True,0.9,4.5
2013-12-14,2013-14,POR,PHI,213.0,244,OVER,1,0.275,0.6146,0.2293,0.05,True,0.9,4.5
2013-12-15,2013-14,HOU,SAC,213.5,197,OVER,1,0.204,0.586,0.1719,0.05,False,-1.0,-5.0
2013-12-15,2013-14,POR,DET,204.5,220,UNDER,1,-0.324,0.3659,0.2683,0,False,-1.0,0
2013-12-16,2013-14,LAL,ATL,206.0,214,UNDER,1,-0.345,0.3573,0.2855,0,False,-1.0,0
2013-12-17,2013-14,POR,CLE,205.0,235,UNDER,1,-0.324,0.3659,0.2683,0,False,-1.0,0
2013-12-18,2013-14,NOP,LAC,206.5,203,UNDER,1,-0.241,0.3989,0.2023,0,True,0.9,0.0
2013-12-20,2013-14,TOR,DAL,201.0,217,OVER,1,0.437,0.6776,0.3553,0.05,True,0.9,4.5
2013-12-21,2013-14,SAC,ORL,202.0,205,OVER,1,0.39,0.66,0.3199,0.05,True,0.9,4.5
2013-12-21,2013-14,HOU,DET,211.5,211,UNDER,1,-0.286,0.3807,0.2386,0,True,0.9,0.0
2013-12-21,2013-14,OKC,SAS,205.0,213,UNDER,1,-0.356,0.3532,0.2937,0,False,-1.0,0
2013-12-21,2013-14,NOP,POR,210.5,217,OVER,1,0.272,0.6137,0.2273,0.05,True,0.9,4.5
2013-12-22,2013-14,MIN,LAC,210.5,236,OVER,1,0.23,0.5964,0.1928,0.05,True,0.9,4.5
2013-12-23,2013-14,NOP,SAC,210.0,213,OVER,2,0.525,0.7093,0.4186,0.05,True,0.9,4.5
2013-12-25,2013-14,HOU,SAS,210.0,209,UNDER,1,-0.496,0.3009,0.3981,0,True,0.9,0.0
2013-12-27,2013-14,MIA,SAC,209.0,211,OVER,1,0.286,0.6192,0.2383,0.05,True,0.9,4.5
2013-12-28,2013-14,UTA,LAC,202.0,188,UNDER,1,-0.241,0.3989,0.2023,0,True,0.9,0.0
2013-12-29,2013-14,ATL,ORL,203.5,211,OVER,2,0.561,0.7217,0.4434,0.05,True,0.9,4.5
2013-12-30,2013-14,MIA,DEN,200.0,191,UNDER,1,-0.341,0.3591,0.2817,0,True,0.9,0.0
2013-12-31,2013-14,MIL,LAL,202.0,173,UNDER,1,-0.41,0.3326,0.3347,0,True,0.9,0.0
2014-01-02,2013-14,GSW,MIA,204.5,237,OVER,1,0.218,0.5917,0.1834,0.05,True,0.9,4.5
2014-01-03,2013-14,GSW,ATL,204.5,201,OVER,1,0.439,0.6784,0.3567,0.05,False,-1.0,-5.0
2014-01-04,2013-14,OKC,MIN,209.0,226,UNDER,1,-0.306,0.3729,0.2541,0,False,-1.0,0
2014-01-04,2013-14,LAC,SAS,207.0,208,UNDER,1,-0.356,0.3532,0.2937,0,False,-1.0,0
2014-01-06,2013-14,MIN,PHI,219.5,221,OVER,1,0.23,0.5964,0.1928,0.05,True,0.9,4.5
2014-01-08,2013-14,DAL,SAS,209.0,202,UNDER,1,-0.32,0.3671,0.2658,0,True,0.9,0.0
2014-01-10,2013-14,HOU,ATL,207.0,163,UNDER,1,-0.345,0.3573,0.2855,0,True,0.9,0.0
2014-01-10,2013-14,ORL,SAC,204.0,186,OVER,1,0.286,0.6192,0.2383,0.05,False,-1.0,-5.0
2014-01-10,2013-14,BOS,GSW,203.0,196,UNDER,1,-0.666,0.2436,0.5127,0,True,0.9,0.0
2014-01-10,2013-14,LAL,LAC,208.0,210,UNDER,1,-0.241,0.3989,0.2023,0,False,-1.0,0
2014-01-11,2013-14,HOU,WAS,201.5,221,UNDER,1,-0.241,0.3989,0.2021,0,False,-1.0,0
2014-01-11,2013-14,PHX,DET,205.5,218,UNDER,1,-0.337,0.3607,0.2785,0,False,-1.0,0
2014-01-11,2013-14,BOS,POR,207.0,216,UNDER,1,-0.666,0.2436,0.5127,0,False,-1.0,0
2014-01-13,2013-14,DEN,UTA,203.0,221,UNDER,1,-0.201,0.4154,0.1693,0,False,-1.0,0
2014-01-16,2013-14,OKC,HOU,206.0,196,UNDER,1,-0.352,0.3547,0.2907,0,True,0.9,0.0
2014-01-20,2013-14,MIA,ATL,202.0,235,UNDER,1,-0.345,0.3573,0.2855,0,False,-1.0,0
2014-01-21,2013-14,SAC,NOP,203.5,211,OVER,1,0.39,0.66,0.3199,0.05,True,0.9,4.5
2014-01-21,2013-14,MIN,UTA,203.5,209,OVER,2,0.587,0.7306,0.4611,0.05,True,0.9,4.5
2014-01-22,2013-14,OKC,SAS,207.0,216,UNDER,1,-0.356,0.3532,0.2937,0,False,-1.0,0
2014-01-23,2013-14,DEN,POR,220.5,215,OVER,1,0.446,0.681,0.362,0.05,False,-1.0,-5.0
2014-01-24,2013-14,TOR,PHI,206.0,199,OVER,1,0.437,0.6776,0.3553,0.05,False,-1.0,-5.0
2014-01-24,2013-14,SAS,ATL,208.0,184,UNDER,1,-0.345,0.3573,0.2855,0,True,0.9,0.0
2014-01-25,2013-14,MIN,POR,220.5,219,OVER,1,0.446,0.681,0.362,0.05,False,-1.0,-5.0
2014-01-26,2013-14,SAS,MIA,203.0,214,OVER,1,0.218,0.5917,0.1834,0.05,True,0.9,4.5
2014-01-26,2013-14,PHX,CLE,204.5,189,UNDER,1,-0.337,0.3607,0.2785,0,True,0.9,0.0
2014-01-26,2013-14,DEN,SAC,216.5,242,OVER,1,0.188,0.5792,0.1583,0.05,True,0.9,4.5
2014-01-28,2013-14,IND,LAL,204.0,196,UNDER,1,-0.41,0.3326,0.3347,0,True,0.9,0.0
2014-01-29,2013-14,OKC,MIA,204.0,207,OVER,1,0.218,0.5917,0.1834,0.05,True,0.9,4.5
2014-01-31,2013-14,TOR,DEN,204.0,190,OVER,1,0.286,0.6193,0.2386,0.05,False,-1.0,-5.0
2014-01-31,2013-14,GSW,UTA,202.0,185,UNDER,1,-0.201,0.4154,0.1693,0,True,0.9,0.0
2014-02-01,2013-14,PHI,DET,214.0,209,UNDER,1,-0.308,0.372,0.2561,0,True,0.9,0.0
2014-02-01,2013-14,MIN,ATL,208.5,233,OVER,1,0.439,0.6784,0.3567,0.05,True,0.9,4.5
2014-02-01,2013-14,TOR,POR,205.0,209,UNDER,2,-0.095,0.4597,0.0807,0,False,-1.0,0
2014-02-01,2013-14,UTA,LAC,205.5,189,UNDER,1,-0.241,0.3989,0.2023,0,True,0.9,0.0
2014-02-03,2013-14,LAC,DEN,216.0,231,OVER,1,0.241,0.601,0.2021,0.05,True,0.9,4.5
2014-02-05,2013-14,LAL,CLE,210.0,227,UNDER,1,-0.242,0.3985,0.2029,0,False,-1.0,0
2014-02-05,2013-14,POR,NYK,208.0,184,UNDER,1,-0.324,0.3659,0.2683,0,True,0.9,0.0
2014-02-05,2013-14,PHX,HOU,211.5,230,OVER,1,0.569,0.7246,0.4491,0.05,True,0.9,4.5
2014-02-05,2013-14,TOR,SAC,201.5,210,OVER,3,0.584,0.7295,0.4591,0.05,True,0.9,4.5
2014-02-07,2013-14,LAL,PHI,218.0,210,OVER,1,0.284,0.6182,0.2365,0.05,False,-1.0,-5.0
2014-02-07,2013-14,SAC,BOS,201.0,188,OVER,1,0.39,0.66,0.3199,0.05,False,-1.0,-5.0
2014-02-07,2013-14,TOR,LAC,204.0,223,OVER,1,0.437,0.6776,0.3553,0.05,True,0.9,4.5
2014-02-08,2013-14,DEN,DET,214.0,235,UNDER,1,-0.286,0.3807,0.2386,0,False,-1.0,0
2014-02-09,2013-14,SAC,WAS,204.0,177,OVER,1,0.257,0.6076,0.2152,0.05,False,-1.0,-5.0
2014-02-10,2013-14,HOU,MIN,210.0,196,OVER,1,0.204,0.586,0.1719,0.05,False,-1.0,-5.0
2014-02-11,2013-14,SAC,CLE,203.0,208,OVER,1,0.39,0.66,0.3199,0.05,True,0.9,4.5
2014-02-12,2013-14,SAC,NYK,202.0,207,OVER,2,0.486,0.6955,0.391,0.05,True,0.9,4.5
2014-02-12,2013-14,POR,LAC,216.5,207,OVER,1,0.275,0.6146,0.2293,0.05,False,-1.0,-5.0
2014-02-18,2013-14,PHX,DEN,209.0,219,UNDER,1,-0.337,0.3607,0.2785,0,False,-1.0,0
2014-02-19,2013-14,WAS,ATL,200.0,211,OVER,2,0.534,0.7126,0.4253,0.05,True,0.9,4.5
2014-02-19,2013-14,GSW,SAC,208.5,193,UNDER,1,-0.703,0.2323,0.5355,0,True,0.9,0.0
2014-02-21,2013-14,SAS,PHX,208.5,191,UNDER,1,-0.337,0.3607,0.2785,0,True,0.9,0.0
2014-02-21,2013-14,UTA,POR,203.5,196,UNDER,1,-0.459,0.3141,0.3718,0,True,0.9,0.0
2014-02-22,2013-14,NYK,ATL,201.5,205,UNDER,1,-0.345,0.3573,0.2855,0,False,-1.0,0
2014-02-23,2013-14,SAC,DEN,209.5,204,OVER,1,0.257,0.6076,0.2152,0.05,False,-1.0,-5.0
2014-02-25,2013-14,HOU,SAC,213.0,232,OVER,1,0.204,0.586,0.1719,0.05,True,0.9,4.5
2014-02-26,2013-14,PHX,UTA,201.5,195,UNDER,1,-0.337,0.3607,0.2785,0,True,0.9,0.0
2014-02-28,2013-14,CHA,SAS,201.0,174,UNDER,1,-0.301,0.3747,0.2506,0,True,0.9,0.0
2014-02-28,2013-14,SAC,LAL,212.0,248,OVER,1,0.284,0.6182,0.2365,0.05,True,0.9,4.5
2014-03-01,2013-14,DEN,POR,211.0,198,UNDER,1,-0.677,0.2402,0.5196,0,True,0.9,0.0
2014-03-01,2013-14,NOP,LAC,208.5,184,UNDER,1,-0.241,0.3989,0.2023,0,True,0.9,0.0
2014-03-02,2013-14,CHA,OKC,202.5,215,UNDER,1,-0.301,0.3747,0.2506,0,False,-1.0,0
2014-03-03,2013-14,MIN,DEN,212.0,260,OVER,1,0.241,0.601,0.2021,0.05,True,0.9,4.5
2014-03-04,2013-14,SAS,CLE,203.0,223,OVER,2,0.021,0.5091,0.0182,0,True,0.9,0.0
2014-03-04,2013-14,LAC,PHX,218.5,200,OVER,1,0.38,0.6561,0.3122,0.05,False,-1.0,-5.0
2014-03-04,2013-14,NOP,LAL,210.0,257,OVER,3,0.596,0.7338,0.4675,0.05,True,0.9,4.5
2014-03-05,2013-14,HOU,ORL,205.0,190,UNDER,2,-0.223,0.4064,0.1872,0,True,0.9,0.0
2014-03-05,2013-14,SAC,MIL,205.0,218,OVER,1,0.257,0.6076,0.2152,0.05,True,0.9,4.5
2014-03-05,2013-14,DAL,DEN,216.5,225,OVER,1,0.241,0.601,0.2021,0.05,True,0.9,4.5
2014-03-05,2013-14,ATL,POR,218.0,180,OVER,1,0.272,0.6137,0.2273,0.05,False,-1.0,-5.0
2014-03-09,2013-14,DEN,NOP,214.5,218,OVER,1,0.307,0.6277,0.2554,0.05,True,0.9,4.5
2014-03-10,2013-14,DEN,CHA,210.0,203,OVER,1,0.188,0.5792,0.1583,0.05,False,-1.0,-5.0
2014-03-10,2013-14,ORL,MIL,204.0,203,OVER,1,0.358,0.6475,0.2949,0.05,False,-1.0,-5.0
2014-03-11,2013-14,HOU,OKC,217.0,204,OVER,1,0.204,0.586,0.1719,0.05,False,-1.0,-5.0
2014-03-12,2013-14,DAL,UTA,203.0,209,UNDER,1,-0.201,0.4154,0.1693,0,False,-1.0,0
2014-03-12,2013-14,POR,SAS,211.0,193,UNDER,2,-0.159,0.4326,0.1347,0,True,0.9,0.0
2014-03-13,2013-14,LAL,OKC,227.0,233,OVER,1,0.408,0.6666,0.3333,0.05,True,0.9,4.5
2014-03-14,2013-14,DEN,MIA,213.0,218,UNDER,1,-0.677,0.2402,0.5196,0,False,-1.0,0
2014-03-15,2013-14,DEN,ATL,217.0,189,OVER,1,0.188,0.5792,0.1583,0.05,False,-1.0,-5.0
2014-03-16,2013-14,HOU,MIA,209.0,217,OVER,1,0.218,0.5917,0.1834,0.05,True,0.9,4.5
2014-03-16,2013-14,CLE,LAC,208.5,182,UNDER,1,-0.241,0.3989,0.2023,0,True,0.9,0.0
2014-03-17,2013-14,PHX,BKN,205.0,203,UNDER,1,-0.229,0.4038,0.1925,0,True,0.9,0.0
2014-03-17,2013-14,BOS,DAL,203.0,183,UNDER,1,-0.666,0.2436,0.5127,0,True,0.9,0.0
2014-03-17,2013-14,LAC,DEN,222.0,210,OVER,1,0.365,0.6504,0.3007,0.05,False,-1.0,-5.0
2014-03-18,2013-14,TOR,ATL,202.0,231,OVER,2,0.52,0.7075,0.4151,0.05,True,0.9,4.5
2014-03-18,2013-14,WAS,SAC,202.0,228,OVER,2,0.454,0.6839,0.3677,0.05,True,0.9,4.5
2014-03-19,2013-14,MIN,DAL,211.5,245,OVER,1,0.23,0.5964,0.1928,0.05,True,0.9,4.5
2014-03-20,2013-14,MIN,HOU,213.0,235,OVER,1,0.23,0.5964,0.1928,0.05,True,0.9,4.5
2014-03-21,2013-14,NOP,ATL,202.0,216,OVER,1,0.847,0.8085,0.617,0.05,True,0.9,4.5
2014-03-21,2013-14,SAS,SAC,208.0,178,UNDER,2,-0.139,0.4413,0.1175,0,True,0.9,0.0
2014-03-22,2013-14,HOU,CLE,204.0,229,OVER,1,0.341,0.641,0.282,0.05,True,0.9,4.5
2014-03-23,2013-14,MIL,SAC,205.0,231,OVER,1,0.286,0.6192,0.2383,0.05,True,0.9,4.5
2014-03-24,2013-14,MIL,LAC,209.0,204,UNDER,1,-0.241,0.3989,0.2023,0,True,0.9,0.0
2014-03-25,2013-14,POR,ORL,205.0,180,UNDER,1,-0.324,0.3659,0.2683,0,True,0.9,0.0
2014-03-26,2013-14,PHX,WAS,210.0,192,UNDER,1,-0.677,0.2404,0.5191,0,True,0.9,0.0
2014-03-26,2013-14,DEN,SAS,216.5,211,UNDER,1,-0.677,0.2402,0.5196,0,True,0.9,0.0
2014-03-26,2013-14,NYK,SAC,203.5,206,OVER,2,0.509,0.7039,0.4078,0.05,True,0.9,4.5
2014-03-27,2013-14,LAL,MIL,218.0,213,OVER,1,0.284,0.6182,0.2365,0.05,False,-1.0,-5.0
2014-03-31,2013-14,LAC,MIN,217.0,218,UNDER,1,-0.285,0.3811,0.2378,0,False,-1.0,0
2014-04-01,2013-14,HOU,BKN,208.0,201,UNDER,1,-0.241,0.3989,0.2021,0,True,0.9,0.0
2014-04-01,2013-14,POR,LAL,222.0,236,UNDER,1,-0.383,0.3428,0.3144,0,False,-1.0,0
2014-04-02,2013-14,HOU,TOR,203.5,210,UNDER,1,-0.241,0.3989,0.2021,0,False,-1.0,0
2014-04-02,2013-14,NOP,DEN,211.0,244,OVER,1,0.241,0.601,0.2021,0.05,True,0.9,4.5
2014-04-02,2013-14,LAC,PHX,214.0,220,UNDER,1,-0.285,0.3811,0.2378,0,False,-1.0,0
2014-04-04,2013-14,MIN,MIA,202.5,243,OVER,1,0.236,0.5991,0.1981,0.05,True,0.9,4.5
2014-04-04,2013-14,CLE,ATL,202.0,215,UNDER,1,-0.345,0.3573,0.2855,0,False,-1.0,0
2014-04-04,2013-14,PHI,BOS,207.0,213,OVER,1,0.328,0.6358,0.2715,0.05,True,0.9,4.5
2014-04-04,2013-14,DAL,LAL,223.0,202,UNDER,1,-0.383,0.3428,0.3144,0,True,0.9,0.0
2014-04-06,2013-14,DEN,HOU,220.0,255,OVER,1,0.397,0.6627,0.3254,0.05,True,0.9,4.5
2014-04-08,2013-14,SAS,MIN,208.5,201,UNDER,1,-0.802,0.2038,0.5924,0,True,0.9,0.0
2014-04-08,2013-14,OKC,SAC,203.5,199,OVER,1,0.286,0.6192,0.2383,0.05,False,-1.0,-5.0
2014-04-09,2013-14,DET,CLE,207.0,222,OVER,1,0.475,0.6914,0.3828,0.05,True,0.9,4.5
2014-04-09,2013-14,BOS,ATL,204.5,202,OVER,1,0.847,0.8085,0.617,0.05,False,-1.0,-5.0
2014-04-09,2013-14,HOU,DEN,222.0,239,OVER,1,0.545,0.7163,0.4327,0.05,True,0.9,4.5
2014-04-10,2013-14,DEN,GSW,213.5,199,UNDER,1,-0.677,0.2402,0.5196,0,True,0.9,0.0
2014-04-11,2013-14,ATL,BKN,204.0,181,UNDER,1,-0.229,0.4038,0.1925,0,True,0.9,0.0
2014-04-11,2013-14,HOU,MIN,218.0,222,OVER,1,0.204,0.586,0.1719,0.05,True,0.9,4.5
2014-04-11,2013-14,PHX,SAS,204.0,216,UNDER,1,-0.356,0.3532,0.2937,0,False,-1.0,0
2014-04-12,2013-14,SAC,LAC,204.0,218,UNDER,1,-0.241,0.3989,0.2023,0,False,-1.0,0
2014-04-13,2013-14,TOR,DET,206.0,223,OVER,1,0.437,0.6776,0.3553,0.05,True,0.9,4.5
2014-04-13,2013-14,MIN,SAC,203.5,209,OVER,1,0.328,0.6358,0.2717,0.05,True,0.9,4.5
2014-04-16,2013-14,HOU,NOP,210.0,205,OVER,1,0.204,0.586,0.1719,0.05,False,-1.0,-5.0
2014-04-16,2013-14,LAL,SAS,217.0,213,UNDER,1,-0.496,0.3009,0.3981,0,True,0.9,0.0
2014-04-16,2013-14,PHI,MIA,205.0,187,OVER,1,0.218,0.5917,0.1834,0.05,False,-1.0,-5.0
2014-04-16,2013-14,PHX,SAC,206.0,203,UNDER,2,-0.004,0.4982,0.0035,0,True,0.9,0.0
2014-04-19,2013-14,GSW,LAC,210.0,214,OVER,1,0.382,0.6569,0.3139,0.05,True,0.9,4.5
2014-04-20,2013-14,DAL,SAS,206.5,175,UNDER,1,-0.32,0.3671,0.2658,0,True,0.9,0.0
2014-04-24,2013-14,LAC,GSW,214.0,194,UNDER,1,-0.285,0.3811,0.2378,0,True,0.9,0.0
2014-04-27,2013-14,LAC,GSW,210.5,215,UNDER,1,-0.285,0.3811,0.2378,0,False,-1.0,0
2014-05-01,2013-14,LAC,GSW,210.0,199,UNDER,1,-0.285,0.3811,0.2378,0,True,0.9,0.0
2014-05-02,2013-14,HOU,POR,213.0,197,OVER,1,0.204,0.586,0.1719,0.05,False,-1.0,-5.0
2014-05-21,2013-14,OKC,SAS,210.5,189,UNDER,1,-0.496,0.3009,0.3981,0,True,0.9,0.0
2014-06-08,2013-14,MIA,SAS,200.0,194,UNDER,1,-0.356,0.3532,0.2937,0,True,0.9,0.0
2014-10-28,2014-15,DAL,SAS,206.5,201,UNDER,1,-0.32,0.3671,0.2658,0,True,0.9,0.0
2014-10-28,2014-15,HOU,LAL,209.0,198,UNDER,2,-0.068,0.471,0.058,0,True,0.9,0.0
2014-10-29,2014-15,HOU,UTA,203.0,197,UNDER,1,-0.201,0.4154,0.1693,0,True,0.9,0.0
2014-10-29,2014-15,GSW,SAC,204.5,172,UNDER,1,-0.703,0.2323,0.5355,0,True,0.9,0.0
2014-10-31,2014-15,POR,SAC,201.0,197,UNDER,1,-0.324,0.3659,0.2683,0,True,0.9,0.0
2014-11-01,2014-15,PHX,UTA,205.5,209,UNDER,1,-0.337,0.3607,0.2785,0,False,-1.0,0
2014-11-02,2014-15,SAC,LAC,206.5,190,UNDER,1,-0.241,0.3989,0.2023,0,True,0.9,0.0
2014-11-04,2014-15,PHX,LAL,215.0,218,OVER,1,0.569,0.7246,0.4491,0.05,True,0.9,4.5
2014-11-05,2014-15,TOR,BOS,204.0,217,OVER,1,0.286,0.6193,0.2386,0.05,True,0.9,4.5
2014-11-05,2014-15,MIN,BKN,205.0,189,OVER,2,0.558,0.7207,0.4414,0.05,False,-1.0,-5.0
2014-11-05,2014-15,DEN,SAC,202.5,240,OVER,1,0.328,0.6358,0.2717,0.05,True,0.9,4.5
2014-11-07,2014-15,SAC,PHX,205.5,226,OVER,1,0.257,0.6076,0.2152,0.05,True,0.9,4.5
2014-11-07,2014-15,DAL,UTA,207.0,187,UNDER,1,-0.201,0.4154,0.1693,0,True,0.9,0.0
2014-11-08,2014-15,POR,LAC,207.0,208,UNDER,1,-0.324,0.3659,0.2683,0,False,-1.0,0
2014-11-09,2014-15,DEN,POR,208.0,216,UNDER,1,-0.459,0.3141,0.3718,0,False,-1.0,0
2014-11-10,2014-15,NOP,CLE,201.5,229,OVER,1,0.475,0.6914,0.3828,0.05,True,0.9,4.5
2014-11-14,2014-15,SAS,LAL,208.5,173,UNDER,2,-0.637,0.2531,0.4939,0,True,0.9,0.0
2014-11-15,2014-15,MIN,DAL,208.5,248,OVER,1,0.236,0.5991,0.1981,0.05,True,0.9,4.5
2014-11-15,2014-15,BKN,POR,208.0,184,UNDER,1,-0.459,0.3141,0.3718,0,True,0.9,0.0
2014-11-15,2014-15,CHA,GSW,202.0,199,UNDER,1,-0.301,0.3747,0.2506,0,True,0.9,0.0
2014-11-15,2014-15,PHX,LAC,210.5,227,OVER,1,0.569,0.7246,0.4491,0.05,True,0.9,4.5
2014-11-17,2014-15,DEN,CLE,217.5,203,UNDER,1,-0.677,0.2402,0.5196,0,True,0.9,0.0
2014-11-19,2014-15,PHX,DET,205.5,174,UNDER,1,-0.337,0.3607,0.2785,0,True,0.9,0.0
2014-11-19,2014-15,NYK,MIN,205.0,214,UNDER,1,-0.306,0.3729,0.2541,0,False,-1.0,0
2014-11-21,2014-15,NOP,DEN,211.0,214,OVER,1,0.447,0.6814,0.3628,0.05,True,0.9,4.5
2014-11-22,2014-15,NOP,UTA,204.0,200,UNDER,1,-0.201,0.4154,0.1693,0,True,0.9,0.0
2014-11-23,2014-15,DEN,LAL,218.5,195,UNDER,1,-0.505,0.2977,0.4045,0,True,0.9,0.0
2014-11-25,2014-15,SAC,NOP,203.5,188,OVER,1,0.257,0.6076,0.2152,0.05,False,-1.0,-5.0
2014-11-26,2014-15,TOR,ATL,204.5,241,OVER,2,0.52,0.7075,0.4151,0.05,True,0.9,4.5
2014-11-26,2014-15,MIL,MIN,204.0,189,UNDER,1,-0.802,0.2038,0.5924,0,True,0.9,0.0
2014-11-28,2014-15,NOP,ATL,205.0,191,OVER,1,0.439,0.6784,0.3567,0.05,False,-1.0,-5.0
2014-11-28,2014-15,MIN,LAL,215.0,239,OVER,1,0.23,0.5964,0.1928,0.05,True,0.9,4.5
2014-11-29,2014-15,LAC,UTA,200.5,208,UNDER,1,-0.201,0.4154,0.1693,0,False,-1.0,0
2014-11-30,2014-15,SAS,BOS,203.0,200,UNDER,1,-0.489,0.3035,0.393,0,True,0.9,0.0
2014-12-02,2014-15,DAL,CHI,202.5,261,OVER,1,0.343,0.6419,0.2838,0.05,True,0.9,4.5
2014-12-02,2014-15,TOR,SAC,202.5,226,OVER,3,0.584,0.7295,0.4591,0.05,True,0.9,4.5
2014-12-03,2014-15,ATL,MIA,200.0,214,OVER,1,0.218,0.5917,0.1834,0.05,True,0.9,4.5
2014-12-03,2014-15,TOR,UTA,203.0,227,UNDER,1,-0.201,0.4154,0.1693,0,False,-1.0,0
2014-12-03,2014-15,ORL,LAC,202.5,200,UNDER,1,-0.241,0.3989,0.2023,0,True,0.9,0.0
2014-12-05,2014-15,HOU,MIN,204.0,226,OVER,1,0.341,0.641,0.282,0.05,True,0.9,4.5
2014-12-05,2014-15,PHX,DAL,216.0,224,UNDER,1,-0.695,0.2346,0.5307,0,False,-1.0,0
2014-12-06,2014-15,PHX,HOU,203.5,195,UNDER,2,-0.485,0.3048,0.3904,0,True,0.9,0.0
2014-12-06,2014-15,GSW,CHI,200.5,214,OVER,1,0.343,0.6419,0.2838,0.05,True,0.9,4.5
2014-12-06,2014-15,MIN,SAS,204.5,224,OVER,1,0.236,0.5991,0.1981,0.05,True,0.9,4.5
2014-12-07,2014-15,DEN,ATL,213.5,180,OVER,1,0.188,0.5792,0.1583,0.05,False,-1.0,-5.0
2014-12-09,2014-15,SAC,LAL,208.0,193,OVER,1,0.39,0.66,0.3199,0.05,False,-1.0,-5.0
2014-12-15,2014-15,MIL,PHX,211.5,190,UNDER,1,-0.44,0.3213,0.3574,0,True,0.9,0.0
2014-12-15,2014-15,DET,LAC,203.0,204,UNDER,1,-0.241,0.3989,0.2023,0,False,-1.0,0
2014-12-16,2014-15,MIN,WAS,201.0,204,OVER,1,0.236,0.5991,0.1981,0.05,True,0.9,4.5
2014-12-16,2014-15,DAL,NYK,204.0,194,UNDER,1,-0.32,0.3671,0.2658,0,True,0.9,0.0
2014-12-16,2014-15,OKC,SAC,206.0,196,OVER,1,0.286,0.6192,0.2383,0.05,False,-1.0,-5.0
2014-12-17,2014-15,PHX,CHA,200.5,217,UNDER,1,-0.337,0.3607,0.2785,0,False,-1.0,0
2014-12-17,2014-15,DAL,DET,202.5,223,UNDER,1,-0.32,0.3671,0.2658,0,False,-1.0,0
2014-12-17,2014-15,MIL,POR,202.5,201,UNDER,1,-0.459,0.3141,0.3718,0,True,0.9,0.0
2014-12-17,2014-15,IND,LAC,201.0,202,UNDER,1,-0.241,0.3989,0.2023,0,False,-1.0,0
2014-12-19,2014-15,TOR,DET,200.5,210,OVER,1,0.437,0.6776,0.3553,0.05,True,0.9,4.5
2014-12-19,2014-15,LAC,DEN,214.0,215,OVER,1,0.241,0.601,0.2021,0.05,True,0.9,4.5
2014-12-21,2014-15,LAL,SAC,208.0,209,OVER,1,0.286,0.6192,0.2383,0.05,True,0.9,4.5
2014-12-23,2014-15,MIN,CLE,207.5,229,OVER,1,0.236,0.5991,0.1981,0.05,True,0.9,4.5
2014-12-23,2014-15,LAC,ATL,205.5,211,OVER,1,0.439,0.6784,0.3567,0.05,True,0.9,4.5
2014-12-27,2014-15,NYK,SAC,202.5,264,OVER,1,0.286,0.6192,0.2383,0.05,True,0.9,4.5
2014-12-29,2014-15,SAC,BKN,205.0,206,OVER,1,0.39,0.66,0.3199,0.05,True,0.9,4.5
2014-12-29,2014-15,UTA,LAC,204.5,198,UNDER,1,-0.241,0.3989,0.2023,0,True,0.9,0.0
2014-12-30,2014-15,CLE,ATL,200.5,210,OVER,1,0.439,0.6784,0.3567,0.05,True,0.9,4.5
2014-12-30,2014-15,PHX,NOP,211.0,216,OVER,1,0.307,0.6277,0.2554,0.05,True,0.9,4.5
2014-12-30,2014-15,TOR,POR,208.5,199,OVER,1,0.286,0.6193,0.2386,0.05,False,-1.0,-5.0
2014-12-31,2014-15,NYK,LAC,204.5,177,UNDER,1,-0.241,0.3989,0.2023,0,True,0.9,0.0
2014-12-31,2014-15,NOP,SAS,200.0,188,UNDER,1,-0.356,0.3532,0.2937,0,True,0.9,0.0
2014-12-31,2014-15,PHX,OKC,212.0,271,OVER,1,0.569,0.7246,0.4491,0.05,True,0.9,4.5
2015-01-01,2014-15,SAC,MIN,209.5,217,OVER,2,0.078,0.5329,0.0658,0.0139,True,0.9,1.25
2015-01-03,2014-15,BOS,CHI,205.0,213,UNDER,1,-0.666,0.2436,0.5127,0,False,-1.0,0
2015-01-03,2014-15,PHI,LAC,207.5,218,UNDER,1,-0.241,0.3989,0.2023,0,False,-1.0,0
2015-01-04,2014-15,SAC,DET,206.5,209,OVER,1,0.39,0.66,0.3199,0.05,True,0.9,4.5
2015-01-04,2014-15,IND,LAL,201.5,175,UNDER,1,-0.239,0.3996,0.2008,0,True,0.9,0.0
2015-01-05,2014-15,DAL,BKN,206.0,184,UNDER,1,-0.32,0.3671,0.2658,0,True,0.9,0.0
2015-01-05,2014-15,HOU,CHI,200.0,219,UNDER,2,-0.033,0.486,0.0281,0,False,-1.0,0
2015-01-08,2014-15,CHA,TOR,201.0,198,UNDER,1,-0.301,0.3747,0.2506,0,True,0.9,0.0
2015-01-09,2014-15,PHX,SAS,209.0,195,UNDER,1,-0.356,0.3532,0.2937,0,True,0.9,0.0
2015-01-09,2014-15,DEN,SAC,211.5,226,OVER,1,0.188,0.5792,0.1583,0.05,True,0.9,4.5
2015-01-10,2014-15,BOS,TOR,209.0,205,UNDER,1,-0.666,0.2436,0.5127,0,True,0.9,0.0
2015-01-11,2014-15,MIA,LAC,201.0,194,UNDER,1,-0.241,0.3989,0.2023,0,True,0.9,0.0
2015-01-11,2014-15,POR,LAL,205.5,200,UNDER,1,-0.324,0.3659,0.2683,0,True,0.9,0.0
2015-01-15,2014-15,OKC,HOU,205.5,213,UNDER,1,-0.352,0.3547,0.2907,0,False,-1.0,0
2015-01-17,2014-15,LAC,SAC,210.5,225,OVER,1,0.268,0.6121,0.2241,0.05,True,0.9,4.5
2015-01-19,2014-15,DEN,GSW,218.0,201,UNDER,1,-0.677,0.2402,0.5196,0,True,0.9,0.0
2015-01-19,2014-15,TOR,MIL,200.5,181,OVER,1,0.286,0.6193,0.2386,0.05,False,-1.0,-5.0
2015-01-20,2014-15,SAS,DEN,205.0,208,UNDER,1,-0.489,0.3035,0.393,0,False,-1.0,0
2015-01-21,2014-15,POR,PHX,211.0,231,OVER,1,0.275,0.6146,0.2293,0.05,True,0.9,4.5
2015-01-22,2014-15,BOS,POR,201.5,179,UNDER,1,-0.459,0.3141,0.3718,0,True,0.9,0.0
2015-01-23,2014-15,ORL,NYK,202.5,219,OVER,1,0.358,0.6475,0.2949,0.05,True,0.9,4.5
2015-01-23,2014-15,OKC,ATL,207.0,196,UNDER,1,-0.345,0.3573,0.2855,0,True,0.9,0.0
2015-01-25,2014-15,IND,ORL,206.0,205,UNDER,1,-0.239,0.3996,0.2008,0,True,0.9,0.0
2015-01-25,2014-15,MIN,ATL,200.5,212,OVER,1,0.236,0.5991,0.1981,0.05,True,0.9,4.5
2015-01-25,2014-15,WAS,DEN,202.5,232,OVER,1,0.315,0.6307,0.2613,0.05,True,0.9,4.5
2015-01-25,2014-15,HOU,LAL,205.5,186,OVER,1,0.341,0.641,0.282,0.05,False,-1.0,-5.0
2015-01-26,2014-15,MIN,OKC,208.0,176,OVER,1,0.236,0.5991,0.1981,0.05,False,-1.0,-5.0
2015-01-26,2014-15,DEN,LAC,217.0,200,UNDER,1,-0.677,0.2402,0.5196,0,True,0.9,0.0
2015-01-31,2014-15,DAL,ORL,212.0,201,UNDER,1,-0.359,0.3521,0.2957,0,True,0.9,0.0
2015-01-31,2014-15,PHX,GSW,227.0,193,UNDER,1,-0.434,0.3235,0.3531,0,True,0.9,0.0
2015-02-02,2014-15,MIN,DAL,207.0,194,OVER,1,0.236,0.5991,0.1981,0.05,False,-1.0,-5.0
2015-02-03,2014-15,GSW,SAC,216.0,217,OVER,1,0.382,0.6569,0.3139,0.05,True,0.9,4.5
2015-02-06,2014-15,LAC,TOR,212.0,230,UNDER,1,-0.285,0.3811,0.2378,0,False,-1.0,0
2015-02-07,2014-15,POR,DAL,206.5,212,UNDER,1,-0.324,0.3659,0.2683,0,False,-1.0,0
2015-02-08,2014-15,POR,HOU,203.5,207,UNDER,1,-0.324,0.3659,0.2683,0,False,-1.0,0
2015-02-11,2014-15,HOU,LAC,211.0,205,OVER,1,0.204,0.586,0.1719,0.05,False,-1.0,-5.0
2015-02-20,2014-15,TOR,ATL,203.5,185,UNDER,1,-0.345,0.3573,0.2855,0,True,0.9,0.0
2015-02-20,2014-15,BOS,SAC,202.5,210,OVER,1,0.328,0.6358,0.2717,0.05,True,0.9,4.5
2015-02-20,2014-15,SAS,GSW,207.0,209,UNDER,1,-0.489,0.3035,0.393,0,False,-1.0,0
2015-02-22,2014-15,DEN,OKC,211.0,213,UNDER,1,-0.677,0.2402,0.5196,0,False,-1.0,0
2015-02-23,2014-15,MIN,HOU,210.0,215,OVER,2,0.492,0.6978,0.3956,0.05,True,0.9,4.5
2015-02-25,2014-15,DAL,ATL,202.5,191,UNDER,1,-0.345,0.3573,0.2855,0,True,0.9,0.0
2015-02-25,2014-15,WAS,MIN,201.5,174,UNDER,2,-0.034,0.4856,0.0287,0,True,0.9,0.0
2015-02-25,2014-15,PHX,DEN,214.5,206,OVER,1,0.241,0.601,0.2021,0.05,False,-1.0,-5.0
2015-02-26,2014-15,GSW,CLE,215.5,209,UNDER,1,-0.242,0.3985,0.2029,0,True,0.9,0.0
2015-02-27,2014-15,GSW,TOR,215.0,202,UNDER,1,-0.584,0.2704,0.4593,0,True,0.9,0.0
2015-02-28,2014-15,SAS,PHX,207.0,175,UNDER,1,-0.337,0.3607,0.2785,0,True,0.9,0.0
2015-03-01,2014-15,POR,SAC,203.0,209,OVER,1,0.286,0.6192,0.2383,0.05,True,0.9,4.5
2015-03-01,2014-15,CLE,HOU,209.0,208,UNDER,1,-0.352,0.3547,0.2907,0,True,0.9,0.0
2015-03-02,2014-15,PHX,MIA,206.0,213,OVER,1,0.218,0.5917,0.1834,0.05,True,0.9,4.5
2015-03-03,2014-15,BOS,CLE,209.0,189,UNDER,1,-0.666,0.2436,0.5127,0,True,0.9,0.0
2015-03-04,2014-15,POR,LAC,205.0,191,UNDER,1,-0.324,0.3659,0.2683,0,True,0.9,0.0
2015-03-06,2014-15,SAC,ORL,202.5,233,OVER,1,0.39,0.66,0.3199,0.05,True,0.9,4.5
2015-03-06,2014-15,PHX,BKN,208.5,208,UNDER,1,-0.229,0.4038,0.1925,0,True,0.9,0.0
2015-03-06,2014-15,CLE,ATL,200.5,203,OVER,1,0.439,0.6784,0.3567,0.05,True,0.9,4.5
2015-03-07,2014-15,SAC,MIA,203.5,223,OVER,2,0.333,0.6379,0.2758,0.05,True,0.9,4.5
2015-03-08,2014-15,LAC,GSW,214.0,204,OVER,1,0.268,0.6121,0.2241,0.05,False,-1.0,-5.0
2015-03-08,2014-15,DAL,LAL,201.0,193,UNDER,1,-0.32,0.3671,0.2658,0,True,0.9,0.0
2015-03-09,2014-15,BOS,MIA,200.0,190,UNDER,1,-0.341,0.3591,0.2817,0,True,0.9,0.0
2015-03-10,2014-15,TOR,SAS,205.0,224,OVER,1,0.437,0.6776,0.3553,0.05,True,0.9,4.5
2015-03-11,2014-15,LAC,OKC,212.0,228,OVER,1,0.268,0.6121,0.2241,0.05,True,0.9,4.5
2015-03-13,2014-15,SAC,PHI,202.5,221,OVER,1,0.257,0.6076,0.2152,0.05,True,0.9,4.5
2015-03-15,2014-15,HOU,LAC,211.0,198,OVER,1,0.204,0.586,0.1719,0.05,False,-1.0,-5.0
2015-03-15,2014-15,MIN,SAS,205.5,220,OVER,1,0.236,0.5991,0.1981,0.05,True,0.9,4.5
2015-03-18,2014-15,MIN,TOR,208.5,205,OVER,1,0.236,0.5991,0.1981,0.05,False,-1.0,-5.0
2015-03-18,2014-15,POR,MIA,200.5,212,UNDER,1,-0.341,0.3591,0.2817,0,False,-1.0,0
2015-03-18,2014-15,LAC,SAC,212.5,221,OVER,1,0.268,0.6121,0.2241,0.05,True,0.9,4.5
2015-03-19,2014-15,DEN,HOU,211.5,226,OVER,1,0.446,0.681,0.3621,0.05,True,0.9,4.5
2015-03-20,2014-15,BOS,SAS,208.5,190,UNDER,1,-0.666,0.2436,0.5127,0,True,0.9,0.0
2015-03-20,2014-15,CHA,SAC,206.0,192,OVER,1,0.328,0.6358,0.2717,0.05,False,-1.0,-5.0
2015-03-22,2014-15,SAS,ATL,204.0,209,OVER,1,0.439,0.6784,0.3567,0.05,True,0.9,4.5
2015-03-23,2014-15,HOU,IND,200.0,210,UNDER,1,-0.241,0.3989,0.2021,0,False,-1.0,0
2015-03-23,2014-15,BOS,BKN,203.0,201,UNDER,1,-0.229,0.4038,0.1925,0,True,0.9,0.0
2015-03-24,2014-15,TOR,DET,201.0,212,OVER,1,0.286,0.6193,0.2386,0.05,True,0.9,4.5
2015-03-24,2014-15,PHI,SAC,205.5,213,OVER,1,0.286,0.6192,0.2383,0.05,True,0.9,4.5
2015-03-24,2014-15,GSW,POR,203.5,230,UNDER,1,-0.459,0.3141,0.3718,0,False,-1.0,0
2015-03-25,2014-15,ATL,ORL,202.5,178,UNDER,1,-0.607,0.2626,0.4748,0,True,0.9,0.0
2015-03-25,2014-15,HOU,NOP,203.0,188,UNDER,1,-0.241,0.3989,0.2021,0,True,0.9,0.0
2015-03-25,2014-15,OKC,SAS,214.0,221,UNDER,1,-0.496,0.3009,0.3981,0,False,-1.0,0
2015-03-27,2014-15,LAC,PHI,203.5,217,UNDER,1,-0.344,0.3579,0.2842,0,False,-1.0,0
2015-03-27,2014-15,MIN,HOU,205.5,230,OVER,1,0.236,0.5991,0.1981,0.05,True,0.9,4.5
2015-03-27,2014-15,DAL,SAS,206.5,170,UNDER,1,-0.32,0.3671,0.2658,0,True,0.9,0.0
2015-03-28,2014-15,DEN,POR,210.0,234,OVER,1,0.272,0.6137,0.2273,0.05,True,0.9,4.5
2015-03-29,2014-15,HOU,WAS,205.0,190,UNDER,1,-0.241,0.3989,0.2021,0,True,0.9,0.0
2015-03-29,2014-15,DAL,IND,200.0,203,UNDER,1,-0.239,0.3996,0.2008,0,False,-1.0,0
2015-03-30,2014-15,PHX,POR,201.0,195,UNDER,1,-0.459,0.3141,0.3718,0,True,0.9,0.0
2015-04-01,2014-15,TOR,MIN,204.5,212,OVER,1,0.437,0.6776,0.3553,0.05,True,0.9,4.5
2015-04-02,2014-15,HOU,DAL,208.0,209,UNDER,1,-0.241,0.3989,0.2021,0,False,-1.0,0
2015-04-03,2014-15,TOR,BKN,207.0,223,OVER,1,0.286,0.6193,0.2386,0.05,True,0.9,4.5
2015-04-03,2014-15,NOP,SAC,205.0,196,OVER,1,0.286,0.6192,0.2383,0.05,False,-1.0,-5.0
2015-04-04,2014-15,BKN,ATL,203.5,230,OVER,1,0.847,0.8085,0.617,0.05,True,0.9,4.5
2015-04-04,2014-15,LAC,DEN,216.5,199,OVER,1,0.268,0.6121,0.2241,0.05,False,-1.0,-5.0
2015-04-05,2014-15,CHI,CLE,200.5,193,OVER,1,0.475,0.6914,0.3828,0.05,False,-1.0,-5.0
2015-04-05,2014-15,GSW,SAS,209.5,199,UNDER,1,-0.356,0.3532,0.2937,0,True,0.9,0.0
2015-04-07,2014-15,MIN,SAC,209.5,227,OVER,1,0.236,0.5991,0.1981,0.05,True,0.9,4.5
2015-04-07,2014-15,LAL,LAC,205.5,205,UNDER,1,-0.241,0.3989,0.2023,0,True,0.9,0.0
2015-04-08,2014-15,ATL,BKN,203.0,225,UNDER,1,-0.229,0.4038,0.1925,0,False,-1.0,0
2015-04-08,2014-15,HOU,SAS,208.5,208,OVER,1,0.341,0.641,0.282,0.05,False,-1.0,-5.0
2015-04-08,2014-15,MIN,POR,203.5,207,OVER,1,0.236,0.5991,0.1981,0.05,True,0.9,4.5
2015-04-10,2014-15,TOR,ORL,203.5,200,OVER,1,0.437,0.6776,0.3553,0.05,False,-1.0,-5.0
2015-04-10,2014-15,WAS,BKN,200.5,197,UNDER,1,-0.229,0.4038,0.1925,0,True,0.9,0.0
2015-04-10,2014-15,SAS,HOU,205.0,207,UNDER,1,-0.352,0.3547,0.2907,0,False,-1.0,0
2015-04-12,2014-15,DAL,LAL,205.0,226,UNDER,1,-0.32,0.3671,0.2658,0,False,-1.0,0
2015-04-13,2014-15,CHI,BKN,200.0,199,OVER,1,0.343,0.6419,0.2838,0.05,False,-1.0,-5.0
2015-04-13,2014-15,POR,OKC,211.0,191,OVER,1,0.275,0.6146,0.2293,0.05,False,-1.0,-5.0
2015-04-13,2014-15,DEN,LAC,215.5,213,UNDER,1,-0.677,0.2402,0.5196,0,True,0.9,0.0
2015-04-15,2014-15,SAC,LAL,205.0,221,OVER,1,0.257,0.6076,0.2152,0.05,True,0.9,4.5
2015-04-19,2014-15,BOS,CLE,203.0,213,UNDER,1,-0.666,0.2436,0.5127,0,False,-1.0,0
2015-04-21,2014-15,BOS,CLE,207.0,190,UNDER,1,-0.666,0.2436,0.5127,0,True,0.9,0.0
2015-04-21,2014-15,DAL,HOU,214.0,210,OVER,1,0.446,0.681,0.3621,0.05,False,-1.0,-5.0
2015-04-24,2014-15,LAC,SAS,205.0,173,UNDER,1,-0.356,0.3532,0.2937,0,True,0.9,0.0
2015-04-30,2014-15,LAC,SAS,205.5,198,UNDER,1,-0.356,0.3532,0.2937,0,True,0.9,0.0
2015-05-01,2014-15,ATL,BKN,200.0,198,UNDER,1,-0.229,0.4038,0.1925,0,True,0.9,0.0
2015-05-06,2014-15,LAC,HOU,213.5,224,OVER,1,0.268,0.6121,0.2241,0.05,True,0.9,4.5
2015-05-12,2014-15,LAC,HOU,219.0,227,UNDER,1,-0.285,0.3811,0.2378,0,False,-1.0,0
2015-10-28,2015-16,DEN,HOU,212.5,190,UNDER,1,-0.677,0.2402,0.5196,0,True,0.9,0.0
2015-10-28,2015-16,MIN,LAL,202.5,223,OVER,1,0.917,0.8261,0.6523,0.05,True,0.9,4.5
2015-10-30,2015-16,TOR,BOS,203.5,216,OVER,1,0.286,0.6193,0.2386,0.05,True,0.9,4.5
2015-10-30,2015-16,WAS,MIL,200.0,231,OVER,1,0.315,0.6307,0.2613,0.05,True,0.9,4.5
2015-10-30,2015-16,POR,PHX,207.5,202,UNDER,1,-0.324,0.3659,0.2683,0,True,0.9,0.0
2015-11-01,2015-16,HOU,MIA,204.5,198,UNDER,2,-0.403,0.335,0.3299,0,True,0.9,0.0
2015-11-01,2015-16,DEN,OKC,211.0,210,UNDER,1,-0.677,0.2402,0.5196,0,True,0.9,0.0
2015-11-01,2015-16,DAL,LAL,210.5,196,UNDER,1,-0.505,0.2977,0.4045,0,True,0.9,0.0
2015-11-02,2015-16,SAS,NYK,204.5,178,UNDER,1,-0.489,0.3035,0.393,0,True,0.9,0.0
2015-11-02,2015-16,POR,MIN,202.0,207,UNDER,2,-0.818,0.1993,0.6014,0,False,-1.0,0
2015-11-02,2015-16,MEM,GSW,201.0,188,UNDER,1,-0.269,0.3875,0.2249,0,True,0.9,0.0
2015-11-03,2015-16,ORL,NOP,204.5,197,UNDER,1,-0.432,0.3243,0.3514,0,True,0.9,0.0
2015-11-03,2015-16,TOR,DAL,205.5,193,OVER,1,0.286,0.6193,0.2386,0.05,False,-1.0,-5.0
2015-11-04,2015-16,LAC,GSW,218.5,220,OVER,1,0.268,0.6121,0.2241,0.05,True,0.9,4.5
2015-11-05,2015-16,OKC,CHI,208.0,202,OVER,1,0.343,0.6419,0.2838,0.05,False,-1.0,-5.0
2015-11-05,2015-16,MIA,MIN,201.0,180,UNDER,1,-0.306,0.3729,0.2541,0,True,0.9,0.0
2015-11-06,2015-16,LAL,BKN,203.0,202,UNDER,1,-0.229,0.4038,0.1925,0,True,0.9,0.0
2015-11-06,2015-16,WAS,BOS,206.0,216,OVER,1,0.315,0.6307,0.2613,0.05,True,0.9,4.5
2015-11-06,2015-16,HOU,SAC,215.0,226,OVER,1,0.204,0.586,0.1719,0.05,True,0.9,4.5
2015-11-06,2015-16,DEN,GSW,214.5,223,UNDER,1,-0.677,0.2402,0.5196,0,False,-1.0,0
2015-11-07,2015-16,WAS,ATL,204.5,213,UNDER,1,-0.345,0.3573,0.2855,0,False,-1.0,0
2015-11-08,2015-16,PHX,OKC,212.0,227,OVER,1,0.569,0.7246,0.4491,0.05,True,0.9,4.5
2015-11-09,2015-16,SAS,SAC,208.5,194,UNDER,2,-0.139,0.4413,0.1175,0,True,0.9,0.0
2015-11-11,2015-16,LAC,DAL,213.5,226,OVER,1,0.268,0.6121,0.2241,0.05,True,0.9,4.5
2015-11-11,2015-16,DET,SAC,204.5,193,OVER,1,0.328,0.6358,0.2717,0.05,False,-1.0,-5.0
2015-11-11,2015-16,SAS,POR,200.5,214,UNDER,2,-0.662,0.2449,0.5103,0,False,-1.0,0
2015-11-13,2015-16,ATL,BOS,204.5,199,OVER,1,0.439,0.6784,0.3567,0.05,False,-1.0,-5.0
2015-11-14,2015-16,ORL,WAS,204.0,207,UNDER,1,-0.432,0.3243,0.3514,0,False,-1.0,0
2015-11-15,2015-16,POR,CHA,205.0,200,UNDER,1,-0.324,0.3659,0.2683,0,True,0.9,0.0
2015-11-15,2015-16,BOS,OKC,209.0,185,UNDER,1,-1.286,0.1009,0.7981,0,True,0.9,0.0
2015-11-15,2015-16,TOR,SAC,209.5,208,OVER,2,0.434,0.6766,0.3532,0.05,False,-1.0,-5.0
2015-11-16,2015-16,DAL,PHI,201.5,178,UNDER,1,-0.32,0.3671,0.2658,0,True,0.9,0.0
2015-11-17,2015-16,TOR,GSW,208.5,225,OVER,1,0.437,0.6776,0.3553,0.05,True,0.9,4.5
2015-11-18,2015-16,POR,HOU,212.0,211,OVER,1,0.275,0.6146,0.2293,0.05,False,-1.0,-5.0
2015-11-20,2015-16,DET,MIN,201.5,182,UNDER,1,-0.306,0.3729,0.2541,0,True,0.9,0.0
2015-11-20,2015-16,NYK,OKC,207.0,183,UNDER,1,-1.286,0.1009,0.7981,0,True,0.9,0.0
2015-11-20,2015-16,SAS,NOP,200.0,194,UNDER,1,-0.489,0.3035,0.393,0,True,0.9,0.0
2015-11-20,2015-16,PHX,DEN,205.0,221,UNDER,1,-0.337,0.3607,0.2785,0,False,-1.0,0
2015-11-20,2015-16,TOR,LAL,203.5,193,OVER,1,0.437,0.6776,0.3553,0.05,False,-1.0,-5.0
2015-11-21,2015-16,SAC,ORL,206.0,188,OVER,1,0.39,0.66,0.3199,0.05,False,-1.0,-5.0
2015-11-22,2015-16,TOR,LAC,206.5,171,OVER,1,0.437,0.6776,0.3553,0.05,False,-1.0,-5.0
2015-11-22,2015-16,PHX,NOP,211.0,238,OVER,1,0.307,0.6277,0.2554,0.05,True,0.9,4.5
2015-11-22,2015-16,BOS,BKN,205.5,212,UNDER,1,-0.229,0.4038,0.1925,0,False,-1.0,0
2015-11-24,2015-16,BOS,ATL,203.0,218,UNDER,1,-0.345,0.3573,0.2855,0,False,-1.0,0
2015-11-25,2015-16,SAC,MIL,208.0,247,OVER,1,0.257,0.6076,0.2152,0.05,True,0.9,4.5
2015-11-25,2015-16,ATL,MIN,204.5,194,UNDER,1,-0.306,0.3729,0.2541,0,True,0.9,0.0
2015-11-25,2015-16,NOP,PHX,211.0,234,OVER,1,0.38,0.6561,0.3122,0.05,True,0.9,4.5
2015-11-27,2015-16,GSW,PHX,215.0,251,OVER,1,0.382,0.6569,0.3139,0.05,True,0.9,4.5
2015-11-28,2015-16,TOR,WAS,207.5,166,OVER,1,0.286,0.6193,0.2386,0.05,False,-1.0,-5.0
2015-11-28,2015-16,LAL,POR,203.0,204,UNDER,1,-0.459,0.3141,0.3718,0,False,-1.0,0
2015-12-01,2015-16,WAS,CLE,202.5,182,OVER,1,0.475,0.6914,0.3828,0.05,False,-1.0,-5.0
2015-12-01,2015-16,PHX,BKN,207.0,185,UNDER,1,-0.229,0.4038,0.1925,0,True,0.9,0.0
2015-12-01,2015-16,ORL,MIN,200.0,189,OVER,2,0.019,0.5081,0.0162,0,False,-1.0,0
2015-12-02,2015-16,IND,LAC,202.5,194,UNDER,1,-0.239,0.3996,0.2008,0,True,0.9,0.0
2015-12-03,2015-16,OKC,MIA,200.5,192,UNDER,1,-0.341,0.3591,0.2817,0,True,0.9,0.0
2015-12-03,2015-16,IND,POR,201.5,234,UNDER,1,-0.239,0.3996,0.2008,0,False,-1.0,0
2015-12-04,2015-16,PHX,WAS,210.5,215,UNDER,1,-0.677,0.2404,0.5191,0,False,-1.0,0
2015-12-04,2015-16,HOU,DAL,207.0,196,OVER,1,0.341,0.641,0.282,0.05,False,-1.0,-5.0
2015-12-05,2015-16,POR,MIN,204.0,212,UNDER,1,-0.306,0.3729,0.2541,0,False,-1.0,0
2015-12-06,2015-16,SAC,OKC,221.5,193,UNDER,1,-0.689,0.2367,0.5266,0,True,0.9,0.0
2015-12-07,2015-16,BOS,NOP,216.0,204,OVER,1,0.307,0.6277,0.2554,0.05,False,-1.0,-5.0
2015-12-07,2015-16,LAC,MIN,201.5,216,UNDER,1,-0.306,0.3729,0.2541,0,False,-1.0,0
2015-12-08,2015-16,GSW,IND,213.0,254,OVER,1,1.016,0.849,0.6981,0.05,True,0.9,4.5
2015-12-08,2015-16,POR,CLE,200.0,205,OVER,1,0.475,0.6914,0.3828,0.05,True,0.9,4.5
2015-12-08,2015-16,HOU,BKN,206.5,215,UNDER,1,-0.229,0.4038,0.1925,0,False,-1.0,0
2015-12-08,2015-16,UTA,SAC,205.5,220,OVER,1,0.328,0.6358,0.2717,0.05,True,0.9,4.5
2015-12-09,2015-16,HOU,WAS,214.5,212,UNDER,1,-0.677,0.2404,0.5191,0,True,0.9,0.0
2015-12-10,2015-16,LAC,CHI,201.0,163,OVER,1,0.343,0.6419,0.2838,0.05,False,-1.0,-5.0
2015-12-11,2015-16,GSW,BOS,216.5,243,OVER,1,0.382,0.6569,0.3139,0.05,True,0.9,4.5
2015-12-11,2015-16,WAS,NOP,216.0,212,OVER,1,0.307,0.6277,0.2554,0.05,False,-1.0,-5.0
2015-12-11,2015-16,OKC,UTA,204.0,184,UNDER,1,-0.201,0.4154,0.1693,0,True,0.9,0.0
2015-12-11,2015-16,POR,PHX,209.0,202,UNDER,1,-0.324,0.3659,0.2683,0,True,0.9,0.0
2015-12-12,2015-16,LAC,BKN,203.0,205,UNDER,1,-0.229,0.4038,0.1925,0,False,-1.0,0
2015-12-12,2015-16,IND,DET,201.0,214,UNDER,1,-0.239,0.3996,0.2008,0,False,-1.0,0
2015-12-16,2015-16,MIN,NYK,200.0,209,OVER,1,0.431,0.6755,0.3509,0.05,True,0.9,4.5
2015-12-16,2015-16,NOP,UTA,203.0,198,UNDER,1,-0.201,0.4154,0.1693,0,True,0.9,0.0
2015-12-16,2015-16,MIL,LAC,201.5,193,UNDER,1,-0.241,0.3989,0.2023,0,True,0.9,0.0
2015-12-16,2015-16,PHX,GSW,220.0,231,OVER,1,0.425,0.6733,0.3465,0.05,True,0.9,4.5
2015-12-19,2015-16,IND,MEM,202.5,180,UNDER,1,-0.239,0.3996,0.2008,0,True,0.9,0.0
2015-12-19,2015-16,LAC,HOU,213.0,204,UNDER,1,-0.285,0.3811,0.2378,0,True,0.9,0.0
2015-12-20,2015-16,SAC,TOR,207.0,198,OVER,1,0.257,0.6076,0.2152,0.05,False,-1.0,-5.0
2015-12-21,2015-16,SAC,WAS,216.5,212,UNDER,1,-0.677,0.2404,0.5191,0,True,0.9,0.0
2015-12-21,2015-16,CHA,HOU,209.0,197,UNDER,1,-0.352,0.3547,0.2907,0,True,0.9,0.0
2015-12-21,2015-16,PHX,UTA,200.5,199,UNDER,1,-0.201,0.4154,0.1693,0,True,0.9,0.0
2015-12-23,2015-16,HOU,ORL,208.0,205,UNDER,1,-0.241,0.3989,0.2021,0,True,0.9,0.0
2015-12-23,2015-16,DET,ATL,202.0,207,UNDER,1,-0.345,0.3573,0.2855,0,False,-1.0,0
2015-12-25,2015-16,NOP,MIA,200.0,182,OVER,1,0.218,0.5917,0.1834,0.05,False,-1.0,-5.0
2015-12-25,2015-16,SAS,HOU,200.5,172,UNDER,1,-0.489,0.3035,0.393,0,True,0.9,0.0
2015-12-25,2015-16,LAC,LAL,207.0,178,UNDER,1,-0.344,0.3579,0.2842,0,True,0.9,0.0
2015-12-26,2015-16,WAS,BKN,206.5,207,OVER,1,0.315,0.6307,0.2613,0.05,True,0.9,4.5
2015-12-26,2015-16,HOU,NOP,213.5,218,OVER,1,0.307,0.6277,0.2554,0.05,True,0.9,4.5
2015-12-26,2015-16,IND,MIN,207.0,190,UNDER,1,-0.802,0.2038,0.5924,0,True,0.9,0.0
2015-12-27,2015-16,POR,SAC,208.0,192,OVER,1,0.286,0.6192,0.2383,0.05,False,-1.0,-5.0
2015-12-28,2015-16,SAC,GSW,223.0,225,UNDER,1,-0.689,0.2367,0.5266,0,False,-1.0,0
2015-12-30,2015-16,LAL,BOS,206.0,216,OVER,1,0.328,0.6358,0.2715,0.05,True,0.9,4.5
2015-12-30,2015-16,IND,CHI,201.0,202,OVER,2,0.042,0.5179,0.0358,0,True,0.9,0.0
2015-12-30,2015-16,DEN,POR,201.5,213,UNDER,1,-0.459,0.3141,0.3718,0,False,-1.0,0
2016-01-01,2015-16,ORL,WAS,204.5,194,OVER,1,0.358,0.6475,0.2949,0.05,False,-1.0,-5.0
2016-01-02,2015-16,PHX,SAC,216.0,261,OVER,1,0.569,0.7246,0.4491,0.05,True,0.9,4.5
2016-01-02,2015-16,MIL,MIN,200.5,180,UNDER,1,-0.306,0.3729,0.2541,0,True,0.9,0.0
2016-01-02,2015-16,DEN,GSW,215.0,219,UNDER,1,-0.677,0.2402,0.5196,0,False,-1.0,0
2016-01-02,2015-16,PHI,LAC,208.5,229,UNDER,1,-0.241,0.3989,0.2023,0,False,-1.0,0
2016-01-03,2015-16,PHX,LAL,208.5,174,UNDER,1,-0.337,0.3607,0.2785,0,True,0.9,0.0
2016-01-04,2015-16,BOS,BKN,201.5,197,UNDER,1,-0.229,0.4038,0.1925,0,True,0.9,0.0
2016-01-04,2015-16,HOU,UTA,200.5,184,UNDER,1,-0.241,0.3989,0.2021,0,True,0.9,0.0
2016-01-08,2015-16,TOR,WAS,200.5,185,OVER,1,0.286,0.6193,0.2386,0.05,False,-1.0,-5.0
2016-01-08,2015-16,IND,NOP,206.0,177,UNDER,1,-0.239,0.3996,0.2008,0,True,0.9,0.0
2016-01-08,2015-16,GSW,POR,214.5,236,OVER,2,0.464,0.6874,0.3748,0.05,True,0.9,4.5
2016-01-09,2015-16,CHI,ATL,206.5,225,OVER,1,0.439,0.6784,0.3567,0.05,True,0.9,4.5
2016-01-09,2015-16,WAS,ORL,201.0,204,OVER,1,0.315,0.6307,0.2613,0.05,True,0.9,4.5
2016-01-09,2015-16,TOR,PHI,203.5,203,OVER,1,0.437,0.6776,0.3553,0.05,False,-1.0,-5.0
2016-01-10,2015-16,IND,HOU,205.5,210,UNDER,2,-0.42,0.3288,0.3424,0,False,-1.0,0
2016-01-10,2015-16,OKC,POR,213.5,225,OVER,1,0.272,0.6137,0.2273,0.05,True,0.9,4.5
2016-01-13,2015-16,IND,BOS,202.5,197,UNDER,1,-0.239,0.3996,0.2008,0,True,0.9,0.0
2016-01-13,2015-16,MIN,HOU,206.5,211,OVER,1,0.236,0.5991,0.1981,0.05,True,0.9,4.5
2016-01-14,2015-16,SAC,UTA,202.0,204,OVER,1,0.39,0.66,0.3199,0.05,True,0.9,4.5
2016-01-15,2015-16,MIN,OKC,207.0,206,OVER,1,0.236,0.5991,0.1981,0.05,False,-1.0,-5.0
2016-01-15,2015-16,DAL,CHI,202.0,160,OVER,1,0.343,0.6419,0.2838,0.05,False,-1.0,-5.0
2016-01-16,2015-16,POR,PHI,207.5,203,UNDER,1,-0.324,0.3659,0.2683,0,True,0.9,0.0
2016-01-16,2015-16,GSW,DET,214.0,208,UNDER,1,-0.308,0.372,0.2561,0,True,0.9,0.0
2016-01-17,2015-16,PHX,MIN,206.0,204,UNDER,2,-0.453,0.3163,0.3674,0,True,0.9,0.0
2016-01-17,2015-16,HOU,LAL,208.0,207,OVER,1,0.341,0.641,0.282,0.05,False,-1.0,-5.0
2016-01-18,2015-16,HOU,LAC,208.0,272,OVER,1,0.341,0.641,0.282,0.05,True,0.9,4.5
2016-01-20,2015-16,CHA,OKC,207.5,204,UNDER,1,-0.301,0.3747,0.2506,0,True,0.9,0.0
2016-01-24,2015-16,DAL,HOU,208.0,219,UNDER,1,-0.352,0.3547,0.2907,0,False,-1.0,0
2016-01-25,2015-16,BOS,WAS,212.5,207,UNDER,1,-0.677,0.2404,0.5191,0,True,0.9,0.0
2016-01-25,2015-16,HOU,NOP,215.0,223,OVER,1,0.204,0.586,0.1719,0.05,True,0.9,4.5
2016-01-26,2015-16,LAC,IND,208.5,180,UNDER,1,-0.239,0.3996,0.2008,0,True,0.9,0.0
2016-01-26,2015-16,PHX,PHI,206.0,216,UNDER,1,-0.337,0.3607,0.2785,0,False,-1.0,0
2016-01-26,2015-16,DAL,LAL,201.5,182,UNDER,1,-0.32,0.3671,0.2658,0,True,0.9,0.0
2016-01-27,2015-16,HOU,SAS,206.5,229,OVER,1,0.341,0.641,0.282,0.05,True,0.9,4.5
2016-01-27,2015-16,LAC,ATL,209.0,168,UNDER,1,-0.345,0.3573,0.2855,0,True,0.9,0.0
2016-01-28,2015-16,SAC,NOP,216.0,219,OVER,1,0.307,0.6277,0.2554,0.05,True,0.9,4.5
2016-01-28,2015-16,CHI,LAL,201.5,205,UNDER,1,-0.41,0.3326,0.3347,0,False,-1.0,0
2016-01-29,2015-16,LAL,LAC,204.5,198,UNDER,1,-0.241,0.3989,0.2023,0,True,0.9,0.0
2016-01-30,2015-16,SAC,MEM,204.0,238,OVER,1,0.257,0.6076,0.2152,0.05,True,0.9,4.5
2016-01-31,2015-16,MIN,POR,206.5,189,UNDER,1,-0.459,0.3141,0.3718,0,True,0.9,0.0
2016-02-01,2015-16,DAL,ATL,200.0,209,UNDER,1,-0.32,0.3671,0.2658,0,False,-1.0,0
2016-02-01,2015-16,MIL,SAC,214.0,215,UNDER,1,-0.44,0.3213,0.3574,0,False,-1.0,0
2016-02-02,2015-16,MIL,POR,204.5,202,UNDER,1,-0.459,0.3141,0.3718,0,True,0.9,0.0
2016-02-03,2015-16,MIN,LAC,207.0,210,UNDER,2,-0.015,0.4938,0.0124,0,False,-1.0,0
2016-02-04,2015-16,TOR,POR,203.0,213,OVER,1,0.286,0.6193,0.2386,0.05,True,0.9,4.5
2016-02-04,2015-16,HOU,PHX,214.0,216,OVER,1,0.505,0.7023,0.4047,0.05,True,0.9,4.5
2016-02-05,2015-16,IND,ATL,204.5,198,UNDER,1,-0.345,0.3573,0.2855,0,True,0.9,0.0
2016-02-05,2015-16,CHI,DEN,204.5,225,OVER,1,0.343,0.6419,0.2838,0.05,True,0.9,4.5
2016-02-06,2015-16,CHI,MIN,204.0,217,UNDER,1,-0.802,0.2038,0.5924,0,False,-1.0,0
2016-02-08,2015-16,TOR,DET,205.0,192,OVER,1,0.286,0.6193,0.2386,0.05,False,-1.0,-5.0
2016-02-08,2015-16,NOP,MIN,210.0,218,OVER,1,0.447,0.6814,0.3628,0.05,True,0.9,4.5
2016-02-09,2015-16,WAS,NYK,207.0,219,OVER,1,0.315,0.6307,0.2613,0.05,True,0.9,4.5
2016-02-10,2015-16,SAS,ORL,202.0,194,UNDER,1,-0.489,0.3035,0.393,0,True,0.9,0.0
2016-02-10,2015-16,DEN,DET,210.0,195,UNDER,1,-0.308,0.372,0.2561,0,True,0.9,0.0
2016-02-10,2015-16,TOR,MIN,208.0,229,OVER,1,0.437,0.6776,0.3553,0.05,True,0.9,4.5
2016-02-10,2015-16,HOU,POR,216.5,219,OVER,1,0.204,0.586,0.1719,0.05,True,0.9,4.5
2016-02-19,2015-16,DET,WAS,211.5,184,UNDER,1,-0.286,0.3807,0.2386,0,True,0.9,0.0
2016-02-19,2015-16,NYK,BKN,201.0,207,UNDER,1,-0.229,0.4038,0.1925,0,False,-1.0,0
2016-02-19,2015-16,MIN,MEM,202.0,213,OVER,1,0.917,0.8261,0.6523,0.05,True,0.9,4.5
2016-02-19,2015-16,DEN,SAC,218.0,226,OVER,1,0.188,0.5792,0.1583,0.05,True,0.9,4.5
2016-02-19,2015-16,GSW,POR,220.0,242,OVER,1,0.446,0.681,0.362,0.05,True,0.9,4.5
2016-02-20,2015-16,NYK,MIN,204.5,198,UNDER,1,-0.306,0.3729,0.2541,0,True,0.9,0.0
2016-02-21,2015-16,BOS,DEN,213.0,222,OVER,1,0.241,0.601,0.2021,0.05,True,0.9,4.5
2016-02-21,2015-16,MEM,TOR,202.0,183,UNDER,1,-0.269,0.3875,0.2249,0,True,0.9,0.0
2016-02-22,2015-16,PHX,LAC,209.0,208,UNDER,1,-0.241,0.3989,0.2023,0,True,0.9,0.0
2016-02-23,2015-16,HOU,UTA,200.5,231,UNDER,1,-0.201,0.4154,0.1693,0,False,-1.0,0
2016-02-24,2015-16,MIN,TOR,212.0,219,OVER,1,0.23,0.5964,0.1928,0.05,True,0.9,4.5
2016-02-24,2015-16,OKC,DAL,216.0,219,UNDER,1,-0.695,0.2346,0.5307,0,False,-1.0,0
2016-02-24,2015-16,DEN,LAC,213.5,168,UNDER,1,-0.677,0.2402,0.5196,0,True,0.9,0.0
2016-02-26,2015-16,ORL,NYK,205.5,203,OVER,1,0.358,0.6475,0.2949,0.05,False,-1.0,-5.0
2016-02-26,2015-16,CHI,ATL,208.0,191,OVER,1,0.847,0.8085,0.617,0.05,False,-1.0,-5.0
2016-02-26,2015-16,LAC,SAC,219.5,224,UNDER,1,-0.285,0.3811,0.2378,0,False,-1.0,0
2016-02-27,2015-16,POR,CHI,209.5,198,UNDER,1,-0.324,0.3659,0.2683,0,True,0.9,0.0
2016-02-27,2015-16,MEM,PHX,208.0,217,UNDER,1,-0.269,0.3875,0.2249,0,False,-1.0,0
2016-02-28,2015-16,CHA,ATL,204.0,163,UNDER,1,-0.345,0.3573,0.2855,0,True,0.9,0.0
2016-02-28,2015-16,TOR,DET,204.5,215,OVER,1,0.286,0.6193,0.2386,0.05,True,0.9,4.5
2016-02-28,2015-16,MIN,DAL,214.0,229,OVER,1,0.23,0.5964,0.1928,0.05,True,0.9,4.5
2016-03-01,2015-16,POR,NYK,207.5,189,UNDER,1,-0.324,0.3659,0.2683,0,True,0.9,0.0
2016-03-01,2015-16,BKN,LAL,213.5,208,UNDER,1,-0.505,0.2977,0.4045,0,True,0.9,0.0
2016-03-01,2015-16,ATL,GSW,220.0,214,UNDER,1,-0.348,0.3563,0.2875,0,True,0.9,0.0
2016-03-02,2015-16,IND,MIL,204.0,203,UNDER,1,-0.239,0.3996,0.2008,0,True,0.9,0.0
2016-03-03,2015-16,SAS,NOP,208.5,180,UNDER,1,-0.489,0.3035,0.393,0,True,0.9,0.0
2016-03-04,2015-16,POR,TOR,208.0,232,UNDER,1,-0.324,0.3659,0.2683,0,False,-1.0,0
2016-03-04,2015-16,NYK,BOS,210.0,209,OVER,1,0.714,0.7709,0.5417,0.05,False,-1.0,-5.0
2016-03-04,2015-16,WAS,CLE,209.0,191,OVER,1,0.475,0.6914,0.3828,0.05,False,-1.0,-5.0
2016-03-04,2015-16,ATL,LAL,209.0,183,UNDER,1,-0.41,0.3326,0.3347,0,True,0.9,0.0
2016-03-05,2015-16,IND,WAS,208.0,199,UNDER,1,-0.239,0.3996,0.2008,0,True,0.9,0.0
2016-03-07,2015-16,MIN,CHA,213.0,211,OVER,1,0.23,0.5964,0.1928,0.05,False,-1.0,-5.0
2016-03-07,2015-16,SAC,NOP,223.0,227,OVER,1,0.454,0.6838,0.3675,0.05,True,0.9,4.5
2016-03-08,2015-16,ORL,LAL,213.5,205,UNDER,2,-0.633,0.2544,0.4913,0,True,0.9,0.0
2016-03-09,2015-16,MEM,BOS,208.5,212,OVER,1,0.328,0.6358,0.2715,0.05,True,0.9,4.5
2016-03-10,2015-16,CLE,LAL,210.0,228,OVER,1,0.415,0.6695,0.3391,0.05,True,0.9,4.5
2016-03-11,2015-16,MIA,CHI,202.5,214,OVER,1,0.343,0.6419,0.2838,0.05,True,0.9,4.5
2016-03-11,2015-16,NYK,LAC,204.5,195,UNDER,1,-0.241,0.3989,0.2023,0,True,0.9,0.0
2016-03-12,2015-16,IND,DAL,204.0,217,UNDER,1,-0.239,0.3996,0.2008,0,False,-1.0,0
2016-03-12,2015-16,HOU,CHA,215.5,234,OVER,1,0.204,0.586,0.1719,0.05,True,0.9,4.5
2016-03-12,2015-16,OKC,SAS,213.0,178,UNDER,1,-0.496,0.3009,0.3981,0,True,0.9,0.0
2016-03-12,2015-16,ORL,POR,215.5,205,OVER,1,0.272,0.6137,0.2273,0.05,False,-1.0,-5.0
2016-03-12,2015-16,PHX,GSW,226.5,239,UNDER,1,-0.434,0.3235,0.3531,0,False,-1.0,0
2016-03-13,2015-16,UTA,SAC,205.0,207,OVER,1,0.328,0.6358,0.2717,0.05,True,0.9,4.5
2016-03-15,2015-16,DEN,ORL,212.0,226,OVER,1,0.188,0.5792,0.1583,0.05,True,0.9,4.5
2016-03-16,2015-16,DAL,CLE,207.5,197,UNDER,1,-0.32,0.3671,0.2658,0,True,0.9,0.0
2016-03-16,2015-16,LAC,HOU,215.0,228,UNDER,1,-0.285,0.3811,0.2378,0,False,-1.0,0
2016-03-17,2015-16,TOR,IND,203.5,195,OVER,1,0.286,0.6193,0.2386,0.05,False,-1.0,-5.0
2016-03-17,2015-16,CHA,MIA,207.5,215,OVER,1,0.218,0.5917,0.1834,0.05,True,0.9,4.5
2016-03-17,2015-16,DEN,ATL,206.5,214,OVER,1,0.847,0.8085,0.617,0.05,True,0.9,4.5
2016-03-18,2015-16,SAC,DET,216.5,223,UNDER,1,-0.308,0.372,0.2561,0,False,-1.0,0
2016-03-18,2015-16,POR,NOP,216.5,229,OVER,1,0.307,0.6277,0.2554,0.05,True,0.9,4.5
2016-03-19,2015-16,BKN,DET,211.0,218,UNDER,1,-0.308,0.372,0.2561,0,False,-1.0,0
2016-03-19,2015-16,CLE,MIA,209.0,223,OVER,1,0.218,0.5917,0.1834,0.05,True,0.9,4.5
2016-03-19,2015-16,LAC,MEM,201.0,215,UNDER,1,-0.344,0.3579,0.2842,0,False,-1.0,0
2016-03-20,2015-16,LAC,NOP,212.5,214,OVER,1,0.268,0.6121,0.2241,0.05,True,0.9,4.5
2016-03-21,2015-16,DEN,CLE,214.5,215,UNDER,1,-0.677,0.2402,0.5196,0,False,-1.0,0
2016-03-21,2015-16,SAS,CHA,201.0,179,UNDER,1,-0.489,0.3035,0.393,0,True,0.9,0.0
2016-03-25,2015-16,MIN,WAS,218.5,261,OVER,1,0.23,0.5964,0.1928,0.05,True,0.9,4.5
2016-03-25,2015-16,DEN,LAL,215.5,221,UNDER,1,-0.505,0.2977,0.4045,0,False,-1.0,0
2016-03-26,2015-16,IND,BKN,203.5,230,UNDER,1,-0.229,0.4038,0.1925,0,False,-1.0,0
2016-03-26,2015-16,TOR,NOP,204.5,206,OVER,1,0.437,0.6776,0.3553,0.05,True,0.9,4.5
2016-03-28,2015-16,SAC,POR,220.0,198,UNDER,1,-0.689,0.2367,0.5266,0,True,0.9,0.0
2016-03-30,2015-16,GSW,UTA,205.0,199,UNDER,1,-0.201,0.4154,0.1693,0,True,0.9,0.0
2016-03-31,2015-16,DEN,NOP,210.0,196,OVER,1,0.188,0.5792,0.1583,0.05,False,-1.0,-5.0
2016-03-31,2015-16,LAC,OKC,214.0,236,OVER,1,0.268,0.6121,0.2241,0.05,True,0.9,4.5
2016-04-01,2015-16,CLE,ATL,206.5,218,OVER,1,0.439,0.6784,0.3567,0.05,True,0.9,4.5
2016-04-01,2015-16,ORL,MIL,206.5,223,OVER,1,0.358,0.6475,0.2949,0.05,True,0.9,4.5
2016-04-02,2015-16,DET,CHI,205.5,184,OVER,1,0.343,0.6419,0.2838,0.05,False,-1.0,-5.0
2016-04-02,2015-16,MIA,POR,208.5,203,UNDER,1,-0.459,0.3141,0.3718,0,True,0.9,0.0
2016-04-03,2015-16,NOP,BKN,204.5,193,UNDER,1,-0.229,0.4038,0.1925,0,True,0.9,0.0
2016-04-03,2015-16,DAL,MIN,208.0,166,UNDER,1,-0.306,0.3729,0.2541,0,True,0.9,0.0
2016-04-05,2015-16,DET,MIA,204.0,196,OVER,1,0.218,0.5917,0.1834,0.05,False,-1.0,-5.0
2016-04-05,2015-16,LAL,LAC,208.5,184,UNDER,1,-0.241,0.3989,0.2023,0,True,0.9,0.0
2016-04-06,2015-16,NOP,BOS,206.0,201,OVER,1,0.328,0.6358,0.2715,0.05,False,-1.0,-5.0
2016-04-06,2015-16,HOU,DAL,209.0,174,UNDER,1,-0.241,0.3989,0.2021,0,True,0.9,0.0
2016-04-06,2015-16,LAC,LAL,207.0,172,UNDER,1,-0.344,0.3579,0.2842,0,True,0.9,0.0
2016-04-07,2015-16,CHI,MIA,206.0,204,OVER,1,0.218,0.5917,0.1834,0.05,False,-1.0,-5.0
2016-04-09,2015-16,PHX,NOP,207.5,221,UNDER,1,-0.337,0.3607,0.2785,0,False,-1.0,0
2016-04-09,2015-16,BOS,ATL,201.0,225,UNDER,1,-0.345,0.3573,0.2855,0,False,-1.0,0
2016-04-09,2015-16,MIN,POR,215.5,211,OVER,2,0.354,0.6462,0.2924,0.05,False,-1.0,-5.0
2016-04-10,2015-16,GSW,SAS,207.0,178,UNDER,1,-0.356,0.3532,0.2937,0,True,0.9,0.0
2016-04-11,2015-16,WAS,BKN,208.5,231,UNDER,1,-0.229,0.4038,0.1925,0,False,-1.0,0
2016-04-11,2015-16,HOU,MIN,216.5,234,OVER,1,0.204,0.586,0.1719,0.05,True,0.9,4.5
2016-04-13,2015-16,SAC,HOU,221.0,197,UNDER,2,-0.259,0.3918,0.2164,0,True,0.9,0.0
2016-04-13,2015-16,TOR,BKN,203.5,199,UNDER,1,-0.229,0.4038,0.1925,0,True,0.9,0.0
2016-04-13,2015-16,MEM,GSW,213.5,229,OVER,1,0.341,0.641,0.2821,0.05,True,0.9,4.5
2016-04-13,2015-16,DEN,POR,214.0,206,OVER,1,0.272,0.6137,0.2273,0.05,False,-1.0,-5.0
2016-04-16,2015-16,HOU,GSW,225.0,182,OVER,1,0.384,0.6577,0.3153,0.05,False,-1.0,-5.0
2016-04-16,2015-16,BOS,ATL,204.5,203,UNDER,1,-0.345,0.3573,0.2855,0,True,0.9,0.0
2016-04-17,2015-16,CHA,MIA,202.5,214,OVER,1,0.218,0.5917,0.1834,0.05,True,0.9,4.5
2016-04-20,2015-16,CHA,MIA,203.0,218,OVER,1,0.218,0.5917,0.1834,0.05,True,0.9,4.5
2016-04-20,2015-16,POR,LAC,206.0,183,UNDER,1,-0.324,0.3659,0.2683,0,True,0.9,0.0
2016-04-21,2015-16,GSW,HOU,217.0,193,OVER,2,0.587,0.7306,0.4613,0.05,False,-1.0,-5.0
2016-04-24,2015-16,GSW,HOU,216.0,215,OVER,2,0.587,0.7306,0.4613,0.05,False,-1.0,-5.0
2016-05-01,2015-16,POR,GSW,212.0,224,OVER,1,0.275,0.6146,0.2293,0.05,True,0.9,4.5
2016-05-02,2015-16,ATL,CLE,200.5,197,OVER,1,0.475,0.6914,0.3828,0.05,False,-1.0,-5.0
2016-05-03,2015-16,POR,GSW,213.5,209,OVER,1,0.275,0.6146,0.2293,0.05,False,-1.0,-5.0
2016-05-08,2015-16,CLE,ATL,201.0,199,UNDER,1,-0.345,0.3573,0.2855,0,True,0.9,0.0
2016-05-22,2015-16,GSW,OKC,219.0,238,OVER,1,0.382,0.6569,0.3139,0.05,True,0.9,4.5
2016-05-24,2015-16,GSW,OKC,221.5,212,UNDER,1,-0.481,0.3064,0.3872,0,True,0.9,0.0
2016-10-25,2016-17,NYK,CLE,205.5,205,OVER,1,0.475,0.6914,0.3828,0.05,False,-1.0,-5.0
2016-10-26,2016-17,BKN,BOS,209.0,239,OVER,1,0.328,0.6358,0.2715,0.05,True,0.9,4.5
2016-10-26,2016-17,SAC,PHX,210.0,207,OVER,1,0.38,0.6561,0.3122,0.05,False,-1.0,-5.0
2016-10-27,2016-17,WAS,ATL,203.5,213,OVER,2,0.534,0.7126,0.4253,0.05,True,0.9,4.5
2016-10-27,2016-17,SAS,SAC,206.0,196,UNDER,2,-0.139,0.4413,0.1175,0,True,0.9,0.0
2016-10-28,2016-17,GSW,NOP,217.0,236,OVER,1,0.382,0.6569,0.3139,0.05,True,0.9,4.5
2016-10-29,2016-17,MIN,SAC,203.5,209,OVER,1,0.328,0.6358,0.2717,0.05,True,0.9,4.5
2016-10-30,2016-17,WAS,MEM,202.5,215,OVER,1,0.315,0.6307,0.2613,0.05,True,0.9,4.5
2016-10-31,2016-17,PHX,LAC,207.0,214,UNDER,1,-0.241,0.3989,0.2023,0,False,-1.0,0
2016-11-01,2016-17,LAL,IND,216.0,223,OVER,1,1.016,0.849,0.6981,0.05,True,0.9,4.5
2016-11-01,2016-17,SAC,MIA,201.0,204,OVER,2,0.333,0.6379,0.2758,0.05,True,0.9,4.5
2016-11-02,2016-17,TOR,WAS,203.0,216,OVER,1,0.286,0.6193,0.2386,0.05,True,0.9,4.5
2016-11-02,2016-17,DET,BKN,204.5,210,UNDER,1,-0.229,0.4038,0.1925,0,False,-1.0,0
2016-11-03,2016-17,SAC,ORL,202.0,196,OVER,1,0.39,0.66,0.3199,0.05,False,-1.0,-5.0
2016-11-04,2016-17,CHA,BKN,206.0,194,UNDER,1,-0.229,0.4038,0.1925,0,True,0.9,0.0
2016-11-05,2016-17,WAS,ORL,205.0,174,OVER,1,0.315,0.6307,0.2613,0.05,False,-1.0,-5.0
2016-11-05,2016-17,HOU,ATL,217.0,209,OVER,1,0.204,0.586,0.1719,0.05,False,-1.0,-5.0
2016-11-05,2016-17,SAC,MIL,203.0,208,OVER,1,0.39,0.66,0.3199,0.05,True,0.9,4.5
2016-11-07,2016-17,HOU,WAS,219.0,220,UNDER,1,-0.677,0.2404,0.5191,0,False,-1.0,0
2016-11-08,2016-17,ATL,CLE,205.0,216,OVER,1,0.475,0.6914,0.3828,0.05,True,0.9,4.5
2016-11-08,2016-17,MIN,BKN,204.0,229,OVER,2,0.558,0.7207,0.4414,0.05,True,0.9,4.5
2016-11-08,2016-17,PHX,POR,215.5,245,OVER,1,0.272,0.6137,0.2273,0.05,True,0.9,4.5
2016-11-09,2016-17,MIN,ORL,200.0,230,OVER,1,0.358,0.6475,0.2949,0.05,True,0.9,4.5
2016-11-09,2016-17,BOS,WAS,214.0,211,UNDER,1,-0.677,0.2404,0.5191,0,True,0.9,0.0
2016-11-09,2016-17,CHI,ATL,203.0,222,UNDER,1,-0.345,0.3573,0.2855,0,False,-1.0,0
2016-11-09,2016-17,HOU,SAS,212.5,200,UNDER,1,-0.496,0.3009,0.3981,0,True,0.9,0.0
2016-11-12,2016-17,LAL,NOP,213.0,225,OVER,2,0.416,0.6696,0.3392,0.05,True,0.9,4.5
2016-11-12,2016-17,SAS,HOU,209.5,206,UNDER,1,-0.352,0.3547,0.2907,0,True,0.9,0.0
2016-11-12,2016-17,BKN,PHX,217.5,226,OVER,1,0.38,0.6561,0.3122,0.05,True,0.9,4.5
2016-11-13,2016-17,PHX,GSW,230.0,253,OVER,1,0.431,0.6755,0.351,0.05,True,0.9,4.5
2016-11-15,2016-17,TOR,CLE,207.0,238,OVER,1,0.437,0.6776,0.3553,0.05,True,0.9,4.5
2016-11-15,2016-17,CHA,MIN,206.0,223,UNDER,1,-0.306,0.3729,0.2541,0,False,-1.0,0
2016-11-16,2016-17,DAL,BOS,204.5,173,UNDER,1,-0.32,0.3671,0.2658,0,True,0.9,0.0
2016-11-16,2016-17,GSW,TOR,219.0,248,UNDER,1,-0.228,0.4042,0.1916,0,False,-1.0,0
2016-11-16,2016-17,PHX,DEN,218.5,224,OVER,1,0.241,0.601,0.2021,0.05,True,0.9,4.5
2016-11-16,2016-17,MEM,LAC,202.5,218,UNDER,1,-0.241,0.3989,0.2023,0,False,-1.0,0
2016-11-18,2016-17,GSW,BOS,225.0,192,OVER,1,0.368,0.6515,0.303,0.05,False,-1.0,-5.0
2016-11-18,2016-17,POR,NOP,214.5,214,OVER,1,0.307,0.6277,0.2554,0.05,False,-1.0,-5.0
2016-11-18,2016-17,TOR,DEN,216.0,224,OVER,1,0.241,0.601,0.2021,0.05,True,0.9,4.5
2016-11-18,2016-17,LAC,SAC,204.5,236,OVER,1,0.286,0.6192,0.2383,0.05,True,0.9,4.5
2016-11-20,2016-17,ATL,NYK,210.0,198,UNDER,1,-0.466,0.3119,0.3763,0,True,0.9,0.0
2016-11-21,2016-17,HOU,DET,204.0,195,UNDER,1,-0.241,0.3989,0.2021,0,True,0.9,0.0
2016-11-23,2016-17,POR,CLE,218.5,262,OVER,1,0.419,0.6708,0.3415,0.05,True,0.9,4.5
2016-11-23,2016-17,MIN,NOP,210.0,213,OVER,1,0.472,0.6904,0.3808,0.05,True,0.9,4.5
2016-11-23,2016-17,OKC,SAC,208.0,217,OVER,1,0.328,0.6358,0.2717,0.05,True,0.9,4.5
2016-11-25,2016-17,WAS,ORL,201.0,185,OVER,1,0.315,0.6307,0.2613,0.05,False,-1.0,-5.0
2016-11-25,2016-17,MIN,PHX,216.0,183,OVER,1,0.472,0.6904,0.3808,0.05,False,-1.0,-5.0
2016-11-25,2016-17,HOU,SAC,216.0,221,OVER,1,0.204,0.586,0.1719,0.05,True,0.9,4.5
2016-11-27,2016-17,LAC,IND,207.5,161,UNDER,1,-0.344,0.3579,0.2842,0,True,0.9,0.0
2016-11-29,2016-17,HOU,UTA,204.0,221,UNDER,1,-0.241,0.3989,0.2021,0,False,-1.0,0
2016-11-30,2016-17,IND,POR,215.0,240,OVER,1,0.272,0.6137,0.2273,0.05,True,0.9,4.5
2016-12-01,2016-17,MIL,BKN,216.5,204,UNDER,1,-0.44,0.3213,0.3574,0,True,0.9,0.0
2016-12-01,2016-17,LAC,CLE,215.5,207,UNDER,1,-0.242,0.3985,0.2029,0,True,0.9,0.0
2016-12-01,2016-17,HOU,GSW,230.0,259,OVER,1,0.304,0.6262,0.2525,0.05,True,0.9,4.5
2016-12-02,2016-17,HOU,DEN,222.0,238,OVER,1,0.545,0.7163,0.4327,0.05,True,0.9,4.5
2016-12-03,2016-17,MIA,POR,214.5,191,UNDER,2,-0.093,0.4607,0.0786,0,True,0.9,0.0
2016-12-03,2016-17,PHX,GSW,228.5,247,UNDER,1,-0.434,0.3235,0.3531,0,False,-1.0,0
2016-12-04,2016-17,IND,LAC,204.0,213,UNDER,1,-0.241,0.3989,0.2023,0,False,-1.0,0
2016-12-05,2016-17,DEN,PHI,211.0,204,OVER,1,0.188,0.5792,0.1583,0.05,False,-1.0,-5.0
2016-12-05,2016-17,MEM,NOP,200.0,218,UNDER,1,-0.269,0.3875,0.2249,0,False,-1.0,0
2016-12-05,2016-17,POR,CHI,216.5,222,OVER,1,0.275,0.6146,0.2293,0.05,True,0.9,4.5
2016-12-06,2016-17,NYK,MIA,202.5,217,UNDER,1,-0.341,0.3591,0.2817,0,False,-1.0,0
2016-12-06,2016-17,SAS,MIN,206.0,196,UNDER,1,-0.802,0.2038,0.5924,0,True,0.9,0.0
2016-12-07,2016-17,DEN,BKN,221.0,227,OVER,1,0.321,0.6333,0.2667,0.05,True,0.9,4.5
2016-12-07,2016-17,LAL,HOU,222.0,229,OVER,1,0.397,0.6627,0.3254,0.05,True,0.9,4.5
2016-12-08,2016-17,DEN,WAS,218.0,177,OVER,1,0.188,0.5792,0.1583,0.05,False,-1.0,-5.0
2016-12-08,2016-17,MIN,TOR,215.5,234,OVER,1,0.23,0.5964,0.1928,0.05,True,0.9,4.5
2016-12-08,2016-17,POR,MEM,205.5,174,UNDER,1,-0.324,0.3659,0.2683,0,True,0.9,0.0
2016-12-09,2016-17,DET,MIN,204.0,207,UNDER,1,-0.306,0.3729,0.2541,0,False,-1.0,0
2016-12-10,2016-17,NOP,LAC,203.5,238,UNDER,1,-0.241,0.3989,0.2023,0,False,-1.0,0
2016-12-11,2016-17,NYK,LAL,217.5,230,UNDER,1,-0.505,0.2977,0.4045,0,False,-1.0,0
2016-12-12,2016-17,WAS,MIA,205.0,213,UNDER,2,-0.059,0.4749,0.0502,0,False,-1.0,0
2016-12-12,2016-17,POR,LAC,218.5,241,OVER,1,0.275,0.6146,0.2293,0.05,True,0.9,4.5
2016-12-14,2016-17,IND,MIA,206.0,184,UNDER,2,-0.415,0.3305,0.3389,0,True,0.9,0.0
2016-12-14,2016-17,TOR,PHI,208.0,237,OVER,1,0.437,0.6776,0.3553,0.05,True,0.9,4.5
2016-12-14,2016-17,LAL,BKN,226.0,204,UNDER,1,-0.479,0.3069,0.3862,0,True,0.9,0.0
2016-12-15,2016-17,POR,DEN,224.0,252,OVER,1,0.545,0.7163,0.4327,0.05,True,0.9,4.5
2016-12-16,2016-17,BKN,ORL,219.5,229,UNDER,1,-0.359,0.3521,0.2957,0,False,-1.0,0
2016-12-16,2016-17,NOP,HOU,220.0,222,OVER,1,0.397,0.6627,0.3254,0.05,True,0.9,4.5
2016-12-17,2016-17,PHX,OKC,214.5,215,OVER,1,0.569,0.7246,0.4491,0.05,True,0.9,4.5
2016-12-17,2016-17,LAL,CLE,218.5,227,OVER,1,0.419,0.6708,0.3415,0.05,True,0.9,4.5
2016-12-17,2016-17,CHA,ATL,206.5,206,OVER,1,0.439,0.6784,0.3567,0.05,False,-1.0,-5.0
2016-12-18,2016-17,BOS,MIA,203.0,200,OVER,1,0.218,0.5917,0.1834,0.05,False,-1.0,-5.0
2016-12-18,2016-17,TOR,ORL,218.5,188,UNDER,1,-0.359,0.3521,0.2957,0,True,0.9,0.0
2016-12-19,2016-17,DAL,DEN,205.5,224,UNDER,1,-0.32,0.3671,0.2658,0,False,-1.0,0
2016-12-21,2016-17,OKC,NOP,210.0,231,OVER,1,0.307,0.6277,0.2554,0.05,True,0.9,4.5
2016-12-21,2016-17,DAL,POR,209.0,191,UNDER,2,-0.56,0.2785,0.4431,0,True,0.9,0.0
2016-12-22,2016-17,LAL,MIA,208.0,222,OVER,1,0.218,0.5917,0.1834,0.05,True,0.9,4.5
2016-12-23,2016-17,GSW,DET,212.5,232,UNDER,1,-0.308,0.372,0.2561,0,False,-1.0,0
2016-12-23,2016-17,HOU,MEM,207.0,224,UNDER,1,-0.241,0.3989,0.2021,0,False,-1.0,0
2016-12-23,2016-17,SAC,MIN,208.5,214,OVER,1,0.257,0.6076,0.2152,0.05,True,0.9,4.5
2016-12-23,2016-17,PHI,PHX,210.0,239,OVER,1,0.38,0.6561,0.3122,0.05,True,0.9,4.5
2016-12-23,2016-17,ATL,DEN,220.5,217,OVER,1,0.365,0.6504,0.3007,0.05,False,-1.0,-5.0
2016-12-23,2016-17,TOR,UTA,201.0,202,OVER,1,0.286,0.6193,0.2386,0.05,True,0.9,4.5
2016-12-25,2016-17,BOS,NYK,212.0,233,UNDER,1,-0.466,0.3119,0.3763,0,False,-1.0,0
2016-12-25,2016-17,LAC,LAL,215.0,213,OVER,1,0.268,0.6121,0.2241,0.05,False,-1.0,-5.0
2016-12-26,2016-17,MIL,WAS,213.0,209,UNDER,1,-0.44,0.3213,0.3574,0,True,0.9,0.0
2016-12-26,2016-17,PHX,HOU,230.0,246,OVER,1,0.431,0.6755,0.351,0.05,True,0.9,4.5
2016-12-26,2016-17,PHI,SAC,204.5,202,OVER,1,0.286,0.6192,0.2383,0.05,False,-1.0,-5.0
2016-12-27,2016-17,OKC,MIA,206.0,200,UNDER,1,-0.341,0.3591,0.2817,0,True,0.9,0.0
2016-12-27,2016-17,HOU,DAL,209.0,230,OVER,1,0.341,0.641,0.282,0.05,True,0.9,4.5
2016-12-28,2016-17,MIN,DEN,217.5,208,OVER,1,0.241,0.601,0.2021,0.05,False,-1.0,-5.0
2016-12-30,2016-17,MIL,MIN,209.0,215,UNDER,1,-0.306,0.3729,0.2541,0,False,-1.0,0
2016-12-30,2016-17,NYK,NOP,212.0,196,OVER,1,0.307,0.6277,0.2554,0.05,False,-1.0,-5.0
2016-12-31,2016-17,MIL,CHI,201.0,212,OVER,1,0.343,0.6419,0.2838,0.05,True,0.9,4.5
2017-01-01,2016-17,SAS,ATL,204.0,226,UNDER,1,-0.345,0.3573,0.2855,0,False,-1.0,0
2017-01-02,2016-17,CHA,CHI,203.0,229,OVER,1,0.343,0.6419,0.2838,0.05,True,0.9,4.5
2017-01-03,2016-17,WAS,DAL,202.0,218,OVER,1,0.315,0.6307,0.2613,0.05,True,0.9,4.5
2017-01-04,2016-17,MIA,SAC,200.0,209,OVER,1,0.286,0.6192,0.2383,0.05,True,0.9,4.5
2017-01-06,2016-17,PHI,BOS,214.0,216,OVER,1,0.311,0.6294,0.2587,0.05,True,0.9,4.5
2017-01-06,2016-17,MEM,GSW,214.5,247,OVER,1,0.341,0.641,0.2821,0.05,True,0.9,4.5
2017-01-06,2016-17,LAC,SAC,206.0,204,OVER,1,0.328,0.6358,0.2717,0.05,False,-1.0,-5.0
2017-01-07,2016-17,TOR,CHI,208.5,241,OVER,2,0.444,0.6803,0.3607,0.05,True,0.9,4.5
2017-01-07,2016-17,CHA,SAS,208.0,187,UNDER,1,-0.301,0.3747,0.2506,0,True,0.9,0.0
2017-01-08,2016-17,MIA,LAC,207.5,184,UNDER,1,-0.241,0.3989,0.2023,0,True,0.9,0.0
2017-01-08,2016-17,ORL,LAL,217.0,206,UNDER,2,-0.633,0.2544,0.4913,0,True,0.9,0.0
2017-01-09,2016-17,OKC,CHI,207.0,203,OVER,1,0.343,0.6419,0.2838,0.05,False,-1.0,-5.0
2017-01-10,2016-17,BOS,TOR,218.0,220,UNDER,1,-0.228,0.4042,0.1916,0,False,-1.0,0
2017-01-10,2016-17,DET,SAC,207.0,194,OVER,1,0.328,0.6358,0.2717,0.05,False,-1.0,-5.0
2017-01-11,2016-17,HOU,MIN,219.0,224,OVER,1,0.204,0.586,0.1719,0.05,True,0.9,4.5
2017-01-12,2016-17,IND,DEN,223.0,252,OVER,1,0.545,0.7163,0.4327,0.05,True,0.9,4.5
2017-01-13,2016-17,OKC,MIN,209.0,182,UNDER,1,-0.306,0.3729,0.2541,0,True,0.9,0.0
2017-01-13,2016-17,ORL,POR,213.5,224,OVER,1,0.272,0.6137,0.2273,0.05,True,0.9,4.5
2017-01-14,2016-17,NOP,CHI,202.0,206,OVER,1,0.343,0.6419,0.2838,0.05,True,0.9,4.5
2017-01-15,2016-17,MIL,ATL,208.0,209,UNDER,1,-0.345,0.3573,0.2855,0,False,-1.0,0
2017-01-15,2016-17,DET,LAL,213.5,199,UNDER,1,-0.505,0.2977,0.4045,0,True,0.9,0.0
2017-01-16,2016-17,ORL,DEN,221.5,237,OVER,1,0.365,0.6504,0.3007,0.05,True,0.9,4.5
2017-01-17,2016-17,MIN,SAS,203.0,236,OVER,1,0.236,0.5991,0.1981,0.05,True,0.9,4.5
2017-01-18,2016-17,ATL,DET,203.5,213,OVER,1,0.439,0.6784,0.3567,0.05,True,0.9,4.5
2017-01-19,2016-17,PHX,CLE,220.0,221,OVER,1,0.425,0.6733,0.3465,0.05,True,0.9,4.5
2017-01-20,2016-17,TOR,CHA,216.5,191,UNDER,1,-0.565,0.2767,0.4465,0,True,0.9,0.0
2017-01-20,2016-17,CHI,ATL,204.0,195,UNDER,1,-0.345,0.3573,0.2855,0,True,0.9,0.0
2017-01-21,2016-17,POR,BOS,219.0,250,OVER,1,0.275,0.6146,0.2293,0.05,True,0.9,4.5
2017-01-21,2016-17,WAS,DET,212.0,225,UNDER,1,-0.286,0.3807,0.2386,0,False,-1.0,0
2017-01-21,2016-17,PHX,NYK,221.0,212,UNDER,1,-0.679,0.2397,0.5206,0,True,0.9,0.0
2017-01-21,2016-17,LAC,DEN,218.5,221,OVER,1,0.241,0.601,0.2021,0.05,True,0.9,4.5
2017-01-22,2016-17,PHX,TOR,221.5,218,OVER,1,0.425,0.6733,0.3465,0.05,False,-1.0,-5.0
2017-01-22,2016-17,DEN,MIN,221.0,219,OVER,1,0.321,0.6333,0.2667,0.05,False,-1.0,-5.0
2017-01-23,2016-17,SAC,DET,203.5,213,OVER,1,0.257,0.6076,0.2152,0.05,True,0.9,4.5
2017-01-23,2016-17,LAC,ATL,206.0,220,OVER,1,0.847,0.8085,0.617,0.05,True,0.9,4.5
2017-01-24,2016-17,BOS,WAS,220.0,231,OVER,1,0.405,0.6658,0.3315,0.05,True,0.9,4.5
2017-01-24,2016-17,MIN,PHX,211.0,223,OVER,1,0.472,0.6904,0.3808,0.05,True,0.9,4.5
2017-01-25,2016-17,ATL,CHI,203.0,233,OVER,1,0.439,0.6784,0.3567,0.05,True,0.9,4.5
2017-01-25,2016-17,OKC,NOP,215.5,219,OVER,1,0.307,0.6277,0.2554,0.05,True,0.9,4.5
2017-01-27,2016-17,MIL,TOR,215.0,188,UNDER,2,-0.476,0.3079,0.3842,0,True,0.9,0.0
2017-01-27,2016-17,CHA,NYK,212.5,217,UNDER,1,-0.565,0.2767,0.4465,0,False,-1.0,0
2017-01-28,2016-17,DET,MIA,201.5,219,UNDER,1,-0.341,0.3591,0.2817,0,False,-1.0,0
2017-01-29,2016-17,WAS,NOP,218.0,201,OVER,1,0.307,0.6277,0.2554,0.05,False,-1.0,-5.0
2017-01-30,2016-17,SAC,PHI,206.0,241,OVER,1,0.39,0.66,0.3199,0.05,True,0.9,4.5
2017-01-31,2016-17,OKC,SAS,210.0,202,UNDER,1,-0.496,0.3009,0.3981,0,True,0.9,0.0
2017-01-31,2016-17,DEN,LAL,226.0,236,UNDER,1,-0.366,0.3492,0.3016,0,False,-1.0,0
2017-02-01,2016-17,MIN,CLE,213.0,222,OVER,1,0.23,0.5964,0.1928,0.05,True,0.9,4.5
2017-02-01,2016-17,ATL,MIA,204.0,209,UNDER,1,-0.341,0.3591,0.2817,0,False,-1.0,0
2017-02-01,2016-17,MEM,DEN,216.0,218,UNDER,1,-0.679,0.2396,0.5208,0,False,-1.0,0
2017-02-01,2016-17,LAC,PHX,219.5,238,OVER,1,0.38,0.6561,0.3122,0.05,True,0.9,4.5
2017-02-02,2016-17,ATL,HOU,222.0,221,UNDER,1,-0.348,0.3563,0.2875,0,True,0.9,0.0
2017-02-03,2016-17,MIL,DEN,223.0,238,OVER,1,0.545,0.7163,0.4327,0.05,True,0.9,4.5
2017-02-04,2016-17,MEM,MIN,202.5,206,UNDER,1,-0.306,0.3729,0.2541,0,False,-1.0,0
2017-02-04,2016-17,DEN,SAS,219.5,218,UNDER,1,-0.677,0.2402,0.5196,0,True,0.9,0.0
2017-02-05,2016-17,LAC,BOS,222.0,209,OVER,1,0.499,0.7003,0.4006,0.05,False,-1.0,-5.0
2017-02-06,2016-17,CLE,WAS,220.0,275,OVER,1,0.405,0.6658,0.3315,0.05,True,0.9,4.5
2017-02-06,2016-17,LAL,NYK,220.0,228,OVER,1,0.599,0.7346,0.4692,0.05,True,0.9,4.5
2017-02-06,2016-17,LAC,TOR,216.0,227,UNDER,1,-0.228,0.4042,0.1916,0,False,-1.0,0
2017-02-06,2016-17,MIA,MIN,207.0,228,UNDER,1,-0.306,0.3729,0.2541,0,False,-1.0,0
2017-02-06,2016-17,PHX,NOP,221.0,217,UNDER,1,-0.679,0.2397,0.5206,0,True,0.9,0.0
2017-02-06,2016-17,CHI,SAC,206.5,219,OVER,1,0.328,0.6358,0.2717,0.05,True,0.9,4.5
2017-02-07,2016-17,ORL,HOU,223.0,232,OVER,1,0.397,0.6627,0.3254,0.05,True,0.9,4.5
2017-02-08,2016-17,DEN,ATL,222.0,223,OVER,1,0.321,0.6333,0.2667,0.05,True,0.9,4.5
2017-02-08,2016-17,LAL,DET,216.0,223,UNDER,1,-0.308,0.372,0.2561,0,False,-1.0,0
2017-02-08,2016-17,LAC,NYK,219.0,234,UNDER,1,-0.285,0.3811,0.2378,0,False,-1.0,0
2017-02-10,2016-17,GSW,MEM,215.5,229,OVER,1,0.291,0.6212,0.2425,0.05,True,0.9,4.5
2017-02-10,2016-17,ATL,SAC,208.5,215,OVER,1,0.328,0.6358,0.2717,0.05,True,0.9,4.5
2017-02-11,2016-17,LAC,CHA,216.5,209,UNDER,1,-0.285,0.3811,0.2378,0,True,0.9,0.0
2017-02-11,2016-17,PHX,HOU,231.0,235,OVER,1,0.431,0.6755,0.351,0.05,True,0.9,4.5
2017-02-11,2016-17,BOS,UTA,203.5,216,UNDER,1,-0.201,0.4154,0.1693,0,False,-1.0,0
2017-02-12,2016-17,CHI,MIN,209.0,206,UNDER,2,-0.052,0.4779,0.0441,0,True,0.9,0.0
2017-02-13,2016-17,MEM,BKN,208.0,215,UNDER,1,-0.269,0.3875,0.2249,0,False,-1.0,0
2017-02-14,2016-17,SAC,LAL,218.0,193,OVER,1,0.284,0.6182,0.2365,0.05,False,-1.0,-5.0
2017-02-15,2016-17,PHI,BOS,219.0,224,OVER,1,0.311,0.6294,0.2587,0.05,True,0.9,4.5
2017-02-15,2016-17,MIA,HOU,224.0,226,OVER,1,0.397,0.6627,0.3254,0.05,True,0.9,4.5
2017-02-23,2016-17,DEN,SAC,222.0,216,OVER,1,0.321,0.6333,0.2667,0.05,False,-1.0,-5.0
2017-02-24,2016-17,BOS,TOR,216.0,204,UNDER,1,-0.584,0.2704,0.4593,0,True,0.9,0.0
2017-02-24,2016-17,MIA,ATL,207.0,198,UNDER,1,-0.345,0.3573,0.2855,0,True,0.9,0.0
2017-02-24,2016-17,PHX,CHI,215.5,249,OVER,1,0.569,0.7246,0.4491,0.05,True,0.9,4.5
2017-02-24,2016-17,DAL,MIN,203.0,181,UNDER,1,-0.802,0.2038,0.5924,0,True,0.9,0.0
2017-02-25,2016-17,CHA,SAC,207.0,184,OVER,1,0.328,0.6358,0.2717,0.05,False,-1.0,-5.0
2017-02-25,2016-17,IND,MIA,209.5,208,OVER,1,0.218,0.5917,0.1834,0.05,False,-1.0,-5.0
2017-02-25,2016-17,MIN,HOU,228.0,272,OVER,1,0.821,0.8015,0.603,0.05,True,0.9,4.5
2017-02-26,2016-17,MEM,DEN,215.0,203,UNDER,1,-0.679,0.2396,0.5208,0,True,0.9,0.0
2017-02-26,2016-17,POR,TOR,212.5,218,UNDER,1,-0.228,0.4042,0.1916,0,False,-1.0,0
2017-02-26,2016-17,BOS,DET,214.5,202,UNDER,1,-0.286,0.3807,0.2386,0,True,0.9,0.0
2017-02-28,2016-17,DEN,CHI,222.5,232,OVER,1,0.321,0.6333,0.2667,0.05,True,0.9,4.5
2017-03-01,2016-17,WAS,TOR,213.0,201,UNDER,1,-0.228,0.4042,0.1916,0,True,0.9,0.0
2017-03-01,2016-17,HOU,LAC,232.0,225,UNDER,1,-1.444,0.079,0.8419,0,True,0.9,0.0
2017-03-03,2016-17,LAC,MIL,216.0,213,UNDER,1,-0.285,0.3811,0.2378,0,True,0.9,0.0
2017-03-03,2016-17,BOS,LAL,221.5,210,UNDER,2,-0.596,0.2662,0.4675,0,True,0.9,0.0
2017-03-04,2016-17,CLE,MIA,216.0,212,OVER,1,0.228,0.5957,0.1914,0.05,False,-1.0,-5.0
2017-03-04,2016-17,TOR,MIL,206.0,195,OVER,1,0.286,0.6193,0.2386,0.05,False,-1.0,-5.0
2017-03-04,2016-17,LAC,CHI,213.0,192,UNDER,1,-0.285,0.3811,0.2378,0,True,0.9,0.0
2017-03-04,2016-17,CHA,DEN,222.0,214,OVER,1,0.365,0.6504,0.3007,0.05,False,-1.0,-5.0
2017-03-04,2016-17,BKN,POR,227.0,246,OVER,1,0.751,0.7819,0.5638,0.05,True,0.9,4.5
2017-03-05,2016-17,IND,ATL,208.0,193,UNDER,1,-0.345,0.3573,0.2855,0,True,0.9,0.0
2017-03-05,2016-17,BOS,PHX,225.0,215,UNDER,1,-0.345,0.3575,0.2849,0,True,0.9,0.0
2017-03-06,2016-17,MIL,PHI,214.0,210,UNDER,1,-0.44,0.3213,0.3574,0,True,0.9,0.0
2017-03-06,2016-17,IND,CHA,209.0,188,UNDER,1,-0.239,0.3996,0.2008,0,True,0.9,0.0
2017-03-06,2016-17,HOU,SAS,219.0,222,OVER,1,0.204,0.586,0.1719,0.05,True,0.9,4.5
2017-03-08,2016-17,CHA,MIA,207.0,209,OVER,1,0.218,0.5917,0.1834,0.05,True,0.9,4.5
2017-03-08,2016-17,LAC,MIN,211.0,198,UNDER,1,-0.285,0.3811,0.2378,0,True,0.9,0.0
2017-03-08,2016-17,TOR,NOP,201.5,181,OVER,1,0.286,0.6193,0.2386,0.05,False,-1.0,-5.0
2017-03-08,2016-17,BOS,GSW,224.0,185,UNDER,1,-0.466,0.3117,0.3766,0,True,0.9,0.0
2017-03-10,2016-17,IND,MIL,209.5,184,UNDER,1,-0.239,0.3996,0.2008,0,True,0.9,0.0
2017-03-11,2016-17,NYK,DET,212.0,204,UNDER,1,-0.308,0.372,0.2561,0,True,0.9,0.0
2017-03-11,2016-17,CLE,ORL,215.0,220,UNDER,1,-0.359,0.3521,0.2957,0,False,-1.0,0
2017-03-11,2016-17,TOR,MIA,203.0,193,OVER,1,0.218,0.5917,0.1834,0.05,False,-1.0,-5.0
2017-03-12,2016-17,CLE,HOU,231.0,229,UNDER,1,-0.486,0.3044,0.3911,0,True,0.9,0.0
2017-03-12,2016-17,POR,PHX,232.0,211,UNDER,1,-0.5,0.2994,0.4011,0,True,0.9,0.0
2017-03-13,2016-17,ORL,SAC,206.5,235,OVER,2,0.509,0.7039,0.4078,0.05,True,0.9,4.5
2017-03-14,2016-17,POR,NOP,217.0,177,OVER,1,0.307,0.6277,0.2554,0.05,False,-1.0,-5.0
2017-03-15,2016-17,DAL,WAS,208.0,219,UNDER,1,-0.32,0.3671,0.2658,0,False,-1.0,0
2017-03-15,2016-17,MIN,BOS,210.5,221,OVER,1,0.23,0.5964,0.1928,0.05,True,0.9,4.5
2017-03-16,2016-17,MEM,ATL,205.0,194,UNDER,1,-0.345,0.3573,0.2855,0,True,0.9,0.0
2017-03-16,2016-17,LAC,DEN,222.0,243,OVER,1,0.545,0.7163,0.4327,0.05,True,0.9,4.5
2017-03-17,2016-17,BOS,BKN,220.5,193,UNDER,1,-0.466,0.3117,0.3766,0,True,0.9,0.0
2017-03-17,2016-17,MIN,MIA,208.5,228,OVER,1,0.218,0.5917,0.1834,0.05,True,0.9,4.5
2017-03-17,2016-17,MIL,LAL,215.5,210,UNDER,1,-0.44,0.3213,0.3574,0,True,0.9,0.0
2017-03-19,2016-17,DAL,BKN,208.5,215,UNDER,1,-0.229,0.4038,0.1925,0,False,-1.0,0
2017-03-19,2016-17,PHX,DET,214.5,207,UNDER,1,-0.308,0.372,0.2561,0,True,0.9,0.0
2017-03-19,2016-17,POR,MIA,214.0,219,OVER,1,0.275,0.6146,0.2293,0.05,True,0.9,4.5
2017-03-21,2016-17,MIL,POR,214.0,183,UNDER,1,-0.44,0.3213,0.3574,0,True,0.9,0.0
2017-03-21,2016-17,LAC,LAL,221.0,242,UNDER,1,-0.383,0.3428,0.3144,0,False,-1.0,0
2017-03-23,2016-17,TOR,MIA,203.0,185,OVER,1,0.218,0.5917,0.1834,0.05,False,-1.0,-5.0
2017-03-23,2016-17,NYK,POR,218.5,205,OVER,1,0.272,0.6137,0.2273,0.05,False,-1.0,-5.0
2017-03-24,2016-17,PHX,BOS,219.0,250,OVER,1,0.311,0.6294,0.2587,0.05,True,0.9,4.5
2017-03-24,2016-17,MIN,LAL,219.5,249,OVER,1,0.23,0.5964,0.1928,0.05,True,0.9,4.5
2017-03-25,2016-17,MIN,POR,217.0,212,OVER,2,0.354,0.6462,0.2924,0.05,False,-1.0,-5.0
2017-03-26,2016-17,MEM,GSW,209.0,200,UNDER,1,-0.269,0.3875,0.2249,0,True,0.9,0.0
2017-03-26,2016-17,NOP,DEN,228.0,205,UNDER,1,-0.362,0.3507,0.2986,0,True,0.9,0.0
2017-03-26,2016-17,POR,LAL,223.0,178,UNDER,1,-0.383,0.3428,0.3144,0,True,0.9,0.0
2017-03-28,2016-17,MIN,IND,208.0,229,OVER,1,0.917,0.8261,0.6523,0.05,True,0.9,4.5
2017-03-28,2016-17,GSW,HOU,234.0,219,UNDER,1,-0.525,0.2907,0.4186,0,True,0.9,0.0
2017-03-29,2016-17,GSW,SAS,209.5,208,UNDER,1,-0.356,0.3532,0.2937,0,True,0.9,0.0
2017-03-30,2016-17,BKN,DET,213.0,179,UNDER,1,-0.308,0.372,0.2561,0,True,0.9,0.0
2017-03-31,2016-17,ORL,BOS,217.5,233,OVER,1,0.311,0.6294,0.2587,0.05,True,0.9,4.5
2017-03-31,2016-17,WAS,UTA,206.5,183,UNDER,1,-0.201,0.4154,0.1693,0,True,0.9,0.0
2017-03-31,2016-17,HOU,GSW,231.0,205,OVER,1,0.304,0.6262,0.2525,0.05,False,-1.0,-5.0
2017-04-01,2016-17,PHX,POR,220.5,247,OVER,1,0.425,0.6733,0.3465,0.05,True,0.9,4.5
2017-04-02,2016-17,MEM,LAL,208.0,211,UNDER,1,-0.269,0.3875,0.2249,0,False,-1.0,0
2017-04-02,2016-17,DEN,MIA,220.0,229,OVER,1,0.321,0.6333,0.2667,0.05,True,0.9,4.5
2017-04-02,2016-17,WAS,GSW,224.0,254,OVER,1,0.782,0.7907,0.5813,0.05,True,0.9,4.5
2017-04-04,2016-17,TOR,IND,205.0,198,OVER,2,0.012,0.505,0.01,0,False,-1.0,0
2017-04-04,2016-17,MIL,OKC,211.0,189,UNDER,1,-0.44,0.3213,0.3574,0,True,0.9,0.0
2017-04-05,2016-17,DAL,LAC,203.5,213,UNDER,1,-0.241,0.3989,0.2023,0,False,-1.0,0
2017-04-06,2016-17,BOS,ATL,209.0,239,OVER,1,0.439,0.6784,0.3567,0.05,True,0.9,4.5
2017-04-06,2016-17,MIN,POR,219.5,203,OVER,2,0.354,0.6462,0.2924,0.05,False,-1.0,-5.0
2017-04-07,2016-17,NOP,DEN,231.5,228,UNDER,1,-0.353,0.3545,0.291,0,True,0.9,0.0
2017-04-07,2016-17,SAC,LAL,213.0,192,UNDER,1,-0.505,0.2977,0.4045,0,True,0.9,0.0
2017-04-08,2016-17,LAC,SAS,206.5,185,UNDER,1,-0.356,0.3532,0.2937,0,True,0.9,0.0
2017-04-09,2016-17,TOR,NYK,203.0,207,OVER,1,0.437,0.6776,0.3553,0.05,True,0.9,4.5
2017-04-10,2016-17,WAS,DET,212.0,206,UNDER,1,-0.286,0.3807,0.2386,0,True,0.9,0.0
2017-04-11,2016-17,NOP,LAL,219.0,204,UNDER,2,-0.123,0.448,0.104,0,True,0.9,0.0
2017-04-12,2016-17,DEN,OKC,220.0,216,OVER,1,0.321,0.6333,0.2667,0.05,False,-1.0,-5.0
2017-04-12,2016-17,MIL,BOS,207.0,206,OVER,1,0.328,0.6358,0.2715,0.05,False,-1.0,-5.0
2017-04-12,2016-17,DET,ORL,209.0,222,OVER,1,0.358,0.6475,0.2949,0.05,True,0.9,4.5
2017-04-12,2016-17,PHI,NYK,202.0,227,OVER,1,0.431,0.6755,0.3509,0.05,True,0.9,4.5
2017-04-21,2016-17,BOS,CHI,207.0,191,OVER,1,0.343,0.6419,0.2838,0.05,False,-1.0,-5.0
2017-04-22,2016-17,GSW,POR,219.0,232,OVER,2,0.464,0.6874,0.3748,0.05,True,0.9,4.5
2017-04-23,2016-17,BOS,CHI,204.0,199,OVER,1,0.343,0.6419,0.2838,0.05,False,-1.0,-5.0
2017-04-24,2016-17,GSW,POR,219.0,231,OVER,1,0.272,0.6137,0.2273,0.05,True,0.9,4.5
2017-05-01,2016-17,TOR,CLE,208.5,221,OVER,2,0.645,0.7496,0.4993,0.05,True,0.9,4.5
2017-05-01,2016-17,HOU,SAS,215.5,225,OVER,1,0.204,0.586,0.1719,0.05,True,0.9,4.5
2017-05-03,2016-17,HOU,SAS,216.5,217,OVER,1,0.204,0.586,0.1719,0.05,True,0.9,4.5
2017-05-09,2016-17,HOU,SAS,215.0,217,UNDER,1,-0.496,0.3009,0.3981,0,False,-1.0,0
2017-05-20,2016-17,GSW,SAS,212.0,228,UNDER,2,-0.112,0.4524,0.0952,0,False,-1.0,0
2017-05-22,2016-17,GSW,SAS,216.0,244,UNDER,1,-0.496,0.3009,0.3981,0,False,-1.0,0
2017-06-01,2016-17,CLE,GSW,225.5,204,UNDER,1,-0.522,0.2916,0.4168,0,True,0.9,0.0
2017-10-17,2017-18,BOS,CLE,214.5,201,UNDER,1,-0.242,0.3985,0.2029,0,True,0.9,0.0
2017-10-17,2017-18,HOU,GSW,232.0,243,OVER,1,0.304,0.6262,0.2525,0.05,True,0.9,4.5
2017-10-18,2017-18,MIN,SAS,207.0,206,OVER,2,0.591,0.732,0.464,0.05,False,-1.0,-5.0
2017-10-20,2017-18,SAC,DAL,203.0,181,OVER,1,0.257,0.6076,0.2152,0.05,False,-1.0,-5.0
2017-10-21,2017-18,IND,MIA,211.0,220,UNDER,1,-0.509,0.2963,0.4075,0,False,-1.0,0
2017-10-21,2017-18,SAS,CHI,202.0,164,UNDER,1,-0.489,0.3035,0.393,0,True,0.9,0.0
2017-10-21,2017-18,GSW,MEM,213.0,212,OVER,1,0.291,0.6212,0.2425,0.05,False,-1.0,-5.0
2017-10-21,2017-18,OKC,UTA,200.5,183,UNDER,1,-0.201,0.4154,0.1693,0,True,0.9,0.0
2017-10-21,2017-18,PHX,LAC,220.0,218,OVER,1,0.425,0.6733,0.3465,0.05,False,-1.0,-5.0
2017-10-23,2017-18,TOR,SAS,206.0,198,OVER,1,0.286,0.6193,0.2386,0.05,False,-1.0,-5.0
2017-10-23,2017-18,WAS,DEN,223.0,213,OVER,1,0.545,0.7163,0.4327,0.05,False,-1.0,-5.0
2017-10-25,2017-18,DEN,CHA,212.0,203,UNDER,1,-0.565,0.2767,0.4465,0,True,0.9,0.0
2017-10-25,2017-18,CLE,BKN,227.0,219,UNDER,1,-0.522,0.2916,0.4168,0,True,0.9,0.0
2017-10-26,2017-18,LAC,POR,210.5,207,UNDER,1,-0.285,0.3811,0.2378,0,True,0.9,0.0
2017-10-26,2017-18,NOP,SAC,204.0,220,OVER,1,0.328,0.6358,0.2717,0.05,True,0.9,4.5
2017-10-27,2017-18,HOU,CHA,213.0,202,OVER,1,0.204,0.586,0.1719,0.05,False,-1.0,-5.0
2017-10-27,2017-18,BKN,NYK,219.5,193,UNDER,1,-0.466,0.3119,0.3763,0,True,0.9,0.0
2017-10-27,2017-18,TOR,LAL,224.0,193,UNDER,1,-0.383,0.3428,0.3144,0,True,0.9,0.0
2017-10-28,2017-18,HOU,MEM,206.0,192,UNDER,1,-0.241,0.3989,0.2021,0,True,0.9,0.0
2017-10-28,2017-18,BOS,MIA,205.0,186,UNDER,1,-0.341,0.3591,0.2817,0,True,0.9,0.0
2017-10-28,2017-18,PHI,DAL,208.0,222,OVER,1,0.544,0.7161,0.4323,0.05,True,0.9,4.5
2017-10-29,2017-18,MIL,ATL,203.0,223,UNDER,1,-0.345,0.3573,0.2855,0,False,-1.0,0
2017-10-29,2017-18,SAS,IND,204.0,191,UNDER,1,-0.489,0.3035,0.393,0,True,0.9,0.0
2017-10-29,2017-18,DEN,BKN,223.5,235,OVER,1,0.321,0.6333,0.2667,0.05,True,0.9,4.5
2017-10-30,2017-18,MIN,MIA,216.5,247,OVER,1,0.472,0.6904,0.3808,0.05,True,0.9,4.5
2017-11-01,2017-18,PHX,WAS,225.5,238,UNDER,1,-0.434,0.3235,0.3531,0,False,-1.0,0
2017-11-01,2017-18,IND,CLE,218.5,231,OVER,1,0.419,0.6708,0.3415,0.05,True,0.9,4.5
2017-11-01,2017-18,HOU,NYK,212.0,216,OVER,1,0.204,0.586,0.1719,0.05,True,0.9,4.5
2017-11-01,2017-18,DAL,LAC,204.5,217,UNDER,1,-0.32,0.3671,0.2658,0,False,-1.0,0
2017-11-02,2017-18,GSW,SAS,219.0,204,UNDER,2,-0.112,0.4524,0.0952,0,True,0.9,0.0
2017-11-02,2017-18,LAL,POR,210.5,223,OVER,1,0.272,0.6137,0.2273,0.05,True,0.9,4.5
2017-11-03,2017-18,PHX,NYK,222.5,227,UNDER,1,-0.679,0.2397,0.5206,0,False,-1.0,0
2017-11-03,2017-18,MIA,DEN,214.0,189,OVER,1,0.241,0.601,0.2021,0.05,False,-1.0,-5.0
2017-11-05,2017-18,WAS,TOR,218.0,203,UNDER,1,-0.228,0.4042,0.1916,0,True,0.9,0.0
2017-11-07,2017-18,MIL,CLE,217.5,243,UNDER,2,-0.494,0.3017,0.3967,0,False,-1.0,0
2017-11-07,2017-18,NOP,IND,218.0,229,OVER,2,0.525,0.7093,0.4186,0.05,True,0.9,4.5
2017-11-07,2017-18,LAC,SAS,201.0,227,UNDER,1,-0.356,0.3532,0.2937,0,False,-1.0,0
2017-11-09,2017-18,NOP,TOR,217.5,240,UNDER,1,-0.228,0.4042,0.1916,0,False,-1.0,0
2017-11-09,2017-18,PHI,SAC,204.5,217,OVER,1,0.286,0.6192,0.2383,0.05,True,0.9,4.5
2017-11-10,2017-18,MIL,SAS,206.5,181,UNDER,1,-0.356,0.3532,0.2937,0,True,0.9,0.0
2017-11-10,2017-18,BKN,POR,224.0,198,OVER,1,0.446,0.681,0.362,0.05,False,-1.0,-5.0
2017-11-11,2017-18,SAC,NYK,202.0,209,OVER,2,0.486,0.6955,0.391,0.05,True,0.9,4.5
2017-11-11,2017-18,MIN,PHX,227.0,228,OVER,1,0.821,0.8015,0.603,0.05,True,0.9,4.5
2017-11-13,2017-18,MIN,UTA,206.5,207,UNDER,1,-0.201,0.4154,0.1693,0,False,-1.0,0
2017-11-13,2017-18,LAL,PHX,227.5,193,UNDER,1,-0.479,0.3069,0.3862,0,True,0.9,0.0
2017-11-14,2017-18,SAS,DAL,200.5,188,UNDER,1,-0.489,0.3035,0.393,0,True,0.9,0.0
2017-11-15,2017-18,WAS,MIA,209.5,195,UNDER,2,-0.059,0.4749,0.0502,0,True,0.9,0.0
2017-11-15,2017-18,SAC,ATL,205.0,206,UNDER,2,-0.048,0.4795,0.041,0,False,-1.0,0
2017-11-15,2017-18,PHI,LAL,219.5,224,UNDER,1,-0.505,0.2977,0.4045,0,False,-1.0,0
2017-11-16,2017-18,GSW,BOS,217.5,180,OVER,1,0.382,0.6569,0.3139,0.05,False,-1.0,-5.0
2017-11-16,2017-18,HOU,PHX,228.5,258,OVER,1,0.384,0.6577,0.3153,0.05,True,0.9,4.5
2017-11-17,2017-18,MIN,DAL,211.0,198,OVER,1,0.23,0.5964,0.1928,0.05,False,-1.0,-5.0
2017-11-17,2017-18,NOP,DEN,216.0,260,OVER,1,0.241,0.601,0.2021,0.05,True,0.9,4.5
2017-11-18,2017-18,UTA,ORL,211.5,210,UNDER,1,-0.359,0.3521,0.2957,0,True,0.9,0.0
2017-11-18,2017-18,HOU,MEM,212.0,188,OVER,1,0.291,0.6212,0.2425,0.05,False,-1.0,-5.0
2017-11-19,2017-18,IND,MIA,207.0,215,OVER,1,0.218,0.5917,0.1834,0.05,True,0.9,4.5
2017-11-19,2017-18,WAS,TOR,214.0,191,UNDER,1,-0.228,0.4042,0.1916,0,True,0.9,0.0
2017-11-19,2017-18,DEN,LAL,220.0,236,OVER,1,0.321,0.6333,0.2667,0.05,True,0.9,4.5
2017-11-20,2017-18,CLE,DET,215.5,204,UNDER,1,-0.286,0.3807,0.2386,0,True,0.9,0.0
2017-11-20,2017-18,MIN,CHA,214.0,220,OVER,1,0.472,0.6904,0.3808,0.05,True,0.9,4.5
2017-11-20,2017-18,LAC,NYK,211.0,192,UNDER,2,-0.507,0.2971,0.4058,0,True,0.9,0.0
2017-11-20,2017-18,OKC,NOP,214.5,221,OVER,1,0.307,0.6277,0.2554,0.05,True,0.9,4.5
2017-11-20,2017-18,DEN,SAC,208.0,212,OVER,1,0.286,0.6192,0.2383,0.05,True,0.9,4.5
2017-11-22,2017-18,LAC,ATL,210.5,219,UNDER,1,-0.285,0.3811,0.2378,0,False,-1.0,0
2017-11-22,2017-18,LAL,SAC,209.0,215,OVER,1,0.328,0.6358,0.2717,0.05,True,0.9,4.5
2017-11-24,2017-18,NYK,ATL,209.5,220,OVER,1,0.439,0.6784,0.3567,0.05,True,0.9,4.5
2017-11-24,2017-18,DET,OKC,204.0,197,UNDER,1,-1.286,0.1009,0.7981,0,True,0.9,0.0
2017-11-24,2017-18,MEM,DEN,208.5,196,UNDER,1,-0.269,0.3875,0.2249,0,True,0.9,0.0
2017-11-24,2017-18,NOP,PHX,230.0,206,UNDER,1,-0.353,0.3545,0.291,0,True,0.9,0.0
2017-11-24,2017-18,CHI,GSW,215.0,237,OVER,1,0.367,0.6511,0.3023,0.05,True,0.9,4.5
2017-11-25,2017-18,POR,WAS,201.5,213,UNDER,1,-0.324,0.3659,0.2683,0,False,-1.0,0
2017-11-25,2017-18,LAC,SAC,205.0,192,UNDER,1,-0.703,0.2323,0.5355,0,True,0.9,0.0
2017-11-27,2017-18,CLE,PHI,225.0,204,UNDER,1,-0.449,0.3178,0.3644,0,True,0.9,0.0
2017-11-28,2017-18,MIA,CLE,210.0,205,UNDER,1,-0.242,0.3985,0.2029,0,True,0.9,0.0
2017-11-29,2017-18,IND,HOU,224.5,215,OVER,1,0.397,0.6627,0.3254,0.05,False,-1.0,-5.0
2017-12-01,2017-18,CHA,MIA,201.0,205,UNDER,1,-0.341,0.3591,0.2817,0,False,-1.0,0
2017-12-02,2017-18,PHX,BOS,215.0,227,OVER,1,0.311,0.6294,0.2587,0.05,True,0.9,4.5
2017-12-03,2017-18,ORL,NYK,212.5,205,UNDER,2,-0.595,0.2668,0.4664,0,True,0.9,0.0
2017-12-03,2017-18,HOU,LAL,225.0,213,OVER,1,0.384,0.6577,0.3153,0.05,False,-1.0,-5.0
2017-12-04,2017-18,NYK,IND,210.0,212,OVER,2,1.223,0.8889,0.7778,0.05,True,0.9,4.5
2017-12-04,2017-18,PHX,PHI,227.5,216,UNDER,1,-0.434,0.3235,0.3531,0,True,0.9,0.0
2017-12-04,2017-18,CLE,CHI,211.5,204,OVER,1,0.415,0.6695,0.3391,0.05,False,-1.0,-5.0
2017-12-04,2017-18,WAS,UTA,200.0,185,OVER,1,0.315,0.6307,0.2613,0.05,False,-1.0,-5.0
2017-12-05,2017-18,PHX,TOR,224.5,239,OVER,1,0.425,0.6733,0.3465,0.05,True,0.9,4.5
2017-12-06,2017-18,ATL,ORL,216.5,216,UNDER,1,-0.359,0.3521,0.2957,0,True,0.9,0.0
2017-12-06,2017-18,DAL,BOS,204.5,187,UNDER,1,-0.32,0.3671,0.2658,0,True,0.9,0.0
2017-12-06,2017-18,DEN,NOP,218.5,237,OVER,1,0.188,0.5792,0.1583,0.05,True,0.9,4.5
2017-12-06,2017-18,MIN,LAC,215.0,220,OVER,1,0.23,0.5964,0.1928,0.05,True,0.9,4.5
2017-12-07,2017-18,HOU,UTA,208.0,213,UNDER,1,-0.201,0.4154,0.1693,0,False,-1.0,0
2017-12-09,2017-18,ORL,ATL,211.5,227,UNDER,1,-0.382,0.3432,0.3136,0,False,-1.0,0
2017-12-09,2017-18,PHI,CLE,218.0,203,UNDER,1,-0.242,0.3985,0.2029,0,True,0.9,0.0
2017-12-09,2017-18,HOU,POR,211.0,241,OVER,1,0.272,0.6137,0.2273,0.05,True,0.9,4.5
2017-12-10,2017-18,TOR,SAC,206.0,189,OVER,2,0.51,0.7042,0.4085,0.05,False,-1.0,-5.0
2017-12-10,2017-18,DAL,MIN,207.0,189,UNDER,1,-0.32,0.3671,0.2658,0,True,0.9,0.0
2017-12-12,2017-18,ATL,CLE,219.5,237,OVER,1,0.419,0.6708,0.3415,0.05,True,0.9,4.5
2017-12-12,2017-18,LAL,NYK,211.0,222,OVER,1,0.284,0.6182,0.2365,0.05,True,0.9,4.5
2017-12-12,2017-18,PHX,SAC,209.0,191,UNDER,1,-0.703,0.2323,0.5355,0,True,0.9,0.0
2017-12-13,2017-18,LAC,ORL,212.5,201,UNDER,1,-0.285,0.3811,0.2378,0,True,0.9,0.0
2017-12-13,2017-18,POR,MIA,201.0,197,UNDER,1,-0.341,0.3591,0.2817,0,True,0.9,0.0
2017-12-13,2017-18,MIL,NOP,218.5,223,OVER,1,0.307,0.6277,0.2554,0.05,True,0.9,4.5
2017-12-13,2017-18,CHA,HOU,220.0,204,OVER,1,0.397,0.6627,0.3254,0.05,False,-1.0,-5.0
2017-12-14,2017-18,DET,ATL,207.0,196,UNDER,1,-0.345,0.3573,0.2855,0,True,0.9,0.0
2017-12-15,2017-18,SAS,HOU,213.5,233,OVER,1,0.446,0.681,0.3621,0.05,True,0.9,4.5
2017-12-16,2017-18,POR,CHA,204.5,184,UNDER,1,-0.324,0.3659,0.2683,0,True,0.9,0.0
2017-12-17,2017-18,CLE,WAS,213.0,205,UNDER,1,-0.677,0.2404,0.5191,0,True,0.9,0.0
2017-12-18,2017-18,MIA,ATL,202.5,214,OVER,1,0.439,0.6784,0.3567,0.05,True,0.9,4.5
2017-12-18,2017-18,PHI,CHI,209.5,232,OVER,2,0.642,0.7488,0.4976,0.05,True,0.9,4.5
2017-12-18,2017-18,DEN,OKC,210.0,189,OVER,1,0.188,0.5792,0.1583,0.05,False,-1.0,-5.0
2017-12-18,2017-18,POR,MIN,204.0,215,UNDER,1,-0.324,0.3659,0.2683,0,False,-1.0,0
2017-12-18,2017-18,LAC,SAS,203.0,200,UNDER,1,-0.344,0.3579,0.2842,0,True,0.9,0.0
2017-12-18,2017-18,GSW,LAL,219.0,230,OVER,1,0.382,0.6569,0.3139,0.05,True,0.9,4.5
2017-12-20,2017-18,SAC,BKN,207.0,203,UNDER,2,-0.019,0.4917,0.0165,0,True,0.9,0.0
2017-12-20,2017-18,LAL,HOU,223.5,238,OVER,1,0.397,0.6627,0.3254,0.05,True,0.9,4.5
2017-12-20,2017-18,MIN,DEN,215.0,216,OVER,1,0.472,0.6904,0.3808,0.05,True,0.9,4.5
2017-12-21,2017-18,CHI,CLE,213.0,227,OVER,1,0.367,0.6511,0.3023,0.05,True,0.9,4.5
2017-12-21,2017-18,MEM,PHX,204.0,192,UNDER,1,-0.337,0.3607,0.2785,0,True,0.9,0.0
2017-12-23,2017-18,DAL,ATL,203.0,219,OVER,1,0.439,0.6784,0.3567,0.05,True,0.9,4.5
2017-12-23,2017-18,NOP,MIA,209.5,203,OVER,1,0.218,0.5917,0.1834,0.05,False,-1.0,-5.0
2017-12-23,2017-18,DEN,GSW,219.5,177,UNDER,1,-0.677,0.2402,0.5196,0,True,0.9,0.0
2017-12-23,2017-18,MIN,PHX,215.0,221,OVER,2,0.554,0.7196,0.4392,0.05,True,0.9,4.5
2017-12-25,2017-18,PHI,NYK,212.0,203,UNDER,1,-0.466,0.3119,0.3763,0,True,0.9,0.0
2017-12-25,2017-18,HOU,OKC,216.5,219,OVER,1,0.204,0.586,0.1719,0.05,True,0.9,4.5
2017-12-26,2017-18,IND,DET,208.5,190,UNDER,1,-0.239,0.3996,0.2008,0,True,0.9,0.0
2017-12-26,2017-18,ORL,MIA,208.0,196,UNDER,2,-0.164,0.4309,0.1381,0,True,0.9,0.0
2017-12-26,2017-18,MEM,PHX,206.0,196,UNDER,1,-0.337,0.3607,0.2785,0,True,0.9,0.0
2017-12-26,2017-18,SAC,LAC,204.5,217,OVER,1,0.257,0.6076,0.2152,0.05,True,0.9,4.5
2017-12-27,2017-18,DEN,MIN,214.5,253,OVER,1,0.188,0.5792,0.1583,0.05,True,0.9,4.5
2017-12-28,2017-18,MIN,MIL,214.0,198,OVER,1,0.472,0.6904,0.3808,0.05,False,-1.0,-5.0
2017-12-28,2017-18,PHI,POR,208.0,224,OVER,1,0.544,0.7161,0.4323,0.05,True,0.9,4.5
2017-12-29,2017-18,HOU,WAS,220.5,224,OVER,1,0.405,0.6658,0.3315,0.05,True,0.9,4.5
2017-12-29,2017-18,PHX,SAC,209.0,212,UNDER,2,-0.004,0.4982,0.0035,0,False,-1.0,0
2017-12-30,2017-18,POR,ATL,206.5,193,UNDER,2,-0.47,0.3103,0.3795,0,True,0.9,0.0
2017-12-30,2017-18,CLE,UTA,207.5,205,UNDER,1,-0.201,0.4154,0.1693,0,True,0.9,0.0
2017-12-30,2017-18,PHI,DEN,216.0,209,OVER,1,0.241,0.601,0.2021,0.05,False,-1.0,-5.0
2017-12-31,2017-18,BKN,BOS,210.0,213,OVER,1,0.311,0.6294,0.2587,0.05,True,0.9,4.5
2017-12-31,2017-18,DAL,OKC,202.0,229,UNDER,1,-0.32,0.3671,0.2658,0,False,-1.0,0
2017-12-31,2017-18,CHA,LAC,213.0,204,UNDER,1,-0.565,0.2767,0.4465,0,True,0.9,0.0
2018-01-01,2017-18,ORL,BKN,217.0,193,UNDER,1,-0.382,0.3432,0.3136,0,True,0.9,0.0
2018-01-01,2017-18,POR,CHI,207.5,244,OVER,1,0.343,0.6419,0.2838,0.05,True,0.9,4.5
2018-01-02,2017-18,POR,CLE,210.5,237,OVER,1,0.275,0.6146,0.2293,0.05,True,0.9,4.5
2018-01-03,2017-18,GSW,DAL,215.0,247,OVER,1,0.382,0.6569,0.3139,0.05,True,0.9,4.5
2018-01-05,2017-18,NYK,MIA,200.5,210,OVER,1,0.218,0.5917,0.1834,0.05,True,0.9,4.5
2018-01-05,2017-18,ATL,POR,208.0,199,UNDER,1,-0.459,0.3141,0.3718,0,True,0.9,0.0
2018-01-05,2017-18,CHA,LAL,215.5,202,UNDER,2,-0.755,0.2169,0.5663,0,True,0.9,0.0
2018-01-06,2017-18,BOS,BKN,208.0,172,UNDER,1,-0.229,0.4038,0.1925,0,True,0.9,0.0
2018-01-06,2017-18,HOU,DET,213.0,209,OVER,1,0.204,0.586,0.1719,0.05,False,-1.0,-5.0
2018-01-06,2017-18,MIL,WAS,214.5,213,UNDER,1,-0.44,0.3213,0.3574,0,True,0.9,0.0
2018-01-06,2017-18,NOP,MIN,218.0,214,OVER,1,0.447,0.6814,0.3628,0.05,False,-1.0,-5.0
2018-01-10,2017-18,CHI,NYK,208.0,241,OVER,1,0.431,0.6755,0.3509,0.05,True,0.9,4.5
2018-01-10,2017-18,POR,HOU,214.0,233,OVER,1,0.275,0.6146,0.2293,0.05,True,0.9,4.5
2018-01-11,2017-18,LAC,SAC,209.0,236,OVER,1,0.328,0.6358,0.2717,0.05,True,0.9,4.5
2018-01-12,2017-18,POR,NOP,218.0,232,OVER,1,0.307,0.6277,0.2554,0.05,True,0.9,4.5
2018-01-12,2017-18,MEM,DEN,208.5,165,UNDER,1,-0.269,0.3875,0.2249,0,True,0.9,0.0
2018-01-13,2017-18,DET,CHI,207.0,212,OVER,1,0.343,0.6419,0.2838,0.05,True,0.9,4.5
2018-01-14,2017-18,MIL,MIA,205.0,176,UNDER,1,-0.341,0.3591,0.2817,0,True,0.9,0.0
2018-01-14,2017-18,NOP,NYK,217.0,241,OVER,1,0.447,0.6814,0.3628,0.05,True,0.9,4.5
2018-01-15,2017-18,MIL,WAS,214.0,199,UNDER,1,-0.44,0.3213,0.3574,0,True,0.9,0.0
2018-01-15,2017-18,SAS,ATL,205.5,201,UNDER,1,-0.489,0.3035,0.393,0,True,0.9,0.0
2018-01-15,2017-18,MIA,CHI,206.5,230,OVER,1,0.343,0.6419,0.2838,0.05,True,0.9,4.5
2018-01-15,2017-18,IND,UTA,205.5,203,UNDER,1,-0.201,0.4154,0.1693,0,True,0.9,0.0
2018-01-16,2017-18,MIN,ORL,216.0,210,UNDER,2,-0.101,0.4572,0.0856,0,True,0.9,0.0
2018-01-16,2017-18,DAL,DEN,212.0,207,OVER,1,0.241,0.601,0.2021,0.05,False,-1.0,-5.0
2018-01-17,2017-18,SAS,BKN,205.0,195,UNDER,1,-0.489,0.3035,0.393,0,True,0.9,0.0
2018-01-19,2017-18,WAS,DET,207.5,234,OVER,1,0.315,0.6307,0.2613,0.05,True,0.9,4.5
2018-01-19,2017-18,NYK,UTA,203.5,232,UNDER,1,-0.201,0.4154,0.1693,0,False,-1.0,0
2018-01-20,2017-18,GSW,HOU,234.0,224,UNDER,1,-0.486,0.3044,0.3911,0,True,0.9,0.0
2018-01-20,2017-18,LAC,UTA,211.5,238,UNDER,1,-0.285,0.3811,0.2378,0,False,-1.0,0
2018-01-21,2017-18,ORL,BOS,208.0,198,OVER,1,0.328,0.6358,0.2715,0.05,False,-1.0,-5.0
2018-01-21,2017-18,NYK,LAL,213.5,234,UNDER,1,-0.505,0.2977,0.4045,0,False,-1.0,0
2018-01-22,2017-18,UTA,ATL,205.0,194,OVER,1,0.439,0.6784,0.3567,0.05,False,-1.0,-5.0
2018-01-22,2017-18,CHI,NOP,224.5,260,OVER,1,0.336,0.6392,0.2784,0.05,True,0.9,4.5
2018-01-22,2017-18,PHI,MEM,207.5,206,OVER,1,0.544,0.7161,0.4323,0.05,False,-1.0,-5.0
2018-01-22,2017-18,MIN,LAC,219.5,244,OVER,1,0.472,0.6904,0.3808,0.05,True,0.9,4.5
2018-01-23,2017-18,SAC,ORL,213.0,204,UNDER,1,-0.359,0.3521,0.2957,0,True,0.9,0.0
2018-01-24,2017-18,PHX,IND,216.0,217,OVER,2,1.162,0.8781,0.7563,0.05,True,0.9,4.5
2018-01-24,2017-18,HOU,DAL,217.0,201,OVER,1,0.204,0.586,0.1719,0.05,False,-1.0,-5.0
2018-01-24,2017-18,MIN,POR,214.0,237,OVER,1,0.472,0.6904,0.3808,0.05,True,0.9,4.5
2018-01-25,2017-18,NYK,DEN,214.0,248,OVER,1,0.241,0.601,0.2021,0.05,True,0.9,4.5
2018-01-25,2017-18,MIN,GSW,227.0,239,OVER,1,0.821,0.8015,0.603,0.05,True,0.9,4.5
2018-01-26,2017-18,PHI,SAS,205.0,175,UNDER,1,-0.356,0.3532,0.2937,0,True,0.9,0.0
2018-01-27,2017-18,CHA,MIA,203.0,186,OVER,1,0.218,0.5917,0.1834,0.05,False,-1.0,-5.0
2018-01-27,2017-18,BOS,GSW,222.5,214,UNDER,1,-0.466,0.3117,0.3766,0,True,0.9,0.0
2018-01-27,2017-18,DAL,DEN,207.5,180,UNDER,1,-0.32,0.3671,0.2658,0,True,0.9,0.0
2018-01-28,2017-18,PHX,HOU,227.0,215,UNDER,1,-0.434,0.3235,0.3531,0,True,0.9,0.0
2018-01-28,2017-18,LAC,NOP,227.5,215,OVER,1,0.327,0.6355,0.2709,0.05,False,-1.0,-5.0
2018-01-29,2017-18,CHA,IND,215.0,201,UNDER,1,-0.565,0.2767,0.4465,0,True,0.9,0.0
2018-01-29,2017-18,MIN,ATL,215.5,205,OVER,1,0.23,0.5964,0.1928,0.05,False,-1.0,-5.0
2018-01-30,2017-18,MIN,TOR,218.0,213,UNDER,1,-0.228,0.4042,0.1916,0,True,0.9,0.0
2018-01-30,2017-18,CLE,DET,218.5,239,UNDER,1,-0.286,0.3807,0.2386,0,False,-1.0,0
2018-01-30,2017-18,ORL,HOU,222.0,221,OVER,1,0.397,0.6627,0.3254,0.05,False,-1.0,-5.0
2018-01-30,2017-18,GSW,UTA,217.5,228,OVER,1,0.382,0.6569,0.3139,0.05,True,0.9,4.5
2018-01-31,2017-18,MEM,IND,205.0,206,UNDER,1,-0.269,0.3875,0.2249,0,False,-1.0,0
2018-01-31,2017-18,LAL,ORL,216.5,232,OVER,1,0.284,0.6182,0.2365,0.05,True,0.9,4.5
2018-01-31,2017-18,MIA,CLE,213.0,180,UNDER,1,-0.242,0.3985,0.2029,0,True,0.9,0.0
2018-01-31,2017-18,CHI,POR,214.0,232,OVER,1,0.272,0.6137,0.2273,0.05,True,0.9,4.5
2018-02-01,2017-18,MEM,DET,203.0,206,UNDER,1,-0.269,0.3875,0.2249,0,False,-1.0,0
2018-02-01,2017-18,MIL,MIN,212.5,197,UNDER,1,-0.44,0.3213,0.3574,0,True,0.9,0.0
2018-02-02,2017-18,POR,TOR,214.5,235,UNDER,1,-0.228,0.4042,0.1916,0,False,-1.0,0
2018-02-02,2017-18,LAL,BKN,216.5,201,OVER,1,0.284,0.6182,0.2365,0.05,False,-1.0,-5.0
2018-02-02,2017-18,UTA,PHX,210.5,226,OVER,1,0.38,0.6561,0.3122,0.05,True,0.9,4.5
2018-02-03,2017-18,DAL,SAC,202.0,205,UNDER,1,-0.703,0.2323,0.5355,0,False,-1.0,0
2018-02-04,2017-18,MIL,BKN,208.5,203,UNDER,1,-0.229,0.4038,0.1925,0,True,0.9,0.0
2018-02-05,2017-18,POR,DET,210.5,202,UNDER,1,-0.286,0.3807,0.2386,0,True,0.9,0.0
2018-02-05,2017-18,UTA,NOP,213.5,242,OVER,1,0.307,0.6277,0.2554,0.05,True,0.9,4.5
2018-02-05,2017-18,CHA,DEN,218.5,225,OVER,1,0.241,0.601,0.2021,0.05,True,0.9,4.5
2018-02-06,2017-18,MEM,ATL,204.5,190,OVER,1,0.439,0.6784,0.3567,0.05,False,-1.0,-5.0
2018-02-07,2017-18,HOU,MIA,210.5,210,OVER,2,0.304,0.6265,0.2531,0.05,False,-1.0,-5.0
2018-02-09,2017-18,MIN,CHI,215.5,227,OVER,1,0.23,0.5964,0.1928,0.05,True,0.9,4.5
2018-02-09,2017-18,CHA,UTA,208.5,200,UNDER,1,-0.201,0.4154,0.1693,0,True,0.9,0.0
2018-02-09,2017-18,POR,SAC,208.5,218,OVER,1,0.286,0.6192,0.2383,0.05,True,0.9,4.5
2018-02-10,2017-18,LAC,PHI,217.5,210,UNDER,1,-0.285,0.3811,0.2378,0,True,0.9,0.0
2018-02-10,2017-18,LAL,DAL,213.0,253,OVER,1,0.284,0.6182,0.2365,0.05,True,0.9,4.5
2018-02-11,2017-18,MEM,OKC,205.5,202,UNDER,2,-1.207,0.1139,0.7722,0,True,0.9,0.0
2018-02-12,2017-18,PHX,GSW,228.0,212,UNDER,1,-0.434,0.3235,0.3531,0,True,0.9,0.0
2018-02-13,2017-18,SAS,DEN,207.5,226,UNDER,1,-0.489,0.3035,0.393,0,False,-1.0,0
2018-02-14,2017-18,ATL,DET,212.0,202,UNDER,1,-0.308,0.372,0.2561,0,True,0.9,0.0
2018-02-14,2017-18,LAL,NOP,224.0,256,OVER,1,0.599,0.7346,0.4692,0.05,True,0.9,4.5
2018-02-15,2017-18,DEN,MIL,212.0,257,OVER,1,0.188,0.5792,0.1583,0.05,True,0.9,4.5
2018-02-23,2017-18,ATL,IND,211.0,209,OVER,1,1.016,0.849,0.6981,0.05,False,-1.0,-5.0
2018-02-23,2017-18,SAS,DEN,211.0,241,OVER,1,0.241,0.601,0.2021,0.05,True,0.9,4.5
2018-02-23,2017-18,POR,UTA,206.5,181,UNDER,2,-0.367,0.3491,0.3019,0,True,0.9,0.0
2018-02-24,2017-18,DAL,UTA,206.0,187,UNDER,1,-0.32,0.3671,0.2658,0,True,0.9,0.0
2018-02-25,2017-18,SAS,CLE,215.5,204,UNDER,1,-0.242,0.3985,0.2029,0,True,0.9,0.0
2018-02-25,2017-18,PHI,WAS,211.5,203,UNDER,1,-0.677,0.2404,0.5191,0,True,0.9,0.0
2018-02-26,2017-18,MEM,BOS,200.0,207,OVER,1,0.328,0.6358,0.2715,0.05,True,0.9,4.5
2018-02-26,2017-18,MIN,SAC,214.5,218,OVER,1,0.23,0.5964,0.1928,0.05,True,0.9,4.5
2018-02-27,2017-18,PHI,MIA,205.0,203,OVER,1,0.544,0.7161,0.4323,0.05,False,-1.0,-5.0
2018-02-28,2017-18,NOP,SAS,220.0,237,OVER,1,0.891,0.8198,0.6396,0.05,True,0.9,4.5
2018-03-01,2017-18,LAL,MIA,215.5,244,OVER,1,0.228,0.5957,0.1914,0.05,True,0.9,4.5
2018-03-02,2017-18,DEN,MEM,215.5,210,OVER,1,0.291,0.6212,0.2425,0.05,False,-1.0,-5.0
2018-03-03,2017-18,MEM,ORL,208.5,207,UNDER,1,-0.269,0.3875,0.2249,0,True,0.9,0.0
2018-03-03,2017-18,DET,MIA,206.0,201,OVER,1,0.218,0.5917,0.1834,0.05,False,-1.0,-5.0
2018-03-03,2017-18,BOS,HOU,217.0,243,OVER,1,0.446,0.681,0.3621,0.05,True,0.9,4.5
2018-03-03,2017-18,UTA,SAC,203.0,189,OVER,1,0.286,0.6192,0.2383,0.05,False,-1.0,-5.0
2018-03-06,2017-18,DEN,DAL,220.0,225,OVER,1,0.321,0.6333,0.2667,0.05,True,0.9,4.5
2018-03-08,2017-18,PHI,MIA,208.5,207,OVER,2,0.142,0.56,0.12,0.05,False,-1.0,-5.0
2018-03-08,2017-18,PHX,OKC,228.5,202,UNDER,2,-0.122,0.4484,0.1031,0,True,0.9,0.0
2018-03-09,2017-18,CHI,DET,214.0,182,UNDER,1,-0.308,0.372,0.2561,0,True,0.9,0.0
2018-03-09,2017-18,WAS,NOP,219.5,213,OVER,1,0.307,0.6277,0.2554,0.05,False,-1.0,-5.0
2018-03-09,2017-18,GSW,POR,227.5,233,OVER,1,0.488,0.6961,0.3922,0.05,True,0.9,4.5
2018-03-10,2017-18,PHX,CHA,223.0,237,OVER,1,0.425,0.6733,0.3465,0.05,True,0.9,4.5
2018-03-10,2017-18,WAS,MIA,207.0,231,OVER,1,0.218,0.5917,0.1834,0.05,True,0.9,4.5
2018-03-10,2017-18,MEM,DAL,205.5,194,UNDER,1,-0.269,0.3875,0.2249,0,True,0.9,0.0
2018-03-11,2017-18,CLE,LAL,228.5,240,UNDER,1,-0.366,0.3492,0.3016,0,False,-1.0,0
2018-03-12,2017-18,MIA,POR,211.0,214,UNDER,2,-0.093,0.4607,0.0786,0,False,-1.0,0
2018-03-14,2017-18,WAS,BOS,204.0,249,OVER,1,0.315,0.6307,0.2613,0.05,True,0.9,4.5
2018-03-14,2017-18,MIA,SAC,205.5,242,OVER,1,0.286,0.6192,0.2383,0.05,True,0.9,4.5
2018-03-15,2017-18,LAC,HOU,224.5,197,OVER,1,0.397,0.6627,0.3254,0.05,False,-1.0,-5.0
2018-03-15,2017-18,CHI,MEM,211.5,221,UNDER,1,-0.679,0.2396,0.5208,0,False,-1.0,0
2018-03-17,2017-18,DEN,MEM,216.0,195,OVER,1,0.291,0.6212,0.2425,0.05,False,-1.0,-5.0
2018-03-17,2017-18,DET,POR,208.5,187,UNDER,1,-0.459,0.3141,0.3718,0,True,0.9,0.0
2018-03-19,2017-18,DET,SAC,203.0,196,OVER,1,0.328,0.6358,0.2717,0.05,False,-1.0,-5.0
2018-03-20,2017-18,HOU,POR,216.0,226,OVER,1,0.204,0.586,0.1719,0.05,True,0.9,4.5
2018-03-21,2017-18,MEM,PHI,211.0,224,OVER,1,0.341,0.641,0.2821,0.05,True,0.9,4.5
2018-03-21,2017-18,WAS,SAS,203.5,188,UNDER,1,-0.356,0.3532,0.2937,0,True,0.9,0.0
2018-03-22,2017-18,PHI,ORL,212.5,216,UNDER,1,-0.359,0.3521,0.2957,0,False,-1.0,0
2018-03-23,2017-18,LAC,IND,217.5,213,UNDER,1,-0.285,0.3811,0.2378,0,True,0.9,0.0
2018-03-23,2017-18,DEN,WAS,220.5,208,OVER,1,0.405,0.6658,0.3315,0.05,False,-1.0,-5.0
2018-03-23,2017-18,PHX,CLE,230.0,215,OVER,1,0.431,0.6755,0.351,0.05,False,-1.0,-5.0
2018-03-23,2017-18,MIA,OKC,215.5,204,UNDER,1,-0.39,0.34,0.3201,0,True,0.9,0.0
2018-03-23,2017-18,MIL,CHI,215.5,223,UNDER,1,-0.44,0.3213,0.3574,0,False,-1.0,0
2018-03-23,2017-18,BOS,POR,203.0,205,UNDER,1,-0.459,0.3141,0.3718,0,False,-1.0,0
2018-03-23,2017-18,ATL,GSW,221.0,200,UNDER,1,-0.348,0.3563,0.2875,0,True,0.9,0.0
2018-03-24,2017-18,CHI,DET,210.0,212,OVER,1,0.367,0.6511,0.3023,0.05,True,0.9,4.5
2018-03-24,2017-18,PHX,ORL,217.5,204,UNDER,1,-0.359,0.3521,0.2957,0,True,0.9,0.0
2018-03-24,2017-18,CHA,DAL,214.5,200,UNDER,1,-0.565,0.2767,0.4465,0,True,0.9,0.0
2018-03-25,2017-18,LAC,TOR,225.5,223,UNDER,1,-0.39,0.3399,0.3202,0,True,0.9,0.0
2018-03-26,2017-18,DEN,PHI,222.0,227,OVER,1,0.321,0.6333,0.2667,0.05,True,0.9,4.5
2018-03-26,2017-18,MEM,MIN,215.5,194,OVER,1,0.341,0.641,0.2821,0.05,False,-1.0,-5.0
2018-03-26,2017-18,BOS,PHX,210.0,196,OVER,1,0.505,0.7023,0.4047,0.05,False,-1.0,-5.0
2018-03-27,2017-18,CHI,HOU,218.0,204,OVER,1,0.367,0.6511,0.3023,0.05,False,-1.0,-5.0
2018-03-27,2017-18,DAL,SAC,201.5,200,OVER,2,0.509,0.7039,0.4078,0.05,False,-1.0,-5.0
2018-03-28,2017-18,POR,MEM,202.0,211,UNDER,1,-0.324,0.3659,0.2683,0,False,-1.0,0
2018-03-29,2017-18,WAS,DET,210.0,195,UNDER,1,-0.286,0.3807,0.2386,0,True,0.9,0.0
2018-03-29,2017-18,CHI,MIA,210.5,195,OVER,1,0.367,0.6511,0.3023,0.05,False,-1.0,-5.0
2018-03-29,2017-18,IND,SAC,203.5,209,OVER,1,0.286,0.6192,0.2383,0.05,True,0.9,4.5
2018-03-29,2017-18,MIL,GSW,215.5,223,UNDER,1,-0.44,0.3213,0.3574,0,False,-1.0,0
2018-03-30,2017-18,NOP,CLE,229.5,209,UNDER,1,-0.362,0.3507,0.2986,0,True,0.9,0.0
2018-03-30,2017-18,DEN,OKC,222.0,251,OVER,1,0.321,0.6333,0.2667,0.05,True,0.9,4.5
2018-03-30,2017-18,MIL,LAL,218.5,246,OVER,1,0.284,0.6182,0.2365,0.05,True,0.9,4.5
2018-04-01,2017-18,HOU,SAS,209.0,183,UNDER,1,-0.241,0.3989,0.2021,0,True,0.9,0.0
2018-04-01,2017-18,OKC,NOP,226.0,213,UNDER,2,-0.589,0.2688,0.4623,0,True,0.9,0.0
2018-04-01,2017-18,ORL,ATL,209.0,182,OVER,2,0.561,0.7217,0.4434,0.05,False,-1.0,-5.0
2018-04-01,2017-18,UTA,MIN,208.5,218,UNDER,1,-0.306,0.3729,0.2541,0,False,-1.0,0
2018-04-01,2017-18,MIL,DEN,223.5,253,OVER,1,0.365,0.6504,0.3007,0.05,True,0.9,4.5
2018-04-03,2017-18,ORL,NYK,212.0,170,UNDER,2,-0.595,0.2668,0.4664,0,True,0.9,0.0
2018-04-03,2017-18,IND,DEN,216.5,211,OVER,1,0.241,0.601,0.2021,0.05,False,-1.0,-5.0
2018-04-03,2017-18,SAS,LAC,210.0,223,OVER,1,0.382,0.6567,0.3134,0.05,True,0.9,4.5
2018-04-04,2017-18,PHI,DET,210.0,223,UNDER,1,-0.286,0.3807,0.2386,0,False,-1.0,0
2018-04-04,2017-18,MEM,NOP,216.5,218,OVER,1,0.341,0.641,0.2821,0.05,True,0.9,4.5
2018-04-04,2017-18,SAS,LAL,207.0,234,UNDER,1,-0.489,0.3035,0.393,0,False,-1.0,0
2018-04-05,2017-18,WAS,CLE,219.0,234,UNDER,1,-0.242,0.3985,0.2029,0,False,-1.0,0
2018-04-05,2017-18,LAC,UTA,211.0,212,OVER,1,0.268,0.6121,0.2241,0.05,True,0.9,4.5
2018-04-06,2017-18,DAL,DET,202.0,219,UNDER,1,-0.32,0.3671,0.2658,0,False,-1.0,0
2018-04-06,2017-18,CHI,BOS,200.0,215,OVER,1,0.328,0.6358,0.2715,0.05,True,0.9,4.5
2018-04-07,2017-18,DEN,LAC,221.5,249,OVER,1,0.545,0.7163,0.4327,0.05,True,0.9,4.5
2018-04-07,2017-18,OKC,HOU,219.5,210,OVER,1,0.446,0.681,0.3621,0.05,False,-1.0,-5.0
2018-04-07,2017-18,POR,SAS,202.5,221,UNDER,2,-0.477,0.3078,0.3845,0,False,-1.0,0
2018-04-08,2017-18,ATL,BOS,201.0,218,OVER,1,0.328,0.6358,0.2715,0.05,True,0.9,4.5
2018-04-08,2017-18,ORL,TOR,210.5,213,UNDER,1,-0.382,0.3432,0.3136,0,False,-1.0,0
2018-04-09,2017-18,MEM,MIN,212.0,207,OVER,1,0.341,0.641,0.2821,0.05,False,-1.0,-5.0
2018-04-09,2017-18,NOP,LAC,227.5,213,UNDER,1,-0.362,0.3507,0.2986,0,True,0.9,0.0
2018-04-11,2017-18,MIL,PHI,215.0,225,UNDER,1,-0.44,0.3213,0.3574,0,False,-1.0,0
2018-04-11,2017-18,SAS,NOP,211.5,220,OVER,1,0.307,0.6277,0.2554,0.05,True,0.9,4.5
2018-04-11,2017-18,WAS,ORL,201.0,193,OVER,1,0.315,0.6307,0.2613,0.05,False,-1.0,-5.0
2018-04-11,2017-18,HOU,SAC,204.0,179,OVER,2,0.439,0.6783,0.3566,0.05,False,-1.0,-5.0
2018-04-14,2017-18,MIA,PHI,210.0,233,UNDER,1,-0.39,0.34,0.3201,0,False,-1.0,0
2018-04-14,2017-18,NOP,POR,216.0,192,OVER,1,0.272,0.6137,0.2273,0.05,False,-1.0,-5.0
2018-04-16,2017-18,SAS,GSW,207.0,217,UNDER,1,-0.489,0.3035,0.393,0,False,-1.0,0
2018-04-17,2017-18,NOP,POR,212.5,213,OVER,1,0.272,0.6137,0.2273,0.05,True,0.9,4.5
2018-04-18,2017-18,IND,CLE,208.5,197,OVER,1,0.475,0.6914,0.3828,0.05,False,-1.0,-5.0
2018-04-20,2017-18,TOR,WAS,218.0,225,UNDER,1,-0.677,0.2404,0.5191,0,False,-1.0,0
2018-04-21,2017-18,PHI,MIA,217.0,208,OVER,1,0.228,0.5957,0.1914,0.05,False,-1.0,-5.0
2018-04-21,2017-18,POR,NOP,216.0,254,OVER,1,0.275,0.6146,0.2293,0.05,True,0.9,4.5
2018-04-21,2017-18,HOU,MIN,213.0,226,OVER,1,0.204,0.586,0.1719,0.05,True,0.9,4.5
2018-04-21,2017-18,OKC,UTA,207.0,217,UNDER,1,-0.201,0.4154,0.1693,0,False,-1.0,0
2018-04-25,2017-18,IND,CLE,205.0,193,OVER,1,0.475,0.6914,0.3828,0.05,False,-1.0,-5.0
2018-04-27,2017-18,TOR,WAS,215.0,194,UNDER,1,-0.677,0.2404,0.5191,0,True,0.9,0.0
2018-04-27,2017-18,OKC,UTA,206.0,187,UNDER,1,-0.201,0.4154,0.1693,0,True,0.9,0.0
2018-05-01,2017-18,CLE,TOR,218.0,225,UNDER,1,-0.228,0.4042,0.1916,0,False,-1.0,0
2018-05-04,2017-18,HOU,UTA,207.0,205,UNDER,1,-0.201,0.4154,0.1693,0,True,0.9,0.0
2018-05-05,2017-18,BOS,PHI,208.0,199,UNDER,1,-0.666,0.2436,0.5127,0,True,0.9,0.0
2018-05-05,2017-18,TOR,CLE,217.0,208,UNDER,1,-0.242,0.3985,0.2029,0,True,0.9,0.0
2018-05-06,2017-18,HOU,UTA,208.5,187,UNDER,1,-0.201,0.4154,0.1693,0,True,0.9,0.0
2018-05-07,2017-18,TOR,CLE,213.0,221,UNDER,1,-0.242,0.3985,0.2029,0,False,-1.0,0
2018-05-09,2017-18,PHI,BOS,205.0,226,OVER,1,0.544,0.7161,0.4323,0.05,True,0.9,4.5
2018-05-31,2017-18,CLE,GSW,215.5,238,OVER,1,0.415,0.6695,0.3391,0.05,True,0.9,4.5
2018-06-03,2017-18,CLE,GSW,216.0,225,OVER,1,0.415,0.6695,0.3391,0.05,True,0.9,4.5
2018-06-06,2017-18,GSW,CLE,217.5,212,UNDER,1,-0.242,0.3985,0.2029,0,True,0.9,0.0
2018-06-08,2017-18,GSW,CLE,216.0,193,UNDER,1,-0.242,0.3985,0.2029,0,True,0.9,0.0
2018-10-17,2018-19,MEM,IND,209.0,194,UNDER,1,-0.269,0.3875,0.2249,0,True,0.9,0.0
2018-10-17,2018-19,CLE,TOR,214.0,220,OVER,1,0.415,0.6695,0.3391,0.05,True,0.9,4.5
2018-10-17,2018-19,MIN,SAS,210.5,220,OVER,2,0.606,0.7369,0.4737,0.05,True,0.9,4.5
2018-10-17,2018-19,UTA,SAC,208.0,240,OVER,1,0.286,0.6192,0.2383,0.05,True,0.9,4.5
2018-10-18,2018-19,CHI,PHI,215.0,235,OVER,1,0.367,0.6511,0.3023,0.05,True,0.9,4.5
2018-10-20,2018-19,TOR,WAS,216.5,230,UNDER,1,-0.677,0.2404,0.5191,0,False,-1.0,0
2018-10-20,2018-19,CHA,MIA,216.5,225,OVER,1,0.228,0.5957,0.1914,0.05,True,0.9,4.5
2018-10-20,2018-19,MIN,DAL,216.0,276,OVER,1,0.472,0.6904,0.3808,0.05,True,0.9,4.5
2018-10-22,2018-19,ORL,BOS,212.0,183,OVER,1,0.311,0.6294,0.2587,0.05,False,-1.0,-5.0
2018-10-22,2018-19,WAS,POR,226.0,249,OVER,1,0.488,0.6961,0.3922,0.05,True,0.9,4.5
2018-10-22,2018-19,PHX,GSW,228.5,226,UNDER,1,-0.434,0.3235,0.3531,0,True,0.9,0.0
2018-10-23,2018-19,SAC,DEN,227.0,238,OVER,1,0.55,0.7182,0.4364,0.05,True,0.9,4.5
2018-10-24,2018-19,IND,SAS,215.0,212,OVER,1,0.382,0.6567,0.3134,0.05,False,-1.0,-5.0
2018-10-24,2018-19,LAL,PHX,234.0,244,OVER,1,0.368,0.6515,0.303,0.05,True,0.9,4.5
2018-10-26,2018-19,MIL,MIN,232.0,220,UNDER,1,-1.135,0.1268,0.7463,0,True,0.9,0.0
2018-10-27,2018-19,UTA,NOP,226.0,243,OVER,1,0.327,0.6355,0.2709,0.05,True,0.9,4.5
2018-10-29,2018-19,BKN,NYK,217.5,211,UNDER,1,-0.466,0.3119,0.3763,0,True,0.9,0.0
2018-10-29,2018-19,DAL,SAS,219.0,221,UNDER,1,-0.496,0.3009,0.3981,0,False,-1.0,0
2018-10-29,2018-19,NOP,DEN,232.5,227,UNDER,1,-0.353,0.3545,0.291,0,True,0.9,0.0
2018-11-01,2018-19,OKC,CHA,227.0,218,UNDER,1,-1.018,0.1505,0.699,0,True,0.9,0.0
2018-11-01,2018-19,DEN,CLE,222.0,201,OVER,1,0.321,0.6333,0.2667,0.05,False,-1.0,-5.0
2018-11-01,2018-19,MIL,BOS,215.0,230,UNDER,1,-0.44,0.3213,0.3574,0,False,-1.0,0
2018-11-02,2018-19,HOU,BKN,219.5,230,OVER,1,0.204,0.586,0.1719,0.05,True,0.9,4.5
2018-11-02,2018-19,NYK,DAL,216.5,224,OVER,1,0.714,0.7709,0.5417,0.05,True,0.9,4.5
2018-11-02,2018-19,MEM,UTA,202.0,210,UNDER,1,-0.269,0.3875,0.2249,0,False,-1.0,0
2018-11-03,2018-19,CLE,CHA,226.0,220,UNDER,1,-0.522,0.2916,0.4168,0,True,0.9,0.0
2018-11-03,2018-19,MIA,ATL,226.5,241,OVER,1,0.621,0.7418,0.4836,0.05,True,0.9,4.5
2018-11-04,2018-19,SAC,MIL,234.0,253,OVER,1,0.416,0.67,0.3399,0.05,True,0.9,4.5
2018-11-05,2018-19,MEM,GSW,219.0,218,OVER,1,0.341,0.641,0.2821,0.05,False,-1.0,-5.0
2018-11-06,2018-19,MIL,POR,230.0,221,UNDER,1,-1.135,0.1268,0.7463,0,True,0.9,0.0
2018-11-07,2018-19,OKC,CLE,219.5,181,UNDER,1,-0.242,0.3985,0.2029,0,True,0.9,0.0
2018-11-08,2018-19,HOU,OKC,214.5,178,OVER,1,0.204,0.586,0.1719,0.05,False,-1.0,-5.0
2018-11-08,2018-19,BOS,PHX,211.0,225,OVER,1,0.505,0.7023,0.4047,0.05,True,0.9,4.5
2018-11-08,2018-19,LAC,POR,225.5,221,OVER,1,0.488,0.6961,0.3922,0.05,False,-1.0,-5.0
2018-11-09,2018-19,IND,MIA,209.5,212,UNDER,2,-0.415,0.3305,0.3389,0,False,-1.0,0
2018-11-10,2018-19,MIL,LAC,231.5,254,OVER,1,0.623,0.7427,0.4853,0.05,True,0.9,4.5
2018-11-10,2018-19,PHX,NOP,228.0,218,UNDER,1,-0.434,0.3235,0.3531,0,True,0.9,0.0
2018-11-10,2018-19,WAS,MIA,225.5,226,UNDER,1,-0.603,0.2641,0.4719,0,False,-1.0,0
2018-11-10,2018-19,PHI,MEM,210.0,218,UNDER,1,-0.679,0.2396,0.5208,0,False,-1.0,0
2018-11-11,2018-19,CHA,DET,221.0,216,UNDER,1,-0.661,0.2452,0.5096,0,True,0.9,0.0
2018-11-11,2018-19,IND,HOU,209.0,218,UNDER,2,-0.426,0.3265,0.347,0,False,-1.0,0
2018-11-11,2018-19,ORL,NYK,207.5,204,OVER,1,0.358,0.6475,0.2949,0.05,False,-1.0,-5.0
2018-11-11,2018-19,MIL,DEN,220.0,235,OVER,1,0.545,0.7163,0.4327,0.05,True,0.9,4.5
2018-11-12,2018-19,NOP,TOR,230.0,236,UNDER,1,-0.353,0.3545,0.291,0,False,-1.0,0
2018-11-13,2018-19,HOU,DEN,212.5,208,OVER,2,0.312,0.6296,0.2592,0.05,False,-1.0,-5.0
2018-11-14,2018-19,CLE,WAS,219.5,214,OVER,1,0.415,0.6695,0.3391,0.05,False,-1.0,-5.0
2018-11-14,2018-19,CHI,BOS,210.0,193,OVER,2,0.479,0.6931,0.3862,0.05,False,-1.0,-5.0
2018-11-15,2018-19,GSW,HOU,220.0,193,UNDER,1,-0.481,0.3064,0.3872,0,True,0.9,0.0
2018-11-16,2018-19,SAC,MEM,212.0,216,OVER,1,0.291,0.6212,0.2425,0.05,True,0.9,4.5
2018-11-17,2018-19,LAL,ORL,222.0,247,OVER,1,0.599,0.7346,0.4692,0.05,True,0.9,4.5
2018-11-18,2018-19,POR,WAS,224.0,228,OVER,1,0.405,0.6658,0.3315,0.05,True,0.9,4.5
2018-11-18,2018-19,LAL,MIA,228.0,210,UNDER,1,-0.479,0.3069,0.3862,0,True,0.9,0.0
2018-11-18,2018-19,GSW,SAS,217.0,196,OVER,1,0.382,0.6567,0.3134,0.05,False,-1.0,-5.0
2018-11-19,2018-19,PHX,PHI,220.0,233,OVER,1,0.425,0.6733,0.3465,0.05,True,0.9,4.5
2018-11-19,2018-19,CLE,DET,211.0,215,OVER,1,0.415,0.6695,0.3391,0.05,True,0.9,4.5
2018-11-19,2018-19,LAC,ATL,228.0,246,UNDER,1,-0.39,0.3399,0.3202,0,False,-1.0,0
2018-11-20,2018-19,BKN,MIA,215.5,196,OVER,1,0.228,0.5957,0.1914,0.05,False,-1.0,-5.0
2018-11-21,2018-19,NYK,BOS,216.5,226,OVER,1,0.311,0.6294,0.2587,0.05,True,0.9,4.5
2018-11-21,2018-19,OKC,GSW,222.5,218,UNDER,1,-0.481,0.3064,0.3872,0,True,0.9,0.0
2018-11-23,2018-19,HOU,DET,218.0,227,OVER,1,0.204,0.586,0.1719,0.05,True,0.9,4.5
2018-11-23,2018-19,PHX,MIL,228.5,230,UNDER,1,-0.434,0.3235,0.3531,0,False,-1.0,0
2018-11-23,2018-19,POR,GSW,220.5,222,UNDER,1,-0.481,0.3064,0.3872,0,False,-1.0,0
2018-11-24,2018-19,DEN,OKC,217.0,203,OVER,1,0.188,0.5792,0.1583,0.05,False,-1.0,-5.0
2018-11-25,2018-19,PHX,DET,217.5,225,UNDER,1,-0.308,0.372,0.2561,0,False,-1.0,0
2018-11-25,2018-19,LAC,POR,227.5,204,OVER,1,0.488,0.6961,0.3922,0.05,False,-1.0,-5.0
2018-11-26,2018-19,MIN,CLE,216.5,197,OVER,1,0.23,0.5964,0.1928,0.05,False,-1.0,-5.0
2018-11-26,2018-19,IND,UTA,203.0,209,UNDER,1,-0.201,0.4154,0.1693,0,False,-1.0,0
2018-11-27,2018-19,ATL,MIA,221.0,228,UNDER,1,-0.348,0.3563,0.2875,0,False,-1.0,0
2018-11-27,2018-19,LAL,DEN,211.5,202,OVER,1,0.241,0.601,0.2021,0.05,False,-1.0,-5.0
2018-11-28,2018-19,DAL,HOU,214.0,236,OVER,1,0.446,0.681,0.3621,0.05,True,0.9,4.5
2018-11-28,2018-19,CLE,OKC,216.0,183,OVER,1,0.415,0.6695,0.3391,0.05,False,-1.0,-5.0
2018-11-28,2018-19,ORL,POR,212.0,227,OVER,1,0.272,0.6137,0.2273,0.05,True,0.9,4.5
2018-11-28,2018-19,PHX,LAC,228.0,214,UNDER,1,-0.434,0.3235,0.3531,0,True,0.9,0.0
2018-11-30,2018-19,CHI,DET,216.5,195,UNDER,1,-0.308,0.372,0.2561,0,True,0.9,0.0
2018-11-30,2018-19,CLE,BOS,209.0,223,OVER,1,0.328,0.6358,0.2715,0.05,True,0.9,4.5
2018-11-30,2018-19,NOP,MIA,229.5,207,UNDER,2,-0.685,0.2377,0.5246,0,True,0.9,0.0
2018-11-30,2018-19,HOU,SAS,217.0,241,OVER,1,0.382,0.6567,0.3134,0.05,True,0.9,4.5
2018-11-30,2018-19,ATL,OKC,225.0,233,OVER,1,0.408,0.6666,0.3333,0.05,True,0.9,4.5
2018-11-30,2018-19,ORL,PHX,216.0,184,UNDER,1,-0.382,0.3432,0.3136,0,True,0.9,0.0
2018-12-01,2018-19,CHI,HOU,220.0,226,OVER,1,0.397,0.6627,0.3254,0.05,True,0.9,4.5
2018-12-01,2018-19,IND,SAC,222.5,221,OVER,1,0.454,0.6838,0.3675,0.05,False,-1.0,-5.0
2018-12-02,2018-19,PHX,LAL,224.5,216,OVER,1,0.425,0.6733,0.3465,0.05,False,-1.0,-5.0
2018-12-02,2018-19,UTA,MIA,210.5,202,OVER,1,0.228,0.5957,0.1914,0.05,False,-1.0,-5.0
2018-12-02,2018-19,POR,SAS,217.0,249,OVER,1,0.382,0.6567,0.3134,0.05,True,0.9,4.5
2018-12-03,2018-19,OKC,DET,220.0,193,UNDER,1,-0.661,0.2452,0.5096,0,True,0.9,0.0
2018-12-04,2018-19,ORL,MIA,207.5,195,UNDER,2,-0.005,0.498,0.0041,0,True,0.9,0.0
2018-12-05,2018-19,LAC,MEM,212.5,182,UNDER,2,-0.692,0.2358,0.5284,0,True,0.9,0.0
2018-12-05,2018-19,SAS,LAL,221.0,234,UNDER,1,-0.383,0.3428,0.3144,0,False,-1.0,0
2018-12-06,2018-19,NYK,BOS,218.5,228,OVER,1,0.311,0.6294,0.2587,0.05,True,0.9,4.5
2018-12-07,2018-19,PHI,DET,219.5,228,UNDER,1,-0.286,0.3807,0.2386,0,False,-1.0,0
2018-12-07,2018-19,IND,ORL,206.0,202,UNDER,1,-0.239,0.3996,0.2008,0,True,0.9,0.0
2018-12-07,2018-19,LAL,SAS,225.5,253,UNDER,1,-0.479,0.3069,0.3862,0,False,-1.0,0
2018-12-08,2018-19,HOU,DAL,218.0,211,OVER,1,0.204,0.586,0.1719,0.05,False,-1.0,-5.0
2018-12-08,2018-19,WAS,CLE,219.0,217,UNDER,1,-0.242,0.3985,0.2029,0,True,0.9,0.0
2018-12-09,2018-19,NOP,DET,228.0,224,OVER,1,0.327,0.6355,0.2709,0.05,False,-1.0,-5.0
2018-12-09,2018-19,MIL,TOR,231.0,203,OVER,1,0.623,0.7427,0.4853,0.05,False,-1.0,-5.0
2018-12-09,2018-19,UTA,SAS,218.0,207,OVER,1,0.382,0.6567,0.3134,0.05,False,-1.0,-5.0
2018-12-09,2018-19,CHA,NYK,225.0,226,OVER,1,0.291,0.6212,0.2424,0.05,True,0.9,4.5
2018-12-10,2018-19,NOP,BOS,230.5,213,UNDER,2,-0.711,0.23,0.54,0,True,0.9,0.0
2018-12-10,2018-19,ORL,DAL,211.5,177,UNDER,1,-0.695,0.2346,0.5307,0,True,0.9,0.0
2018-12-10,2018-19,MIN,GSW,226.0,224,OVER,1,0.821,0.8015,0.603,0.05,False,-1.0,-5.0
2018-12-11,2018-19,POR,HOU,219.5,215,OVER,2,0.517,0.7066,0.4133,0.05,False,-1.0,-5.0
2018-12-12,2018-19,POR,MEM,205.5,175,UNDER,1,-0.324,0.3659,0.2683,0,True,0.9,0.0
2018-12-12,2018-19,MIA,UTA,209.5,195,UNDER,1,-0.201,0.4154,0.1693,0,True,0.9,0.0
2018-12-12,2018-19,MIN,SAC,228.0,271,OVER,1,0.429,0.6748,0.3496,0.05,True,0.9,4.5
2018-12-13,2018-19,LAL,HOU,221.5,237,OVER,1,0.599,0.7346,0.4692,0.05,True,0.9,4.5
2018-12-14,2018-19,GSW,SAC,236.5,255,OVER,1,0.854,0.8104,0.6207,0.05,True,0.9,4.5
2018-12-15,2018-19,LAL,CHA,228.5,228,UNDER,1,-0.479,0.3069,0.3862,0,True,0.9,0.0
2018-12-15,2018-19,BOS,DET,211.0,217,UNDER,1,-0.286,0.3807,0.2386,0,False,-1.0,0
2018-12-15,2018-19,CHI,SAS,210.0,191,OVER,1,0.367,0.6511,0.3023,0.05,False,-1.0,-5.0
2018-12-15,2018-19,LAC,OKC,227.0,214,UNDER,1,-0.39,0.3399,0.3202,0,True,0.9,0.0
2018-12-16,2018-19,ATL,BKN,227.0,271,OVER,1,0.436,0.6771,0.3541,0.05,True,0.9,4.5
2018-12-16,2018-19,LAL,WAS,232.0,238,OVER,1,0.368,0.6515,0.303,0.05,True,0.9,4.5
2018-12-17,2018-19,MIL,DET,217.5,211,UNDER,1,-0.44,0.3213,0.3574,0,True,0.9,0.0
2018-12-17,2018-19,CHI,OKC,212.5,217,OVER,1,0.367,0.6511,0.3023,0.05,True,0.9,4.5
2018-12-18,2018-19,LAL,BKN,229.5,225,UNDER,1,-0.479,0.3069,0.3862,0,True,0.9,0.0
2018-12-19,2018-19,PHX,BOS,220.0,214,OVER,1,0.425,0.6733,0.3465,0.05,False,-1.0,-5.0
2018-12-19,2018-19,WAS,HOU,224.5,254,OVER,2,0.85,0.8092,0.6183,0.05,True,0.9,4.5
2018-12-19,2018-19,NOP,MIL,232.5,238,OVER,2,0.198,0.5834,0.1668,0.05,True,0.9,4.5
2018-12-19,2018-19,MEM,POR,201.5,191,UNDER,2,-0.522,0.2918,0.4165,0,True,0.9,0.0
2018-12-20,2018-19,HOU,MIA,208.5,200,OVER,1,0.218,0.5917,0.1834,0.05,False,-1.0,-5.0
2018-12-21,2018-19,ATL,NYK,228.0,221,OVER,1,0.291,0.6212,0.2424,0.05,False,-1.0,-5.0
2018-12-22,2018-19,MIL,MIA,215.5,181,UNDER,2,-0.18,0.4239,0.1521,0,True,0.9,0.0
2018-12-23,2018-19,ATL,DET,223.5,193,UNDER,1,-0.348,0.3563,0.2875,0,True,0.9,0.0
2018-12-23,2018-19,DAL,POR,215.5,239,OVER,1,0.272,0.6137,0.2273,0.05,True,0.9,4.5
2018-12-23,2018-19,MEM,LAL,207.5,206,UNDER,1,-0.269,0.3875,0.2249,0,True,0.9,0.0
2018-12-25,2018-19,PHI,BOS,222.5,235,OVER,1,0.499,0.7003,0.4006,0.05,True,0.9,4.5
2018-12-26,2018-19,TOR,MIA,210.5,210,OVER,1,0.228,0.5957,0.1914,0.05,False,-1.0,-5.0
2018-12-26,2018-19,MIN,CHI,209.5,213,OVER,1,0.917,0.8261,0.6523,0.05,True,0.9,4.5
2018-12-26,2018-19,NOP,DAL,228.5,241,OVER,1,0.327,0.6355,0.2709,0.05,True,0.9,4.5
2018-12-26,2018-19,DEN,SAS,213.5,214,OVER,1,0.188,0.5792,0.1583,0.05,True,0.9,4.5
2018-12-27,2018-19,LAL,SAC,229.5,233,OVER,1,0.319,0.6324,0.2648,0.05,True,0.9,4.5
2018-12-28,2018-19,TOR,ORL,208.0,203,OVER,1,0.437,0.6776,0.3553,0.05,False,-1.0,-5.0
2018-12-28,2018-19,LAC,LAL,229.0,225,UNDER,1,-0.39,0.3399,0.3202,0,True,0.9,0.0
2018-12-29,2018-19,CHA,WAS,223.0,256,OVER,1,0.405,0.6658,0.3315,0.05,True,0.9,4.5
2018-12-29,2018-19,DEN,PHX,217.5,240,OVER,1,0.188,0.5792,0.1583,0.05,True,0.9,4.5
2018-12-30,2018-19,MIN,MIA,211.0,217,OVER,1,0.228,0.5957,0.1914,0.05,True,0.9,4.5
2019-01-01,2018-19,UTA,TOR,212.0,238,UNDER,1,-0.228,0.4042,0.1916,0,False,-1.0,0
2019-01-01,2018-19,POR,SAC,230.0,221,UNDER,1,-0.5,0.2994,0.4011,0,True,0.9,0.0
2019-01-02,2018-19,MIA,CLE,204.5,209,OVER,1,0.475,0.6914,0.3828,0.05,True,0.9,4.5
2019-01-03,2018-19,TOR,SAS,216.5,232,OVER,1,0.382,0.6567,0.3134,0.05,True,0.9,4.5
2019-01-03,2018-19,DEN,SAC,227.5,230,OVER,1,0.429,0.6748,0.3496,0.05,True,0.9,4.5
2019-01-04,2018-19,ATL,MIL,230.5,256,OVER,1,0.416,0.67,0.3399,0.05,True,0.9,4.5
2019-01-04,2018-19,NYK,LAL,224.0,231,UNDER,1,-0.383,0.3428,0.3144,0,False,-1.0,0
2019-01-05,2018-19,MEM,SAS,205.0,196,UNDER,1,-0.269,0.3875,0.2249,0,True,0.9,0.0
2019-01-05,2018-19,GSW,SAC,238.5,250,OVER,1,0.854,0.8104,0.6207,0.05,True,0.9,4.5
2019-01-06,2018-19,BKN,CHI,208.0,217,OVER,1,0.343,0.6419,0.2838,0.05,True,0.9,4.5
2019-01-06,2018-19,WAS,OKC,226.0,214,OVER,1,0.408,0.6666,0.3333,0.05,False,-1.0,-5.0
2019-01-07,2018-19,BKN,BOS,218.5,211,OVER,1,0.311,0.6294,0.2587,0.05,False,-1.0,-5.0
2019-01-07,2018-19,UTA,MIL,221.5,216,OVER,1,0.414,0.6689,0.3377,0.05,False,-1.0,-5.0
2019-01-08,2018-19,IND,CLE,207.0,238,OVER,1,0.475,0.6914,0.3828,0.05,True,0.9,4.5
2019-01-08,2018-19,DEN,MIA,209.5,202,UNDER,1,-0.341,0.3591,0.2817,0,True,0.9,0.0
2019-01-09,2018-19,ATL,BKN,227.0,216,OVER,1,0.436,0.6771,0.3541,0.05,False,-1.0,-5.0
2019-01-09,2018-19,DET,LAL,218.0,213,UNDER,1,-0.505,0.2977,0.4045,0,True,0.9,0.0
2019-01-10,2018-19,BOS,MIA,209.5,214,UNDER,1,-0.341,0.3591,0.2817,0,False,-1.0,0
2019-01-11,2018-19,CLE,HOU,217.5,254,OVER,1,0.415,0.6695,0.3391,0.05,True,0.9,4.5
2019-01-12,2018-19,BOS,ORL,210.0,208,UNDER,1,-0.359,0.3521,0.2957,0,True,0.9,0.0
2019-01-12,2018-19,DEN,PHX,217.5,195,UNDER,1,-0.677,0.2402,0.5196,0,True,0.9,0.0
2019-01-13,2018-19,HOU,ORL,213.5,225,OVER,1,0.204,0.586,0.1719,0.05,True,0.9,4.5
2019-01-13,2018-19,POR,DEN,217.0,229,OVER,1,0.241,0.601,0.2021,0.05,True,0.9,4.5
2019-01-14,2018-19,MEM,HOU,203.0,206,UNDER,1,-0.269,0.3875,0.2249,0,False,-1.0,0
2019-01-14,2018-19,POR,SAC,227.5,222,OVER,1,0.429,0.6748,0.3496,0.05,False,-1.0,-5.0
2019-01-15,2018-19,PHX,IND,220.0,228,OVER,1,0.425,0.6733,0.3465,0.05,True,0.9,4.5
2019-01-16,2018-19,CLE,POR,217.5,241,OVER,1,0.415,0.6695,0.3391,0.05,True,0.9,4.5
2019-01-17,2018-19,PHX,TOR,225.0,220,UNDER,1,-0.434,0.3235,0.3531,0,True,0.9,0.0
2019-01-17,2018-19,CHI,DEN,212.0,240,OVER,1,0.367,0.6511,0.3023,0.05,True,0.9,4.5
2019-01-17,2018-19,LAL,OKC,226.0,266,OVER,1,0.408,0.6666,0.3333,0.05,True,0.9,4.5
2019-01-18,2018-19,MEM,BOS,204.5,238,OVER,1,0.328,0.6358,0.2715,0.05,True,0.9,4.5
2019-01-18,2018-19,CLE,UTA,214.5,214,OVER,1,0.415,0.6695,0.3391,0.05,False,-1.0,-5.0
2019-01-19,2018-19,SAC,DET,221.0,204,UNDER,2,-0.319,0.3676,0.2648,0,True,0.9,0.0
2019-01-19,2018-19,MIA,CHI,206.5,220,OVER,1,0.343,0.6419,0.2838,0.05,True,0.9,4.5
2019-01-19,2018-19,CLE,DEN,218.0,226,OVER,1,0.415,0.6695,0.3391,0.05,True,0.9,4.5
2019-01-20,2018-19,PHX,MIN,227.5,230,UNDER,1,-0.434,0.3235,0.3531,0,False,-1.0,0
2019-01-20,2018-19,LAC,SAS,226.0,198,UNDER,1,-0.39,0.3399,0.3202,0,True,0.9,0.0
2019-01-21,2018-19,DAL,MIL,230.0,222,OVER,1,0.416,0.67,0.3399,0.05,False,-1.0,-5.0
2019-01-23,2018-19,CLE,BOS,216.0,226,OVER,2,0.512,0.7047,0.4093,0.05,True,0.9,4.5
2019-01-23,2018-19,LAC,MIA,217.0,210,OVER,1,0.228,0.5957,0.1914,0.05,False,-1.0,-5.0
2019-01-23,2018-19,SAS,PHI,226.0,242,UNDER,1,-0.449,0.3178,0.3644,0,False,-1.0,0
2019-01-23,2018-19,ATL,CHI,221.5,222,OVER,1,0.69,0.7635,0.5271,0.05,True,0.9,4.5
2019-01-23,2018-19,CHA,MEM,210.0,225,UNDER,1,-0.565,0.2767,0.4465,0,False,-1.0,0
2019-01-23,2018-19,DEN,UTA,217.5,222,OVER,1,0.188,0.5792,0.1583,0.05,True,0.9,4.5
2019-01-25,2018-19,SAC,MEM,213.5,195,UNDER,1,-0.679,0.2396,0.5208,0,True,0.9,0.0
2019-01-25,2018-19,PHX,DEN,221.5,227,OVER,1,0.425,0.6733,0.3465,0.05,True,0.9,4.5
2019-01-26,2018-19,IND,MEM,204.5,209,UNDER,1,-0.239,0.3996,0.2008,0,False,-1.0,0
2019-01-27,2018-19,WAS,SAS,220.5,251,OVER,1,0.891,0.8198,0.6396,0.05,True,0.9,4.5
2019-01-27,2018-19,PHX,LAL,226.5,218,UNDER,1,-0.366,0.3492,0.3016,0,True,0.9,0.0
2019-01-28,2018-19,BKN,BOS,219.5,216,OVER,1,0.311,0.6294,0.2587,0.05,False,-1.0,-5.0
2019-01-29,2018-19,MIL,DET,217.5,220,UNDER,1,-0.308,0.372,0.2561,0,False,-1.0,0
2019-01-29,2018-19,NOP,HOU,234.5,237,UNDER,1,-0.353,0.3545,0.291,0,False,-1.0,0
2019-01-29,2018-19,PHX,SAS,223.5,250,OVER,1,0.425,0.6733,0.3465,0.05,True,0.9,4.5
2019-01-30,2018-19,IND,WAS,217.5,196,UNDER,1,-0.677,0.2404,0.5191,0,True,0.9,0.0
2019-01-31,2018-19,MIL,TOR,230.5,197,UNDER,1,-1.135,0.1268,0.7463,0,True,0.9,0.0
2019-01-31,2018-19,BKN,SAS,227.5,231,OVER,1,0.751,0.7819,0.5638,0.05,True,0.9,4.5
2019-02-01,2018-19,OKC,MIA,219.5,220,OVER,1,0.228,0.5957,0.1914,0.05,True,0.9,4.5
2019-02-01,2018-19,ATL,UTA,227.0,240,OVER,1,0.503,0.7016,0.4032,0.05,True,0.9,4.5
2019-02-02,2018-19,LAC,DET,215.0,212,UNDER,2,-0.403,0.3352,0.3295,0,True,0.9,0.0
2019-02-02,2018-19,IND,MIA,204.5,183,UNDER,2,-0.415,0.3305,0.3389,0,True,0.9,0.0
2019-02-04,2018-19,IND,NOP,218.0,216,OVER,1,0.307,0.6277,0.2554,0.05,False,-1.0,-5.0
2019-02-04,2018-19,SAS,SAC,227.5,239,OVER,1,0.429,0.6748,0.3496,0.05,True,0.9,4.5
2019-02-05,2018-19,BOS,CLE,214.5,199,OVER,1,0.419,0.6708,0.3415,0.05,False,-1.0,-5.0
2019-02-05,2018-19,MIA,POR,213.0,226,UNDER,2,-0.093,0.4607,0.0786,0,False,-1.0,0
2019-02-06,2018-19,WAS,MIL,230.0,277,OVER,1,0.416,0.67,0.3399,0.05,True,0.9,4.5
2019-02-06,2018-19,PHX,UTA,221.0,204,OVER,1,0.425,0.6733,0.3465,0.05,False,-1.0,-5.0
2019-02-06,2018-19,HOU,SAC,233.5,228,UNDER,1,-1.444,0.079,0.8419,0,True,0.9,0.0
2019-02-07,2018-19,MIN,ORL,218.0,234,OVER,1,0.472,0.6904,0.3808,0.05,True,0.9,4.5
2019-02-07,2018-19,MEM,OKC,214.5,212,OVER,1,0.341,0.641,0.2821,0.05,False,-1.0,-5.0
2019-02-07,2018-19,SAS,POR,227.5,245,OVER,1,0.488,0.6961,0.3922,0.05,True,0.9,4.5
2019-02-09,2018-19,CLE,IND,211.0,195,OVER,1,0.415,0.6695,0.3391,0.05,False,-1.0,-5.0
2019-02-09,2018-19,NOP,MEM,212.0,189,OVER,1,0.447,0.6814,0.3628,0.05,False,-1.0,-5.0
2019-02-10,2018-19,POR,DAL,219.5,203,UNDER,1,-0.695,0.2346,0.5307,0,True,0.9,0.0
2019-02-11,2018-19,DAL,HOU,221.0,224,OVER,1,0.397,0.6627,0.3254,0.05,True,0.9,4.5
2019-02-11,2018-19,MIA,DEN,212.0,190,UNDER,1,-0.39,0.34,0.3201,0,True,0.9,0.0
2019-02-12,2018-19,BOS,PHI,226.0,221,UNDER,1,-0.345,0.3575,0.2849,0,True,0.9,0.0
2019-02-13,2018-19,MIL,IND,219.0,203,UNDER,1,-0.44,0.3213,0.3574,0,True,0.9,0.0
2019-02-13,2018-19,MEM,CHI,203.5,232,OVER,1,0.343,0.6419,0.2838,0.05,True,0.9,4.5
2019-02-21,2018-19,MIA,PHI,218.0,208,UNDER,1,-0.39,0.34,0.3201,0,True,0.9,0.0
2019-02-21,2018-19,POR,BKN,230.5,212,UNDER,1,-0.5,0.2994,0.4011,0,True,0.9,0.0
2019-02-21,2018-19,BOS,MIL,228.0,195,UNDER,1,-0.345,0.3575,0.2849,0,True,0.9,0.0
2019-02-21,2018-19,HOU,LAL,233.0,217,UNDER,1,-1.444,0.079,0.8419,0,True,0.9,0.0
2019-02-22,2018-19,CHI,ORL,217.0,219,UNDER,1,-0.359,0.3521,0.2957,0,False,-1.0,0
2019-02-22,2018-19,MIN,NYK,219.5,219,OVER,1,0.23,0.5964,0.1928,0.05,False,-1.0,-5.0
2019-02-22,2018-19,LAC,MEM,214.0,218,UNDER,1,-0.285,0.3811,0.2378,0,False,-1.0,0
2019-02-22,2018-19,DEN,DAL,217.0,218,UNDER,2,-0.459,0.3144,0.3713,0,False,-1.0,0
2019-02-23,2018-19,IND,WAS,221.5,231,OVER,1,0.405,0.6658,0.3315,0.05,True,0.9,4.5
2019-02-23,2018-19,DET,MIA,205.5,215,OVER,1,0.218,0.5917,0.1834,0.05,True,0.9,4.5
2019-02-23,2018-19,HOU,GSW,234.5,230,OVER,1,0.304,0.6262,0.2525,0.05,False,-1.0,-5.0
2019-02-23,2018-19,MIN,MIL,230.0,268,OVER,1,0.416,0.67,0.3399,0.05,True,0.9,4.5
2019-02-25,2018-19,IND,DET,212.5,222,UNDER,1,-0.286,0.3807,0.2386,0,False,-1.0,0
2019-02-25,2018-19,PHI,NOP,238.0,221,UNDER,1,-0.563,0.2775,0.4449,0,True,0.9,0.0
2019-02-25,2018-19,LAL,MEM,220.0,215,OVER,1,0.599,0.7346,0.4692,0.05,False,-1.0,-5.0
2019-02-26,2018-19,BOS,TOR,226.0,213,UNDER,2,-0.538,0.2862,0.4276,0,True,0.9,0.0
2019-02-27,2018-19,DET,SAS,220.5,198,OVER,1,0.891,0.8198,0.6396,0.05,False,-1.0,-5.0
2019-02-27,2018-19,LAC,UTA,228.0,216,UNDER,1,-0.39,0.3399,0.3202,0,True,0.9,0.0
2019-02-27,2018-19,MIL,SAC,232.0,281,OVER,1,0.623,0.7427,0.4853,0.05,True,0.9,4.5
2019-02-28,2018-19,UTA,DEN,223.5,215,OVER,2,0.551,0.7185,0.437,0.05,False,-1.0,-5.0
2019-03-01,2018-19,POR,TOR,228.0,236,UNDER,1,-0.412,0.3315,0.3369,0,False,-1.0,0
2019-03-01,2018-19,WAS,BOS,231.5,203,UNDER,1,-0.66,0.2456,0.5088,0,True,0.9,0.0
2019-03-02,2018-19,MEM,DAL,212.0,192,UNDER,1,-0.695,0.2346,0.5307,0,True,0.9,0.0
2019-03-04,2018-19,ATL,MIA,225.0,227,OVER,1,0.436,0.6771,0.3541,0.05,True,0.9,4.5
2019-03-04,2018-19,NOP,UTA,230.5,227,UNDER,1,-0.353,0.3545,0.291,0,True,0.9,0.0
2019-03-05,2018-19,HOU,TOR,228.0,202,UNDER,1,-0.412,0.3315,0.3369,0,True,0.9,0.0
2019-03-05,2018-19,POR,MEM,215.5,231,OVER,2,0.399,0.6633,0.3266,0.05,True,0.9,4.5
2019-03-06,2018-19,CLE,BKN,225.5,220,UNDER,1,-0.522,0.2916,0.4168,0,True,0.9,0.0
2019-03-06,2018-19,BOS,SAC,229.0,220,OVER,1,0.429,0.6748,0.3496,0.05,False,-1.0,-5.0
2019-03-06,2018-19,DEN,LAL,228.0,214,UNDER,1,-0.366,0.3492,0.3016,0,True,0.9,0.0
2019-03-08,2018-19,UTA,MEM,213.5,218,OVER,1,0.291,0.6212,0.2425,0.05,True,0.9,4.5
2019-03-09,2018-19,SAC,NYK,228.0,196,OVER,1,0.291,0.6212,0.2424,0.05,False,-1.0,-5.0
2019-03-09,2018-19,BOS,LAL,226.5,227,UNDER,2,-0.501,0.2989,0.4021,0,False,-1.0,0
2019-03-09,2018-19,PHX,POR,229.5,247,UNDER,1,-0.434,0.3235,0.3531,0,False,-1.0,0
2019-03-10,2018-19,CHI,DET,219.0,239,UNDER,1,-0.308,0.372,0.2561,0,False,-1.0,0
2019-03-10,2018-19,ORL,MEM,207.5,202,OVER,1,0.358,0.6475,0.2949,0.05,False,-1.0,-5.0
2019-03-10,2018-19,PHX,GSW,234.5,226,OVER,1,0.431,0.6755,0.351,0.05,False,-1.0,-5.0
2019-03-12,2018-19,LAL,CHI,226.5,230,UNDER,1,-0.479,0.3069,0.3862,0,False,-1.0,0
2019-03-12,2018-19,MIN,DEN,227.5,240,OVER,2,0.973,0.8395,0.6789,0.05,True,0.9,4.5
2019-03-12,2018-19,POR,LAC,231.5,229,UNDER,1,-0.5,0.2994,0.4011,0,True,0.9,0.0
2019-03-13,2018-19,GSW,HOU,230.5,210,UNDER,1,-0.486,0.3044,0.3911,0,True,0.9,0.0
2019-03-14,2018-19,CLE,ORL,210.5,211,UNDER,1,-0.359,0.3521,0.2957,0,False,-1.0,0
2019-03-14,2018-19,SAC,BOS,228.5,246,OVER,1,0.368,0.6515,0.303,0.05,True,0.9,4.5
2019-03-15,2018-19,PHX,HOU,225.0,210,UNDER,1,-0.434,0.3235,0.3531,0,True,0.9,0.0
2019-03-16,2018-19,MEM,WAS,224.0,263,OVER,1,0.555,0.7197,0.4394,0.05,True,0.9,4.5
2019-03-17,2018-19,CHA,MIA,215.0,168,OVER,1,0.228,0.5957,0.1914,0.05,False,-1.0,-5.0
2019-03-17,2018-19,PHI,MIL,231.0,255,OVER,1,0.677,0.7597,0.5194,0.05,True,0.9,4.5
2019-03-17,2018-19,ATL,ORL,225.0,192,OVER,1,0.436,0.6771,0.3541,0.05,False,-1.0,-5.0
2019-03-18,2018-19,NOP,DAL,230.0,254,OVER,1,0.486,0.6954,0.3909,0.05,True,0.9,4.5
2019-03-19,2018-19,HOU,ATL,232.5,226,OVER,1,0.304,0.6262,0.2525,0.05,False,-1.0,-5.0
2019-03-20,2018-19,BOS,PHI,226.0,233,UNDER,1,-0.449,0.3178,0.3644,0,False,-1.0,0
2019-03-20,2018-19,HOU,MEM,217.5,251,OVER,1,0.204,0.586,0.1719,0.05,True,0.9,4.5
2019-03-20,2018-19,DAL,POR,217.5,244,OVER,1,0.272,0.6137,0.2273,0.05,True,0.9,4.5
2019-03-21,2018-19,DET,PHX,218.5,216,OVER,1,0.38,0.6561,0.3122,0.05,False,-1.0,-5.0
2019-03-22,2018-19,DEN,NYK,214.5,204,UNDER,1,-0.677,0.2402,0.5196,0,True,0.9,0.0
2019-03-22,2018-19,LAC,CLE,228.0,218,UNDER,1,-0.39,0.3399,0.3202,0,True,0.9,0.0
2019-03-22,2018-19,OKC,TOR,226.5,225,UNDER,1,-1.018,0.1505,0.699,0,True,0.9,0.0
2019-03-23,2018-19,MIA,WAS,221.5,221,OVER,1,0.405,0.6658,0.3315,0.05,False,-1.0,-5.0
2019-03-23,2018-19,MIN,MEM,216.5,211,OVER,1,0.472,0.6904,0.3808,0.05,False,-1.0,-5.0
2019-03-24,2018-19,HOU,NOP,230.5,203,OVER,1,0.304,0.6262,0.2525,0.05,False,-1.0,-5.0
2019-03-24,2018-19,SAS,BOS,220.5,211,OVER,1,0.499,0.7003,0.4006,0.05,False,-1.0,-5.0
2019-03-25,2018-19,BKN,POR,225.5,292,OVER,1,0.488,0.6961,0.3922,0.05,True,0.9,4.5
2019-03-26,2018-19,BOS,CLE,220.0,222,UNDER,1,-0.466,0.3117,0.3766,0,False,-1.0,0
2019-03-26,2018-19,ORL,MIA,206.0,203,UNDER,2,-0.164,0.4309,0.1381,0,True,0.9,0.0
2019-03-27,2018-19,GSW,MEM,219.5,221,OVER,2,0.476,0.6921,0.3842,0.05,True,0.9,4.5
2019-03-27,2018-19,POR,CHI,218.0,216,OVER,1,0.275,0.6146,0.2293,0.05,False,-1.0,-5.0
2019-03-28,2018-19,DAL,MIA,208.5,204,UNDER,1,-0.32,0.3671,0.2658,0,True,0.9,0.0
2019-03-28,2018-19,LAC,MIL,232.5,246,OVER,1,0.677,0.7597,0.5194,0.05,True,0.9,4.5
2019-03-28,2018-19,DEN,HOU,218.0,197,OVER,1,0.188,0.5792,0.1583,0.05,False,-1.0,-5.0
2019-03-28,2018-19,CLE,SAS,218.0,226,OVER,1,0.415,0.6695,0.3391,0.05,True,0.9,4.5
2019-03-29,2018-19,DEN,OKC,221.0,220,OVER,1,0.321,0.6333,0.2667,0.05,False,-1.0,-5.0
2019-03-29,2018-19,WAS,UTA,226.5,252,OVER,1,0.503,0.7016,0.4032,0.05,True,0.9,4.5
2019-03-30,2018-19,ORL,IND,204.5,237,OVER,1,0.358,0.6475,0.2949,0.05,True,0.9,4.5
2019-03-31,2018-19,WAS,DEN,226.5,185,OVER,1,0.55,0.7182,0.4364,0.05,False,-1.0,-5.0
2019-04-02,2018-19,HOU,SAC,227.0,235,OVER,1,0.319,0.6324,0.2648,0.05,True,0.9,4.5
2019-04-03,2018-19,IND,DET,205.5,197,UNDER,1,-0.239,0.3996,0.2008,0,True,0.9,0.0
2019-04-03,2018-19,SAS,DEN,213.0,198,OVER,1,0.241,0.601,0.2021,0.05,False,-1.0,-5.0
2019-04-03,2018-19,MEM,POR,216.0,205,OVER,1,0.341,0.641,0.2821,0.05,False,-1.0,-5.0
2019-04-04,2018-19,MIL,PHI,231.5,250,OVER,1,0.623,0.7427,0.4853,0.05,True,0.9,4.5
2019-04-05,2018-19,ATL,ORL,226.5,262,OVER,1,0.436,0.6771,0.3541,0.05,True,0.9,4.5
2019-04-05,2018-19,NYK,HOU,220.5,216,OVER,1,0.397,0.6627,0.3254,0.05,False,-1.0,-5.0
2019-04-05,2018-19,SAC,UTA,224.0,217,UNDER,1,-0.689,0.2367,0.5266,0,True,0.9,0.0
2019-04-05,2018-19,POR,DEN,216.0,229,OVER,1,0.241,0.601,0.2021,0.05,True,0.9,4.5
2019-04-06,2018-19,BKN,MIL,233.0,261,OVER,1,0.677,0.7597,0.5194,0.05,True,0.9,4.5
2019-04-07,2018-19,CHA,DET,214.5,195,UNDER,1,-0.308,0.372,0.2561,0,True,0.9,0.0
2019-04-07,2018-19,PHX,HOU,222.5,262,OVER,2,0.58,0.7283,0.4567,0.05,True,0.9,4.5
2019-04-07,2018-19,WAS,NYK,226.0,223,OVER,1,0.291,0.6212,0.2424,0.05,False,-1.0,-5.0
2019-04-07,2018-19,NOP,SAC,235.0,262,OVER,1,0.854,0.8104,0.6207,0.05,True,0.9,4.5
2019-04-09,2018-19,MEM,DET,209.5,193,UNDER,1,-0.269,0.3875,0.2249,0,True,0.9,0.0
2019-04-09,2018-19,POR,LAL,224.5,205,UNDER,1,-0.383,0.3428,0.3144,0,True,0.9,0.0
2019-04-10,2018-19,GSW,MEM,219.0,249,OVER,1,0.291,0.6212,0.2425,0.05,True,0.9,4.5
2019-04-10,2018-19,ORL,CHA,219.0,236,UNDER,1,-0.382,0.3432,0.3136,0,False,-1.0,0
2019-04-10,2018-19,IND,ATL,225.0,269,OVER,1,0.943,0.8324,0.6648,0.05,True,0.9,4.5
2019-04-13,2018-19,SAS,DEN,211.5,197,OVER,1,0.241,0.601,0.2021,0.05,False,-1.0,-5.0
2019-04-15,2018-19,BKN,PHI,226.0,268,OVER,1,0.751,0.7819,0.5638,0.05,True,0.9,4.5
2019-04-17,2018-19,UTA,HOU,212.5,216,OVER,1,0.446,0.681,0.3621,0.05,True,0.9,4.5
2019-04-18,2018-19,DEN,SAS,212.0,226,OVER,1,0.382,0.6567,0.3134,0.05,True,0.9,4.5
2019-04-20,2018-19,DEN,SAS,211.0,220,OVER,1,0.188,0.5792,0.1583,0.05,True,0.9,4.5
2019-04-20,2018-19,MIL,DET,217.0,222,UNDER,1,-0.308,0.372,0.2561,0,False,-1.0,0
2019-04-23,2018-19,SAS,DEN,212.0,198,OVER,1,0.241,0.601,0.2021,0.05,False,-1.0,-5.0
2019-04-27,2018-19,SAS,DEN,211.0,176,OVER,1,0.241,0.601,0.2021,0.05,False,-1.0,-5.0
2019-04-28,2018-19,BOS,MIL,224.0,202,UNDER,1,-0.466,0.3117,0.3766,0,True,0.9,0.0
2019-04-29,2018-19,POR,DEN,216.5,234,OVER,1,0.241,0.601,0.2021,0.05,True,0.9,4.5
2019-04-30,2018-19,BOS,MIL,220.5,225,UNDER,1,-0.466,0.3117,0.3766,0,False,-1.0,0
2019-05-01,2018-19,POR,DEN,217.5,187,OVER,1,0.241,0.601,0.2021,0.05,False,-1.0,-5.0
2019-05-03,2018-19,DEN,POR,215.5,277,OVER,1,0.188,0.5792,0.1583,0.05,True,0.9,4.5
2019-05-05,2018-19,DEN,POR,214.0,228,OVER,1,0.188,0.5792,0.1583,0.05,True,0.9,4.5
2019-05-07,2018-19,POR,DEN,212.5,222,OVER,1,0.241,0.601,0.2021,0.05,True,0.9,4.5
2019-05-09,2018-19,DEN,POR,215.0,227,OVER,1,0.188,0.5792,0.1583,0.05,True,0.9,4.5
2019-05-12,2018-19,POR,DEN,212.5,196,OVER,1,0.241,0.601,0.2021,0.05,False,-1.0,-5.0
2019-05-14,2018-19,POR,GSW,218.5,210,OVER,1,0.275,0.6146,0.2293,0.05,False,-1.0,-5.0
2019-05-16,2018-19,POR,GSW,218.0,225,OVER,1,0.275,0.6146,0.2293,0.05,True,0.9,4.5
2019-05-30,2018-19,GSW,TOR,215.5,227,UNDER,1,-0.584,0.2704,0.4593,0,False,-1.0,0
2019-06-02,2018-19,GSW,TOR,216.0,213,UNDER,1,-0.584,0.2704,0.4593,0,True,0.9,0.0
2019-06-10,2018-19,GSW,TOR,212.0,211,UNDER,1,-0.228,0.4042,0.1916,0,True,0.9,0.0
2019-10-22,2019-20,NOP,TOR,231.5,252,UNDER,1,-0.353,0.3545,0.291,0,False,-1.0,0
2019-10-22,2019-20,LAL,LAC,227.0,214,UNDER,1,-0.479,0.3069,0.3862,0,True,0.9,0.0
2019-10-23,2019-20,CLE,ORL,212.5,179,UNDER,1,-0.359,0.3521,0.2957,0,True,0.9,0.0
2019-10-23,2019-20,MEM,MIA,210.5,221,UNDER,1,-0.509,0.2963,0.4075,0,False,-1.0,0
2019-10-23,2019-20,NYK,SAS,214.0,231,OVER,2,0.228,0.5957,0.1913,0.05,True,0.9,4.5
2019-10-24,2019-20,ATL,DET,222.0,217,UNDER,2,-0.06,0.4743,0.0513,0,True,0.9,0.0
2019-10-24,2019-20,MIL,HOU,231.5,228,UNDER,2,-1.207,0.1139,0.7721,0,True,0.9,0.0
2019-10-25,2019-20,PHX,DEN,221.0,215,OVER,1,0.425,0.6733,0.3465,0.05,False,-1.0,-5.0
2019-10-25,2019-20,POR,SAC,226.5,234,OVER,1,0.429,0.6748,0.3496,0.05,True,0.9,4.5
2019-10-25,2019-20,UTA,LAL,218.0,181,UNDER,1,-0.505,0.2977,0.4045,0,True,0.9,0.0
2019-10-26,2019-20,ORL,ATL,219.0,202,UNDER,1,-0.382,0.3432,0.3136,0,True,0.9,0.0
2019-10-26,2019-20,IND,CLE,213.5,209,UNDER,1,-0.242,0.3985,0.2029,0,True,0.9,0.0
2019-10-26,2019-20,LAC,PHX,229.5,252,UNDER,1,-0.39,0.3399,0.3202,0,False,-1.0,0
2019-10-28,2019-20,IND,DET,213.5,190,UNDER,1,-0.286,0.3807,0.2386,0,True,0.9,0.0
2019-10-28,2019-20,ORL,TOR,212.5,199,UNDER,1,-0.228,0.4042,0.1916,0,True,0.9,0.0
2019-10-28,2019-20,GSW,NOP,239.0,257,UNDER,1,-0.563,0.2775,0.4449,0,False,-1.0,0
2019-10-28,2019-20,POR,SAS,220.0,223,OVER,1,0.891,0.8198,0.6396,0.05,True,0.9,4.5
2019-10-28,2019-20,DEN,SAC,218.0,195,OVER,1,0.188,0.5792,0.1583,0.05,False,-1.0,-5.0
2019-10-29,2019-20,ATL,MIA,224.5,209,UNDER,1,-0.348,0.3563,0.2875,0,True,0.9,0.0
2019-10-30,2019-20,HOU,WAS,230.5,317,OVER,1,0.304,0.6262,0.2525,0.05,True,0.9,4.5
2019-10-30,2019-20,LAC,UTA,216.0,206,UNDER,1,-0.285,0.3811,0.2378,0,True,0.9,0.0
2019-11-01,2019-20,MIL,ORL,216.0,214,UNDER,1,-0.44,0.3213,0.3574,0,True,0.9,0.0
2019-11-01,2019-20,NYK,BOS,213.0,206,OVER,1,0.311,0.6294,0.2587,0.05,False,-1.0,-5.0
2019-11-01,2019-20,LAL,DAL,214.5,229,OVER,1,0.284,0.6182,0.2365,0.05,True,0.9,4.5
2019-11-02,2019-20,NOP,OKC,226.5,219,OVER,1,0.327,0.6355,0.2709,0.05,False,-1.0,-5.0
2019-11-02,2019-20,BKN,DET,224.0,222,UNDER,1,-0.661,0.2452,0.5096,0,True,0.9,0.0
2019-11-02,2019-20,MIN,WAS,221.5,240,OVER,1,0.405,0.6658,0.3315,0.05,True,0.9,4.5
2019-11-03,2019-20,LAL,SAS,216.0,199,UNDER,1,-0.505,0.2977,0.4045,0,True,0.9,0.0
2019-11-03,2019-20,DAL,CLE,216.0,242,UNDER,1,-0.242,0.3985,0.2029,0,False,-1.0,0
2019-11-05,2019-20,ORL,OKC,202.5,196,OVER,1,0.358,0.6475,0.2949,0.05,False,-1.0,-5.0
2019-11-06,2019-20,NYK,DET,211.0,224,UNDER,1,-0.286,0.3807,0.2386,0,False,-1.0,0
2019-11-08,2019-20,MEM,ORL,208.0,204,UNDER,1,-0.269,0.3875,0.2249,0,True,0.9,0.0
2019-11-08,2019-20,SAC,ATL,220.5,230,OVER,1,0.454,0.6838,0.3675,0.05,True,0.9,4.5
2019-11-08,2019-20,PHI,DEN,210.0,197,OVER,1,0.241,0.601,0.2021,0.05,False,-1.0,-5.0
2019-11-08,2019-20,MIA,LAL,215.5,175,UNDER,1,-0.39,0.34,0.3201,0,True,0.9,0.0
2019-11-09,2019-20,BOS,SAS,216.5,250,OVER,1,0.382,0.6567,0.3134,0.05,True,0.9,4.5
2019-11-10,2019-20,IND,ORL,203.0,211,UNDER,1,-0.239,0.3996,0.2008,0,False,-1.0,0
2019-11-10,2019-20,ATL,POR,227.5,237,OVER,1,0.436,0.6771,0.3541,0.05,True,0.9,4.5
2019-11-11,2019-20,MIN,DET,224.5,234,UNDER,1,-0.661,0.2452,0.5096,0,False,-1.0,0
2019-11-12,2019-20,CLE,PHI,214.5,195,OVER,1,0.415,0.6695,0.3391,0.05,False,-1.0,-5.0
2019-11-12,2019-20,DET,MIA,216.5,225,UNDER,1,-0.509,0.2963,0.4075,0,False,-1.0,0
2019-11-12,2019-20,LAL,PHX,216.5,238,OVER,1,0.284,0.6182,0.2365,0.05,True,0.9,4.5
2019-11-13,2019-20,PHI,ORL,205.5,209,OVER,1,0.544,0.7161,0.4323,0.05,True,0.9,4.5
2019-11-13,2019-20,LAC,HOU,233.0,195,UNDER,1,-0.525,0.2907,0.4186,0,True,0.9,0.0
2019-11-14,2019-20,MIA,CLE,216.0,205,UNDER,1,-0.242,0.3985,0.2029,0,True,0.9,0.0
2019-11-14,2019-20,CHI,MIL,230.0,239,OVER,1,0.416,0.67,0.3399,0.05,True,0.9,4.5
2019-11-14,2019-20,LAC,NOP,236.5,259,UNDER,1,-0.563,0.2775,0.4449,0,False,-1.0,0
2019-11-14,2019-20,ATL,PHX,227.5,240,OVER,1,0.436,0.6771,0.3541,0.05,True,0.9,4.5
2019-11-14,2019-20,BKN,DEN,225.5,194,OVER,1,0.751,0.7819,0.5638,0.05,False,-1.0,-5.0
2019-11-15,2019-20,UTA,MEM,215.0,213,OVER,1,0.291,0.6212,0.2425,0.05,False,-1.0,-5.0
2019-11-16,2019-20,NOP,MIA,231.0,203,UNDER,1,-0.353,0.3545,0.291,0,True,0.9,0.0
2019-11-16,2019-20,TOR,DAL,218.5,212,UNDER,1,-0.695,0.2346,0.5307,0,True,0.9,0.0
2019-11-17,2019-20,DEN,MEM,212.0,245,OVER,1,0.291,0.6212,0.2425,0.05,True,0.9,4.5
2019-11-18,2019-20,MIN,UTA,217.5,214,OVER,1,0.23,0.5964,0.1928,0.05,False,-1.0,-5.0
2019-11-18,2019-20,BOS,PHX,227.5,184,UNDER,1,-0.345,0.3575,0.2849,0,True,0.9,0.0
2019-11-19,2019-20,PHX,SAC,221.5,236,OVER,1,0.454,0.6838,0.3675,0.05,True,0.9,4.5
2019-11-20,2019-20,CLE,MIA,214.0,224,OVER,1,0.415,0.6695,0.3391,0.05,True,0.9,4.5
2019-11-21,2019-20,POR,MIL,230.0,266,OVER,1,0.416,0.67,0.3399,0.05,True,0.9,4.5
2019-11-23,2019-20,SAS,NYK,218.0,215,UNDER,1,-0.466,0.3119,0.3763,0,True,0.9,0.0
2019-11-23,2019-20,DET,MIL,230.5,194,OVER,1,0.416,0.67,0.3399,0.05,False,-1.0,-5.0
2019-11-24,2019-20,DAL,HOU,232.0,260,UNDER,1,-0.486,0.3044,0.3911,0,False,-1.0,0
2019-11-25,2019-20,LAL,SAS,223.0,218,OVER,2,1.047,0.8556,0.7113,0.05,False,-1.0,-5.0
2019-11-26,2019-20,WAS,DEN,227.0,221,OVER,1,0.55,0.7182,0.4364,0.05,False,-1.0,-5.0
2019-11-27,2019-20,ORL,CLE,206.0,220,OVER,1,0.358,0.6475,0.2949,0.05,True,0.9,4.5
2019-11-27,2019-20,LAC,MEM,226.5,240,UNDER,1,-0.39,0.3399,0.3202,0,False,-1.0,0
2019-11-29,2019-20,CHA,DET,213.0,217,UNDER,1,-0.308,0.372,0.2561,0,False,-1.0,0
2019-11-29,2019-20,NOP,OKC,228.5,213,UNDER,1,-0.362,0.3507,0.2986,0,True,0.9,0.0
2019-11-29,2019-20,UTA,MEM,219.0,197,OVER,1,0.291,0.6212,0.2425,0.05,False,-1.0,-5.0
2019-11-29,2019-20,LAC,SAS,226.5,204,UNDER,1,-0.39,0.3399,0.3202,0,True,0.9,0.0
2019-11-30,2019-20,DEN,SAC,205.5,197,UNDER,1,-0.703,0.2323,0.5355,0,True,0.9,0.0
2019-12-01,2019-20,SAS,DET,217.0,230,UNDER,1,-0.286,0.3807,0.2386,0,False,-1.0,0
2019-12-01,2019-20,OKC,NOP,228.5,211,UNDER,1,-1.018,0.1505,0.699,0,True,0.9,0.0
2019-12-03,2019-20,MIA,TOR,213.0,231,UNDER,1,-0.228,0.4042,0.1916,0,False,-1.0,0
2019-12-03,2019-20,HOU,SAS,233.5,268,OVER,1,0.304,0.6262,0.2525,0.05,True,0.9,4.5
2019-12-03,2019-20,LAL,DEN,211.0,201,OVER,1,0.284,0.6182,0.2365,0.05,False,-1.0,-5.0
2019-12-04,2019-20,BKN,ATL,225.0,248,OVER,1,0.621,0.7418,0.4836,0.05,True,0.9,4.5
2019-12-04,2019-20,MIN,DAL,230.0,235,OVER,1,0.486,0.6954,0.3909,0.05,True,0.9,4.5
2019-12-04,2019-20,LAL,UTA,211.5,217,UNDER,1,-0.505,0.2977,0.4045,0,False,-1.0,0
2019-12-05,2019-20,HOU,TOR,230.0,228,UNDER,1,-1.444,0.079,0.8419,0,True,0.9,0.0
2019-12-06,2019-20,IND,DET,213.0,209,UNDER,1,-0.286,0.3807,0.2386,0,True,0.9,0.0
2019-12-06,2019-20,ORL,CLE,212.5,180,UNDER,1,-0.382,0.3432,0.3136,0,True,0.9,0.0
2019-12-06,2019-20,LAL,POR,221.5,249,OVER,1,0.599,0.7346,0.4692,0.05,True,0.9,4.5
2019-12-07,2019-20,NOP,DAL,233.0,214,UNDER,1,-0.353,0.3545,0.291,0,True,0.9,0.0
2019-12-07,2019-20,CLE,PHI,213.5,235,OVER,1,0.415,0.6695,0.3391,0.05,True,0.9,4.5
2019-12-07,2019-20,MEM,UTA,218.0,238,OVER,1,0.341,0.641,0.2821,0.05,True,0.9,4.5
2019-12-08,2019-20,DEN,BKN,209.0,207,UNDER,1,-0.229,0.4038,0.1925,0,True,0.9,0.0
2019-12-08,2019-20,ATL,CHA,224.5,229,OVER,1,0.69,0.7635,0.5271,0.05,True,0.9,4.5
2019-12-08,2019-20,MIN,LAL,226.0,267,OVER,1,0.821,0.8015,0.603,0.05,True,0.9,4.5
2019-12-09,2019-20,CLE,BOS,213.5,198,OVER,2,0.512,0.7047,0.4093,0.05,False,-1.0,-5.0
2019-12-10,2019-20,NYK,POR,218.5,202,OVER,1,0.272,0.6137,0.2273,0.05,False,-1.0,-5.0
2019-12-11,2019-20,LAL,ORL,212.0,183,UNDER,1,-0.359,0.3521,0.2957,0,True,0.9,0.0
2019-12-11,2019-20,HOU,CLE,228.5,226,OVER,1,0.384,0.6577,0.3153,0.05,False,-1.0,-5.0
2019-12-11,2019-20,NOP,MIL,234.0,239,OVER,1,0.416,0.67,0.3399,0.05,True,0.9,4.5
2019-12-12,2019-20,CLE,SAS,219.5,226,OVER,1,0.415,0.6695,0.3391,0.05,True,0.9,4.5
2019-12-12,2019-20,POR,DEN,214.0,213,OVER,1,0.241,0.601,0.2021,0.05,False,-1.0,-5.0
2019-12-13,2019-20,LAL,MIA,214.0,223,OVER,1,0.228,0.5957,0.1914,0.05,True,0.9,4.5
2019-12-13,2019-20,NYK,SAC,207.5,204,OVER,1,0.286,0.6192,0.2383,0.05,False,-1.0,-5.0
2019-12-15,2019-20,ORL,NOP,218.5,249,UNDER,2,-0.022,0.4907,0.0186,0,False,-1.0,0
2019-12-16,2019-20,CLE,TOR,216.0,246,OVER,1,0.415,0.6695,0.3391,0.05,True,0.9,4.5
2019-12-17,2019-20,SAC,CHA,207.0,212,OVER,1,0.257,0.6076,0.2152,0.05,True,0.9,4.5
2019-12-17,2019-20,ATL,NYK,220.5,263,OVER,1,0.69,0.7635,0.5271,0.05,True,0.9,4.5
2019-12-17,2019-20,ORL,UTA,207.5,211,UNDER,2,-0.448,0.3182,0.3636,0,False,-1.0,0
2019-12-17,2019-20,PHX,LAC,226.5,219,UNDER,1,-0.434,0.3235,0.3531,0,True,0.9,0.0
2019-12-18,2019-20,CHA,CLE,213.5,198,UNDER,1,-0.565,0.2767,0.4465,0,True,0.9,0.0
2019-12-18,2019-20,MIA,PHI,213.0,212,UNDER,1,-0.39,0.34,0.3201,0,True,0.9,0.0
2019-12-18,2019-20,NOP,MIN,231.5,206,UNDER,1,-0.353,0.3545,0.291,0,True,0.9,0.0
2019-12-18,2019-20,GSW,POR,219.0,234,OVER,2,0.464,0.6874,0.3748,0.05,True,0.9,4.5
2019-12-20,2019-20,SAC,IND,206.5,224,OVER,1,0.257,0.6076,0.2152,0.05,True,0.9,4.5
2019-12-20,2019-20,NOP,GSW,224.0,208,UNDER,1,-0.481,0.3064,0.3872,0,True,0.9,0.0
2019-12-21,2019-20,ATL,BKN,227.5,234,OVER,1,0.436,0.6771,0.3541,0.05,True,0.9,4.5
2019-12-21,2019-20,CHI,DET,213.0,226,UNDER,1,-0.286,0.3807,0.2386,0,False,-1.0,0
2019-12-22,2019-20,CHA,BOS,209.5,212,OVER,2,0.015,0.5065,0.013,0,True,0.9,0.0
2019-12-23,2019-20,PHI,DET,214.0,234,UNDER,1,-0.308,0.372,0.2561,0,False,-1.0,0
2019-12-23,2019-20,TOR,IND,209.5,235,OVER,1,0.437,0.6776,0.3553,0.05,True,0.9,4.5
2019-12-23,2019-20,ATL,CLE,228.5,239,OVER,1,0.582,0.729,0.4581,0.05,True,0.9,4.5
2019-12-23,2019-20,UTA,MIA,212.0,211,OVER,1,0.228,0.5957,0.1914,0.05,False,-1.0,-5.0
2019-12-23,2019-20,DEN,PHX,216.0,224,OVER,1,0.188,0.5792,0.1583,0.05,True,0.9,4.5
2019-12-23,2019-20,HOU,SAC,228.0,217,OVER,1,0.319,0.6324,0.2648,0.05,False,-1.0,-5.0
2019-12-23,2019-20,MIN,GSW,221.0,217,UNDER,1,-0.481,0.3064,0.3872,0,True,0.9,0.0
2019-12-25,2019-20,HOU,GSW,226.5,220,OVER,1,0.384,0.6577,0.3153,0.05,False,-1.0,-5.0
2019-12-27,2019-20,CLE,BOS,216.0,246,OVER,2,0.512,0.7047,0.4093,0.05,True,0.9,4.5
2019-12-27,2019-20,IND,MIA,211.5,225,OVER,1,0.228,0.5957,0.1914,0.05,True,0.9,4.5
2019-12-27,2019-20,PHX,GSW,222.0,201,UNDER,1,-0.679,0.2397,0.5206,0,True,0.9,0.0
2019-12-28,2019-20,MEM,DEN,216.5,229,OVER,1,0.341,0.641,0.2821,0.05,True,0.9,4.5
2019-12-28,2019-20,IND,NOP,219.0,218,OVER,1,0.307,0.6277,0.2554,0.05,False,-1.0,-5.0
2019-12-28,2019-20,DET,SAS,222.5,245,OVER,1,0.891,0.8198,0.6396,0.05,True,0.9,4.5
2019-12-28,2019-20,LAL,POR,223.5,248,OVER,1,0.599,0.7346,0.4692,0.05,True,0.9,4.5
2019-12-30,2019-20,MIL,CHI,216.0,225,UNDER,1,-0.44,0.3213,0.3574,0,False,-1.0,0
2020-01-01,2019-20,PHX,LAL,226.5,224,UNDER,1,-0.434,0.3235,0.3531,0,True,0.9,0.0
2020-01-02,2019-20,CHA,CLE,210.0,215,UNDER,1,-0.565,0.2767,0.4465,0,False,-1.0,0
2020-01-02,2019-20,TOR,MIA,215.0,160,UNDER,1,-0.509,0.2963,0.4075,0,True,0.9,0.0
2020-01-02,2019-20,OKC,SAS,219.0,212,OVER,1,0.382,0.6567,0.3134,0.05,False,-1.0,-5.0
2020-01-02,2019-20,MEM,SAC,222.5,251,OVER,1,0.555,0.7197,0.4394,0.05,True,0.9,4.5
2020-01-04,2019-20,BOS,CHI,209.5,215,OVER,1,0.343,0.6419,0.2838,0.05,True,0.9,4.5
2020-01-05,2019-20,MIN,CLE,215.5,221,UNDER,1,-0.242,0.3985,0.2029,0,False,-1.0,0
2020-01-07,2019-20,DET,CLE,215.0,228,UNDER,1,-0.242,0.3985,0.2029,0,False,-1.0,0
2020-01-08,2019-20,CHI,NOP,222.0,231,OVER,1,0.336,0.6392,0.2784,0.05,True,0.9,4.5
2020-01-10,2019-20,NOP,NYK,225.5,234,UNDER,2,-0.148,0.4376,0.1249,0,False,-1.0,0
2020-01-10,2019-20,ORL,PHX,217.0,192,UNDER,1,-0.382,0.3432,0.3136,0,True,0.9,0.0
2020-01-11,2019-20,NOP,BOS,225.0,245,OVER,1,0.368,0.6515,0.303,0.05,True,0.9,4.5
2020-01-11,2019-20,LAL,OKC,215.0,235,OVER,1,0.284,0.6182,0.2365,0.05,True,0.9,4.5
2020-01-11,2019-20,CLE,DEN,215.0,214,OVER,1,0.415,0.6695,0.3391,0.05,False,-1.0,-5.0
2020-01-11,2019-20,MIL,POR,227.5,223,OVER,1,0.488,0.6961,0.3922,0.05,False,-1.0,-5.0
2020-01-12,2019-20,LAC,DEN,221.0,218,OVER,1,0.545,0.7163,0.4327,0.05,False,-1.0,-5.0
2020-01-13,2019-20,NOP,DET,227.5,227,OVER,1,0.327,0.6355,0.2709,0.05,False,-1.0,-5.0
2020-01-13,2019-20,CHA,POR,218.0,227,OVER,1,0.272,0.6137,0.2273,0.05,True,0.9,4.5
2020-01-13,2019-20,ORL,SAC,209.0,226,OVER,2,0.484,0.6949,0.3898,0.05,True,0.9,4.5
2020-01-13,2019-20,CLE,LAL,219.5,227,OVER,1,0.415,0.6695,0.3391,0.05,True,0.9,4.5
2020-01-14,2019-20,PHX,ATL,225.0,233,OVER,1,0.621,0.7418,0.4836,0.05,True,0.9,4.5
2020-01-15,2019-20,DET,BOS,218.0,219,OVER,1,0.311,0.6294,0.2587,0.05,True,0.9,4.5
2020-01-16,2019-20,PHX,NYK,225.0,219,OVER,1,0.291,0.6212,0.2424,0.05,False,-1.0,-5.0
2020-01-16,2019-20,BOS,MIL,223.0,251,UNDER,1,-0.466,0.3117,0.3766,0,False,-1.0,0
2020-01-16,2019-20,DEN,GSW,211.5,265,OVER,1,0.188,0.5792,0.1583,0.05,True,0.9,4.5
2020-01-17,2019-20,MIN,IND,216.5,230,OVER,1,0.23,0.5964,0.1928,0.05,True,0.9,4.5
2020-01-17,2019-20,CLE,MEM,229.0,222,UNDER,1,-0.522,0.2916,0.4168,0,True,0.9,0.0
2020-01-17,2019-20,ATL,SAS,229.5,241,OVER,1,0.436,0.6771,0.3541,0.05,True,0.9,4.5
2020-01-18,2019-20,MIL,BKN,231.5,214,UNDER,1,-1.023,0.1495,0.701,0,True,0.9,0.0
2020-01-18,2019-20,PHX,BOS,226.0,242,OVER,1,0.368,0.6515,0.303,0.05,True,0.9,4.5
2020-01-18,2019-20,DET,ATL,227.0,239,OVER,1,0.943,0.8324,0.6648,0.05,True,0.9,4.5
2020-01-18,2019-20,LAL,HOU,232.0,239,UNDER,2,-0.158,0.4333,0.1333,0,False,-1.0,0
2020-01-19,2019-20,MIA,SAS,221.0,209,UNDER,1,-0.399,0.3367,0.3266,0,True,0.9,0.0
2020-01-20,2019-20,ORL,CHA,207.0,189,UNDER,1,-0.432,0.3243,0.3514,0,True,0.9,0.0
2020-01-20,2019-20,GSW,POR,218.0,253,OVER,1,0.272,0.6137,0.2273,0.05,True,0.9,4.5
2020-01-22,2019-20,SAC,DET,222.0,233,UNDER,2,-0.319,0.3676,0.2648,0,False,-1.0,0
2020-01-22,2019-20,OKC,ORL,209.0,234,OVER,1,0.358,0.6475,0.2949,0.05,True,0.9,4.5
2020-01-22,2019-20,PHI,TOR,217.0,202,UNDER,1,-0.228,0.4042,0.1916,0,True,0.9,0.0
2020-01-22,2019-20,MEM,BOS,233.0,214,UNDER,1,-0.66,0.2456,0.5088,0,True,0.9,0.0
2020-01-22,2019-20,MIN,CHI,219.0,227,OVER,1,0.472,0.6904,0.3808,0.05,True,0.9,4.5
2020-01-23,2019-20,DAL,POR,229.0,258,OVER,1,0.488,0.6961,0.3922,0.05,True,0.9,4.5
2020-01-24,2019-20,SAC,CHI,221.0,179,OVER,1,0.454,0.6838,0.3675,0.05,False,-1.0,-5.0
2020-01-25,2019-20,OKC,MIN,226.5,217,UNDER,1,-1.018,0.1505,0.699,0,True,0.9,0.0
2020-01-27,2019-20,ORL,MIA,211.5,205,OVER,1,0.228,0.5957,0.1914,0.05,False,-1.0,-5.0
2020-01-28,2019-20,NOP,CLE,233.0,236,UNDER,1,-0.353,0.3545,0.291,0,False,-1.0,0
2020-01-29,2019-20,CHI,IND,214.0,221,OVER,1,1.016,0.849,0.6981,0.05,True,0.9,4.5
2020-01-29,2019-20,UTA,SAS,221.0,247,OVER,2,0.858,0.8114,0.6229,0.05,True,0.9,4.5
2020-01-31,2019-20,CHI,BKN,220.5,251,OVER,1,0.336,0.6392,0.2784,0.05,True,0.9,4.5
2020-02-01,2019-20,MIN,LAC,229.0,224,OVER,1,0.821,0.8015,0.603,0.05,False,-1.0,-5.0
2020-02-01,2019-20,ATL,DAL,237.0,223,UNDER,1,-0.555,0.2802,0.4396,0,True,0.9,0.0
2020-02-01,2019-20,CHA,SAS,214.5,204,UNDER,1,-0.496,0.3009,0.3981,0,True,0.9,0.0
2020-02-01,2019-20,UTA,POR,228.0,231,OVER,1,0.488,0.6961,0.3922,0.05,True,0.9,4.5
2020-02-02,2019-20,DEN,DET,218.5,251,OVER,1,0.188,0.5792,0.1583,0.05,True,0.9,4.5
2020-02-02,2019-20,PHX,MIL,232.5,237,OVER,2,0.583,0.7292,0.4585,0.05,True,0.9,4.5
2020-02-02,2019-20,CHI,TOR,217.0,231,OVER,1,0.367,0.6511,0.3023,0.05,True,0.9,4.5
2020-02-03,2019-20,PHI,MIA,213.0,243,OVER,1,0.228,0.5957,0.1914,0.05,True,0.9,4.5
2020-02-03,2019-20,MIN,SAC,228.0,222,OVER,1,0.429,0.6748,0.3496,0.05,False,-1.0,-5.0
2020-02-04,2019-20,CHA,HOU,224.5,235,OVER,1,0.397,0.6627,0.3254,0.05,True,0.9,4.5
2020-02-04,2019-20,POR,DEN,220.5,226,OVER,1,0.365,0.6504,0.3007,0.05,True,0.9,4.5
2020-02-05,2019-20,PHX,DET,219.0,224,UNDER,1,-0.286,0.3807,0.2386,0,False,-1.0,0
2020-02-06,2019-20,ORL,NYK,206.5,208,UNDER,2,-0.067,0.4715,0.057,0,False,-1.0,0
2020-02-06,2019-20,HOU,LAL,234.0,232,OVER,1,0.304,0.6262,0.2525,0.05,False,-1.0,-5.0
2020-02-07,2019-20,MEM,PHI,221.0,226,OVER,1,0.555,0.7197,0.4394,0.05,True,0.9,4.5
2020-02-07,2019-20,ATL,BOS,232.0,219,UNDER,1,-0.66,0.2456,0.5088,0,True,0.9,0.0
2020-02-07,2019-20,HOU,PHX,234.5,218,UNDER,1,-1.444,0.079,0.8419,0,True,0.9,0.0
2020-02-07,2019-20,MIA,SAC,221.0,202,UNDER,1,-0.399,0.3367,0.3266,0,True,0.9,0.0
2020-02-08,2019-20,MIL,ORL,218.0,206,UNDER,1,-0.359,0.3521,0.2957,0,True,0.9,0.0
2020-02-08,2019-20,NYK,DET,216.0,187,UNDER,1,-0.286,0.3807,0.2386,0,True,0.9,0.0
2020-02-08,2019-20,NOP,IND,227.5,241,OVER,1,0.327,0.6355,0.2709,0.05,True,0.9,4.5
2020-02-09,2019-20,NYK,ATL,226.0,275,OVER,1,0.621,0.7418,0.4836,0.05,True,0.9,4.5
2020-02-09,2019-20,CHI,PHI,211.5,229,OVER,1,0.367,0.6511,0.3023,0.05,True,0.9,4.5
2020-02-09,2019-20,UTA,HOU,233.0,227,UNDER,1,-0.486,0.3044,0.3911,0,True,0.9,0.0
2020-02-09,2019-20,LAC,CLE,228.5,225,UNDER,1,-0.39,0.3399,0.3202,0,True,0.9,0.0
2020-02-10,2019-20,ATL,ORL,222.0,261,UNDER,1,-0.348,0.3563,0.2875,0,False,-1.0,0
2020-02-10,2019-20,PHX,LAL,228.0,225,UNDER,1,-0.434,0.3235,0.3531,0,True,0.9,0.0
2020-02-11,2019-20,LAC,PHI,225.0,213,UNDER,1,-0.449,0.3178,0.3644,0,True,0.9,0.0
2020-02-11,2019-20,BOS,HOU,231.5,221,UNDER,1,-0.486,0.3044,0.3911,0,True,0.9,0.0
2020-02-12,2019-20,LAL,DEN,220.0,236,OVER,1,0.545,0.7163,0.4327,0.05,True,0.9,4.5
2020-02-20,2019-20,MEM,SAC,229.0,254,OVER,1,0.429,0.6748,0.3496,0.05,True,0.9,4.5
2020-02-23,2019-20,IND,TOR,219.5,208,UNDER,1,-0.228,0.4042,0.1916,0,True,0.9,0.0
2020-02-23,2019-20,MIN,DEN,227.0,244,OVER,2,0.973,0.8395,0.6789,0.05,True,0.9,4.5
2020-02-23,2019-20,DET,POR,225.0,211,OVER,1,0.488,0.6961,0.3922,0.05,False,-1.0,-5.0
2020-02-24,2019-20,ATL,PHI,228.5,241,OVER,1,0.436,0.6771,0.3541,0.05,True,0.9,4.5
2020-02-24,2019-20,ORL,BKN,211.0,228,UNDER,1,-0.382,0.3432,0.3136,0,False,-1.0,0
2020-02-25,2019-20,CHA,IND,208.5,199,UNDER,1,-0.301,0.3747,0.2506,0,True,0.9,0.0
2020-02-25,2019-20,MIL,TOR,231.0,205,UNDER,1,-1.135,0.1268,0.7463,0,True,0.9,0.0
2020-02-26,2019-20,ORL,ATL,227.0,250,OVER,1,0.621,0.7418,0.4836,0.05,True,0.9,4.5
2020-02-29,2019-20,HOU,BOS,230.5,221,UNDER,1,-1.444,0.079,0.8419,0,True,0.9,0.0
2020-02-29,2019-20,ORL,SAS,217.5,227,UNDER,2,-0.006,0.4973,0.0055,0,False,-1.0,0
2020-03-01,2019-20,TOR,DEN,217.5,251,OVER,1,0.241,0.601,0.2021,0.05,True,0.9,4.5
2020-03-01,2019-20,LAL,NOP,233.5,236,OVER,1,0.368,0.6515,0.303,0.05,True,0.9,4.5
2020-03-02,2019-20,HOU,NYK,230.5,248,OVER,1,0.304,0.6262,0.2525,0.05,True,0.9,4.5
2020-03-02,2019-20,MIL,MIA,226.0,194,UNDER,1,-0.603,0.2641,0.4719,0,True,0.9,0.0
2020-03-04,2019-20,OKC,DET,215.0,221,UNDER,1,-0.308,0.372,0.2561,0,False,-1.0,0
2020-03-06,2019-20,MIA,NOP,235.5,214,UNDER,1,-0.563,0.2775,0.4449,0,True,0.9,0.0
2020-03-06,2019-20,POR,PHX,233.5,244,UNDER,1,-0.5,0.2994,0.4011,0,False,-1.0,0
2020-03-07,2019-20,UTA,DET,214.0,216,UNDER,1,-0.308,0.372,0.2561,0,False,-1.0,0
2020-03-08,2019-20,LAL,LAC,227.5,215,UNDER,1,-0.479,0.3069,0.3862,0,True,0.9,0.0
2020-03-09,2019-20,CHA,ATL,225.0,281,OVER,1,0.621,0.7418,0.4836,0.05,True,0.9,4.5
2020-03-09,2019-20,MIL,DEN,223.5,204,OVER,1,0.365,0.6504,0.3007,0.05,False,-1.0,-5.0
2020-07-30,2019-20,LAC,LAL,218.5,204,UNDER,2,-0.562,0.2778,0.4444,0,True,0.9,0.0
2020-07-31,2019-20,SAC,SAS,214.5,249,OVER,1,0.382,0.6567,0.3134,0.05,True,0.9,4.5
2020-08-01,2019-20,NOP,LAC,226.5,229,UNDER,1,-0.362,0.3507,0.2986,0,False,-1.0,0
2020-08-01,2019-20,LAL,TOR,213.5,199,UNDER,1,-0.228,0.4042,0.1916,0,True,0.9,0.0
2020-08-03,2019-20,DEN,OKC,219.5,234,OVER,1,0.188,0.5792,0.1583,0.05,True,0.9,4.5
2020-08-05,2019-20,DEN,SAS,224.5,258,OVER,2,0.824,0.8023,0.6047,0.05,True,0.9,4.5
2020-08-05,2019-20,BKN,BOS,228.0,264,OVER,2,0.808,0.798,0.5961,0.05,True,0.9,4.5
2020-08-06,2019-20,LAC,DAL,231.5,237,OVER,1,0.486,0.6954,0.3909,0.05,True,0.9,4.5
2020-08-06,2019-20,LAL,HOU,230.0,210,UNDER,1,-0.486,0.3044,0.3911,0,True,0.9,0.0
2020-08-08,2019-20,UTA,DEN,222.0,266,OVER,1,0.545,0.7163,0.4327,0.05,True,0.9,4.5
2020-08-08,2019-20,MIL,DAL,232.0,268,OVER,2,0.778,0.7896,0.5792,0.05,True,0.9,4.5
2020-08-10,2019-20,OKC,PHX,227.0,229,UNDER,1,-1.018,0.1505,0.699,0,False,-1.0,0
2020-08-10,2019-20,DEN,LAL,222.5,245,OVER,1,0.321,0.6333,0.2667,0.05,True,0.9,4.5
2020-08-13,2019-20,NOP,ORL,227.5,260,OVER,1,0.327,0.6355,0.2709,0.05,True,0.9,4.5
2020-08-17,2019-20,UTA,DEN,220.5,260,OVER,1,0.545,0.7163,0.4327,0.05,True,0.9,4.5
2020-08-17,2019-20,PHI,BOS,220.0,210,OVER,1,0.499,0.7003,0.4006,0.05,False,-1.0,-5.0
2020-08-18,2019-20,POR,LAL,226.5,193,UNDER,1,-0.366,0.3492,0.3016,0,True,0.9,0.0
2020-08-18,2019-20,OKC,HOU,227.0,231,UNDER,1,-1.018,0.1505,0.699,0,False,-1.0,0
2020-08-19,2019-20,UTA,DEN,218.5,229,OVER,1,0.241,0.601,0.2021,0.05,True,0.9,4.5
2020-08-20,2019-20,OKC,HOU,227.5,209,UNDER,1,-1.018,0.1505,0.699,0,True,0.9,0.0
2020-08-20,2019-20,POR,LAL,226.5,199,UNDER,1,-0.366,0.3492,0.3016,0,True,0.9,0.0
2020-08-21,2019-20,LAC,DAL,233.0,252,OVER,1,0.486,0.6954,0.3909,0.05,True,0.9,4.5
2020-08-22,2019-20,IND,MIA,214.0,239,OVER,1,0.228,0.5957,0.1914,0.05,True,0.9,4.5
2020-08-22,2019-20,LAL,POR,225.0,224,UNDER,1,-0.479,0.3069,0.3862,0,True,0.9,0.0
2020-08-24,2019-20,LAL,POR,224.5,250,OVER,1,0.446,0.681,0.362,0.05,True,0.9,4.5
2020-08-25,2019-20,UTA,DEN,220.5,224,OVER,2,0.551,0.7185,0.437,0.05,True,0.9,4.5
2020-08-30,2019-20,BOS,TOR,216.0,206,UNDER,1,-0.584,0.2704,0.4593,0,True,0.9,0.0
2020-09-01,2019-20,BOS,TOR,216.0,201,UNDER,1,-0.584,0.2704,0.4593,0,True,0.9,0.0
2020-09-01,2019-20,UTA,DEN,220.5,158,OVER,1,0.545,0.7163,0.4327,0.05,False,-1.0,-5.0
2020-09-03,2019-20,DEN,LAC,223.0,217,OVER,1,0.321,0.6333,0.2667,0.05,False,-1.0,-5.0
2020-09-08,2019-20,LAL,HOU,224.0,214,OVER,1,0.599,0.7346,0.4692,0.05,False,-1.0,-5.0
2020-09-09,2019-20,TOR,BOS,209.5,247,OVER,1,0.286,0.6193,0.2386,0.05,True,0.9,4.5
2020-09-10,2019-20,LAL,HOU,220.5,210,OVER,1,0.599,0.7346,0.4692,0.05,False,-1.0,-5.0
2020-09-13,2019-20,LAC,DEN,214.5,209,OVER,1,0.268,0.6121,0.2241,0.05,False,-1.0,-5.0
2020-09-19,2019-20,BOS,MIA,207.5,223,UNDER,1,-0.341,0.3591,0.2817,0,False,-1.0,0
2020-09-27,2019-20,BOS,MIA,214.5,238,OVER,1,0.228,0.5957,0.1914,0.05,True,0.9,4.5
2020-10-09,2019-20,MIA,LAL,217.0,219,UNDER,1,-0.39,0.34,0.3201,0,False,-1.0,0
2020-10-11,2019-20,LAL,MIA,216.5,199,OVER,1,0.228,0.5957,0.1914,0.05,False,-1.0,-5.0
2020-12-23,2020-21,CHA,CLE,215.0,235,UNDER,1,-0.565,0.2767,0.4465,0,False,-1.0,0
2020-12-23,2020-21,NYK,IND,214.5,228,OVER,1,1.016,0.849,0.6981,0.05,True,0.9,4.5
2020-12-23,2020-21,ATL,CHI,227.0,228,OVER,1,0.582,0.729,0.4581,0.05,True,0.9,4.5
2020-12-25,2020-21,NOP,MIA,229.0,209,UNDER,2,-0.685,0.2377,0.5246,0,True,0.9,0.0
2020-12-25,2020-21,GSW,MIL,233.5,237,OVER,1,0.677,0.7597,0.5194,0.05,True,0.9,4.5
2020-12-25,2020-21,LAC,DEN,222.0,229,OVER,1,0.545,0.7163,0.4327,0.05,True,0.9,4.5
2020-12-27,2020-21,PHI,CLE,218.5,212,UNDER,1,-0.242,0.3985,0.2029,0,True,0.9,0.0
2020-12-27,2020-21,PHX,SAC,224.5,216,UNDER,1,-0.679,0.2397,0.5206,0,True,0.9,0.0
2020-12-28,2020-21,UTA,OKC,221.0,219,OVER,1,0.414,0.6689,0.3377,0.05,False,-1.0,-5.0
2020-12-28,2020-21,POR,LAL,227.5,222,UNDER,1,-0.366,0.3492,0.3016,0,True,0.9,0.0
2020-12-29,2020-21,NYK,CLE,219.5,181,UNDER,1,-0.242,0.3985,0.2029,0,True,0.9,0.0
2020-12-29,2020-21,DEN,SAC,223.5,240,OVER,1,0.321,0.6333,0.2667,0.05,True,0.9,4.5
2020-12-31,2020-21,PHX,UTA,220.0,201,UNDER,1,-0.679,0.2397,0.5206,0,True,0.9,0.0
2021-01-01,2020-21,BOS,DET,215.5,189,UNDER,1,-0.308,0.372,0.2561,0,True,0.9,0.0
2021-01-01,2020-21,MIA,DAL,222.5,176,UNDER,1,-0.399,0.3367,0.3266,0,True,0.9,0.0
2021-01-01,2020-21,CHI,MIL,230.0,222,OVER,1,0.416,0.67,0.3399,0.05,False,-1.0,-5.0
2021-01-02,2020-21,SAC,HOU,233.0,196,UNDER,1,-0.486,0.3044,0.3911,0,True,0.9,0.0
2021-01-02,2020-21,OKC,ORL,218.5,207,UNDER,1,-0.359,0.3521,0.2957,0,True,0.9,0.0
2021-01-02,2020-21,TOR,NOP,216.0,236,OVER,1,0.307,0.6277,0.2554,0.05,True,0.9,4.5
2021-01-03,2020-21,BOS,DET,213.5,242,UNDER,1,-0.308,0.372,0.2561,0,False,-1.0,0
2021-01-03,2020-21,LAC,PHX,218.0,219,UNDER,1,-0.285,0.3811,0.2378,0,False,-1.0,0
2021-01-04,2020-21,OKC,MIA,212.5,208,UNDER,1,-0.509,0.2963,0.4075,0,True,0.9,0.0
2021-01-05,2020-21,LAL,MEM,218.0,186,OVER,1,0.291,0.6212,0.2425,0.05,False,-1.0,-5.0
2021-01-05,2020-21,MIN,DEN,228.0,239,OVER,2,0.973,0.8395,0.6789,0.05,True,0.9,4.5
2021-01-06,2020-21,CLE,ORL,213.0,199,UNDER,1,-0.359,0.3521,0.2957,0,True,0.9,0.0
2021-01-06,2020-21,BOS,MIA,218.0,212,OVER,1,0.228,0.5957,0.1914,0.05,False,-1.0,-5.0
2021-01-08,2020-21,PHX,DET,218.5,215,UNDER,1,-0.308,0.372,0.2561,0,True,0.9,0.0
2021-01-08,2020-21,TOR,SAC,226.5,267,OVER,1,0.319,0.6324,0.2648,0.05,True,0.9,4.5
2021-01-09,2020-21,DEN,PHI,222.0,218,OVER,1,0.321,0.6333,0.2667,0.05,False,-1.0,-5.0
2021-01-10,2020-21,UTA,DET,217.0,182,UNDER,1,-0.308,0.372,0.2561,0,True,0.9,0.0
2021-01-10,2020-21,DEN,NYK,218.0,203,OVER,1,0.188,0.5792,0.1583,0.05,False,-1.0,-5.0
2021-01-11,2020-21,MEM,CLE,217.5,192,UNDER,1,-0.679,0.2396,0.5208,0,True,0.9,0.0
2021-01-12,2020-21,LAL,HOU,223.0,217,OVER,1,0.599,0.7346,0.4692,0.05,False,-1.0,-5.0
2021-01-13,2020-21,POR,SAC,235.5,258,OVER,1,0.854,0.8104,0.6207,0.05,True,0.9,4.5
2021-01-15,2020-21,DAL,MIL,230.5,221,OVER,1,0.677,0.7597,0.5194,0.05,False,-1.0,-5.0
2021-01-15,2020-21,ATL,UTA,222.5,208,UNDER,1,-0.348,0.3563,0.2875,0,True,0.9,0.0
2021-01-16,2020-21,HOU,SAS,219.5,194,UNDER,1,-0.496,0.3009,0.3981,0,True,0.9,0.0
2021-01-18,2020-21,ORL,NYK,211.5,175,UNDER,1,-0.382,0.3432,0.3136,0,True,0.9,0.0
2021-01-18,2020-21,PHX,MEM,223.5,212,UNDER,1,-0.679,0.2397,0.5206,0,True,0.9,0.0
2021-01-20,2020-21,MIA,TOR,219.5,213,UNDER,1,-0.228,0.4042,0.1916,0,True,0.9,0.0
2021-01-21,2020-21,LAL,MIL,229.0,219,UNDER,1,-0.479,0.3069,0.3862,0,True,0.9,0.0
2021-01-22,2020-21,HOU,DET,218.0,205,OVER,1,0.204,0.586,0.1719,0.05,False,-1.0,-5.0
2021-01-22,2020-21,MIA,TOR,220.5,182,UNDER,1,-0.399,0.3367,0.3266,0,True,0.9,0.0
2021-01-22,2020-21,ATL,MIN,222.0,214,UNDER,1,-0.348,0.3563,0.2875,0,True,0.9,0.0
2021-01-23,2020-21,PHI,DET,219.5,224,UNDER,1,-0.308,0.372,0.2561,0,False,-1.0,0
2021-01-24,2020-21,CHA,ORL,214.5,211,UNDER,1,-0.565,0.2767,0.4465,0,True,0.9,0.0
2021-01-24,2020-21,ATL,MIL,235.0,244,UNDER,1,-0.555,0.2802,0.4396,0,False,-1.0,0
2021-01-25,2020-21,CHA,ORL,213.5,225,UNDER,1,-0.565,0.2767,0.4465,0,False,-1.0,0
2021-01-25,2020-21,PHI,DET,215.0,223,UNDER,1,-0.308,0.372,0.2561,0,False,-1.0,0
2021-01-25,2020-21,MIA,BKN,234.0,183,UNDER,1,-1.023,0.1495,0.701,0,True,0.9,0.0
2021-01-25,2020-21,OKC,POR,221.5,247,OVER,1,0.446,0.681,0.362,0.05,True,0.9,4.5
2021-01-26,2020-21,WAS,HOU,231.0,195,UNDER,1,-0.486,0.3044,0.3911,0,True,0.9,0.0
2021-01-27,2020-21,SAC,ORL,221.5,228,OVER,1,0.454,0.6838,0.3675,0.05,True,0.9,4.5
2021-01-27,2020-21,DEN,MIA,220.5,191,OVER,1,0.321,0.6333,0.2667,0.05,False,-1.0,-5.0
2021-01-28,2020-21,LAC,MIA,215.5,214,OVER,1,0.228,0.5957,0.1914,0.05,False,-1.0,-5.0
2021-01-28,2020-21,LAL,DET,217.5,199,UNDER,1,-0.308,0.372,0.2561,0,True,0.9,0.0
2021-01-29,2020-21,LAC,ORL,212.0,206,UNDER,1,-0.285,0.3811,0.2378,0,True,0.9,0.0
2021-01-30,2020-21,POR,CHI,232.0,245,UNDER,1,-0.5,0.2994,0.4011,0,False,-1.0,0
2021-01-30,2020-21,LAL,BOS,218.5,191,OVER,1,0.284,0.6182,0.2365,0.05,False,-1.0,-5.0
2021-01-30,2020-21,MEM,SAS,222.5,241,OVER,2,0.993,0.8439,0.6878,0.05,True,0.9,4.5
2021-01-31,2020-21,UTA,DEN,220.5,245,OVER,1,0.545,0.7163,0.4327,0.05,True,0.9,4.5
2021-01-31,2020-21,LAC,NYK,210.5,244,OVER,1,0.268,0.6121,0.2241,0.05,True,0.9,4.5
2021-02-01,2020-21,MIN,CLE,217.5,198,UNDER,1,-0.242,0.3985,0.2029,0,True,0.9,0.0
2021-02-01,2020-21,CHA,MIA,218.0,250,OVER,1,0.228,0.5957,0.1914,0.05,True,0.9,4.5
2021-02-01,2020-21,MEM,SAS,221.5,235,OVER,2,0.993,0.8439,0.6878,0.05,True,0.9,4.5
2021-02-03,2020-21,IND,MIL,232.0,240,OVER,1,0.677,0.7597,0.5194,0.05,True,0.9,4.5
2021-02-03,2020-21,LAC,CLE,217.5,220,OVER,1,0.268,0.6121,0.2241,0.05,True,0.9,4.5
2021-02-03,2020-21,BOS,SAC,226.5,227,OVER,1,0.429,0.6748,0.3496,0.05,True,0.9,4.5
2021-02-04,2020-21,DEN,LAL,219.5,207,OVER,1,0.188,0.5792,0.1583,0.05,False,-1.0,-5.0
2021-02-05,2020-21,MIN,OKC,219.5,209,OVER,1,0.472,0.6904,0.3808,0.05,False,-1.0,-5.0
2021-02-06,2020-21,POR,NYK,218.5,209,UNDER,1,-0.466,0.3119,0.3763,0,True,0.9,0.0
2021-02-06,2020-21,DEN,SAC,229.5,233,OVER,1,0.319,0.6324,0.2648,0.05,True,0.9,4.5
2021-02-06,2020-21,MIN,OKC,218.5,238,OVER,1,0.472,0.6904,0.3808,0.05,True,0.9,4.5
2021-02-06,2020-21,GSW,DAL,230.5,266,OVER,1,0.486,0.6954,0.3909,0.05,True,0.9,4.5
2021-02-08,2020-21,MIL,DEN,230.5,237,OVER,1,0.623,0.7427,0.4853,0.05,True,0.9,4.5
2021-02-09,2020-21,PHI,SAC,229.5,230,OVER,1,0.319,0.6324,0.2648,0.05,True,0.9,4.5
2021-02-10,2020-21,ATL,DAL,233.5,235,OVER,1,0.486,0.6954,0.3909,0.05,True,0.9,4.5
2021-02-10,2020-21,CLE,DEN,225.0,228,UNDER,1,-0.522,0.2916,0.4168,0,False,-1.0,0
2021-02-11,2020-21,PHI,POR,229.0,232,OVER,1,0.488,0.6961,0.3922,0.05,True,0.9,4.5
2021-02-11,2020-21,TOR,BOS,222.5,226,OVER,1,0.499,0.7003,0.4006,0.05,True,0.9,4.5
2021-02-12,2020-21,NYK,WAS,223.0,200,OVER,1,0.405,0.6658,0.3315,0.05,False,-1.0,-5.0
2021-02-12,2020-21,SAS,ATL,228.5,239,OVER,1,0.621,0.7418,0.4836,0.05,True,0.9,4.5
2021-02-12,2020-21,LAC,CHI,227.5,231,UNDER,1,-0.39,0.3399,0.3202,0,False,-1.0,0
2021-02-12,2020-21,MIL,UTA,232.0,244,UNDER,1,-1.135,0.1268,0.7463,0,False,-1.0,0
2021-02-12,2020-21,MEM,LAL,221.0,220,UNDER,1,-0.383,0.3428,0.3144,0,True,0.9,0.0
2021-02-12,2020-21,CLE,POR,221.0,239,OVER,1,0.446,0.681,0.362,0.05,True,0.9,4.5
2021-02-13,2020-21,IND,ATL,226.0,238,OVER,1,0.943,0.8324,0.6648,0.05,True,0.9,4.5
2021-02-14,2020-21,MIL,OKC,226.5,223,OVER,1,0.408,0.6666,0.3333,0.05,False,-1.0,-5.0
2021-02-14,2020-21,LAL,DEN,217.0,227,OVER,1,0.241,0.601,0.2021,0.05,True,0.9,4.5
2021-02-14,2020-21,MEM,SAC,229.5,234,OVER,1,0.429,0.6748,0.3496,0.05,True,0.9,4.5
2021-02-14,2020-21,CLE,LAC,219.5,239,OVER,1,0.415,0.6695,0.3391,0.05,True,0.9,4.5
2021-02-16,2020-21,NOP,MEM,228.0,257,OVER,1,0.327,0.6355,0.2709,0.05,True,0.9,4.5
2021-02-16,2020-21,TOR,MIL,233.0,237,OVER,1,0.677,0.7597,0.5194,0.05,True,0.9,4.5
2021-02-17,2020-21,ATL,BOS,223.5,236,OVER,1,0.499,0.7003,0.4006,0.05,True,0.9,4.5
2021-02-17,2020-21,MIA,GSW,223.5,232,UNDER,2,-0.624,0.257,0.486,0,False,-1.0,0
2021-02-18,2020-21,TOR,MIL,234.0,206,OVER,1,0.677,0.7597,0.5194,0.05,False,-1.0,-5.0
2021-02-19,2020-21,OKC,MIL,231.5,183,OVER,1,0.416,0.67,0.3399,0.05,False,-1.0,-5.0
2021-02-21,2020-21,DET,ORL,210.0,201,UNDER,1,-0.286,0.3807,0.2386,0,True,0.9,0.0
2021-02-21,2020-21,DEN,ATL,228.0,238,OVER,1,0.943,0.8324,0.6648,0.05,True,0.9,4.5
2021-02-22,2020-21,MEM,DAL,231.0,194,OVER,1,0.486,0.6954,0.3909,0.05,False,-1.0,-5.0
2021-02-22,2020-21,CHA,UTA,228.0,242,OVER,1,0.503,0.7016,0.4032,0.05,True,0.9,4.5
2021-02-23,2020-21,ATL,CLE,228.5,223,OVER,1,0.436,0.6771,0.3541,0.05,False,-1.0,-5.0
2021-02-23,2020-21,MIN,MIL,234.0,251,OVER,1,0.416,0.67,0.3399,0.05,True,0.9,4.5
2021-02-24,2020-21,BOS,ATL,227.5,239,OVER,2,0.139,0.5587,0.1175,0.05,True,0.9,4.5
2021-02-25,2020-21,SAC,NYK,223.0,261,OVER,1,0.454,0.6838,0.3675,0.05,True,0.9,4.5
2021-02-25,2020-21,LAC,MEM,228.0,216,UNDER,1,-0.39,0.3399,0.3202,0,True,0.9,0.0
2021-02-26,2020-21,SAC,DET,224.0,217,UNDER,2,-0.319,0.3676,0.2648,0,True,0.9,0.0
2021-02-26,2020-21,LAC,MEM,226.5,218,UNDER,1,-0.39,0.3399,0.3202,0,True,0.9,0.0
2021-02-27,2020-21,NOP,SAS,227.5,231,UNDER,1,-0.362,0.3507,0.2986,0,False,-1.0,0
2021-02-28,2020-21,NYK,DET,214.5,199,UNDER,1,-0.286,0.3807,0.2386,0,True,0.9,0.0
2021-02-28,2020-21,ATL,MIA,222.0,208,UNDER,1,-0.348,0.3563,0.2875,0,True,0.9,0.0
2021-02-28,2020-21,MEM,HOU,222.0,217,OVER,1,0.555,0.7197,0.4394,0.05,False,-1.0,-5.0
2021-03-02,2020-21,LAC,BOS,222.5,229,OVER,1,0.499,0.7003,0.4006,0.05,True,0.9,4.5
2021-03-02,2020-21,NYK,SAS,216.5,212,OVER,1,0.382,0.6567,0.3134,0.05,False,-1.0,-5.0
2021-03-03,2020-21,BKN,HOU,226.5,246,OVER,1,0.751,0.7819,0.5638,0.05,True,0.9,4.5
2021-03-03,2020-21,LAL,SAC,226.5,243,OVER,1,0.319,0.6324,0.2648,0.05,True,0.9,4.5
2021-03-04,2020-21,OKC,SAS,218.5,209,UNDER,1,-0.496,0.3009,0.3981,0,True,0.9,0.0
2021-03-10,2020-21,SAS,DAL,219.5,219,UNDER,1,-0.695,0.2346,0.5307,0,True,0.9,0.0
2021-03-11,2020-21,ATL,TOR,227.5,241,OVER,1,0.582,0.729,0.4581,0.05,True,0.9,4.5
2021-03-11,2020-21,ORL,MIA,214.5,214,UNDER,1,-0.509,0.2963,0.4075,0,True,0.9,0.0
2021-03-11,2020-21,HOU,SAC,227.5,230,OVER,1,0.319,0.6324,0.2648,0.05,True,0.9,4.5
2021-03-11,2020-21,PHX,POR,226.5,248,OVER,1,0.488,0.6961,0.3922,0.05,True,0.9,4.5
2021-03-12,2020-21,CLE,NOP,228.5,198,UNDER,1,-0.522,0.2916,0.4168,0,True,0.9,0.0
2021-03-12,2020-21,ORL,SAS,219.5,181,UNDER,1,-0.496,0.3009,0.3981,0,True,0.9,0.0
2021-03-12,2020-21,MIA,CHI,220.5,191,UNDER,1,-0.399,0.3367,0.3266,0,True,0.9,0.0
2021-03-12,2020-21,HOU,UTA,226.5,213,OVER,2,0.626,0.7435,0.487,0.05,False,-1.0,-5.0
2021-03-14,2020-21,SAS,PHI,225.5,233,UNDER,1,-0.449,0.3178,0.3644,0,False,-1.0,0
2021-03-14,2020-21,MIA,ORL,211.5,199,UNDER,1,-0.359,0.3521,0.2957,0,True,0.9,0.0
2021-03-14,2020-21,BOS,HOU,224.0,241,OVER,1,0.397,0.6627,0.3254,0.05,True,0.9,4.5
2021-03-15,2020-21,LAL,GSW,222.5,225,OVER,1,0.599,0.7346,0.4692,0.05,True,0.9,4.5
2021-03-16,2020-21,ATL,HOU,224.5,226,UNDER,1,-0.348,0.3563,0.2875,0,False,-1.0,0
2021-03-16,2020-21,CLE,MIA,212.5,211,OVER,1,0.415,0.6695,0.3391,0.05,False,-1.0,-5.0
2021-03-17,2020-21,MIA,MEM,220.5,174,UNDER,1,-0.399,0.3367,0.3266,0,True,0.9,0.0
2021-03-18,2020-21,MIN,PHX,228.0,242,OVER,1,0.821,0.8015,0.603,0.05,True,0.9,4.5
2021-03-19,2020-21,UTA,TOR,228.0,227,UNDER,1,-0.412,0.3315,0.3369,0,True,0.9,0.0
2021-03-19,2020-21,IND,MIA,215.5,247,OVER,1,0.228,0.5957,0.1914,0.05,True,0.9,4.5
2021-03-21,2020-21,IND,MIA,217.0,215,OVER,1,0.228,0.5957,0.1914,0.05,False,-1.0,-5.0
2021-03-21,2020-21,NOP,DEN,233.5,221,UNDER,1,-0.353,0.3545,0.291,0,True,0.9,0.0
2021-03-21,2020-21,CHI,DET,218.5,186,UNDER,1,-0.286,0.3807,0.2386,0,True,0.9,0.0
2021-03-22,2020-21,OKC,MIN,226.5,215,UNDER,1,-1.018,0.1505,0.699,0,True,0.9,0.0
2021-03-22,2020-21,IND,MIL,232.0,253,OVER,1,0.416,0.67,0.3399,0.05,True,0.9,4.5
2021-03-22,2020-21,ATL,LAC,226.0,229,OVER,1,0.436,0.6771,0.3541,0.05,True,0.9,4.5
2021-03-23,2020-21,DEN,ORL,218.0,209,UNDER,1,-0.359,0.3521,0.2957,0,True,0.9,0.0
2021-03-23,2020-21,LAL,NOP,221.5,239,OVER,1,0.599,0.7346,0.4692,0.05,True,0.9,4.5
2021-03-23,2020-21,WAS,NYK,225.0,244,OVER,1,0.291,0.6212,0.2424,0.05,True,0.9,4.5
2021-03-24,2020-21,DEN,TOR,224.5,246,OVER,1,0.545,0.7163,0.4327,0.05,True,0.9,4.5
2021-03-24,2020-21,PHX,ORL,213.5,223,UNDER,1,-0.359,0.3521,0.2957,0,False,-1.0,0
2021-03-24,2020-21,MEM,OKC,221.5,223,OVER,1,0.555,0.7197,0.4394,0.05,True,0.9,4.5
2021-03-24,2020-21,LAC,SAS,220.5,235,OVER,1,0.891,0.8198,0.6396,0.05,True,0.9,4.5
2021-03-25,2020-21,POR,MIA,219.0,247,OVER,1,0.228,0.5957,0.1914,0.05,True,0.9,4.5
2021-03-26,2020-21,PHX,TOR,223.5,204,UNDER,1,-0.679,0.2397,0.5206,0,True,0.9,0.0
2021-03-26,2020-21,MEM,UTA,226.5,231,OVER,1,0.503,0.7016,0.4032,0.05,True,0.9,4.5
2021-03-27,2020-21,CHI,SAS,223.0,224,OVER,2,0.844,0.8076,0.6151,0.05,True,0.9,4.5
2021-03-27,2020-21,BOS,OKC,220.0,205,UNDER,1,-0.466,0.3117,0.3766,0,True,0.9,0.0
2021-03-27,2020-21,MEM,UTA,228.0,236,OVER,1,0.503,0.7016,0.4032,0.05,True,0.9,4.5
2021-03-28,2020-21,PHX,CHA,221.0,198,UNDER,1,-0.679,0.2397,0.5206,0,True,0.9,0.0
2021-03-29,2020-21,MEM,HOU,221.5,230,OVER,1,0.555,0.7197,0.4394,0.05,True,0.9,4.5
2021-03-29,2020-21,CHI,GSW,224.5,218,OVER,1,0.336,0.6392,0.2784,0.05,False,-1.0,-5.0
2021-03-30,2020-21,PHI,DEN,222.0,199,OVER,1,0.365,0.6504,0.3007,0.05,False,-1.0,-5.0
2021-03-31,2020-21,POR,DET,219.5,225,UNDER,2,-0.042,0.4822,0.0357,0,False,-1.0,0
2021-03-31,2020-21,MIL,LAL,223.5,209,UNDER,1,-0.383,0.3428,0.3144,0,True,0.9,0.0
2021-04-01,2020-21,ATL,SAS,222.5,263,OVER,1,0.69,0.7635,0.5271,0.05,True,0.9,4.5
2021-04-02,2020-21,GSW,TOR,228.5,207,UNDER,1,-0.412,0.3315,0.3369,0,True,0.9,0.0
2021-04-02,2020-21,ATL,NOP,223.5,229,OVER,1,0.69,0.7635,0.5271,0.05,True,0.9,4.5
2021-04-02,2020-21,CHI,UTA,228.0,219,OVER,1,0.503,0.7016,0.4032,0.05,False,-1.0,-5.0
2021-04-02,2020-21,LAL,SAC,222.0,209,OVER,1,0.599,0.7346,0.4692,0.05,False,-1.0,-5.0
2021-04-03,2020-21,MIN,PHI,228.0,235,OVER,1,0.821,0.8015,0.603,0.05,True,0.9,4.5
2021-04-03,2020-21,IND,SAS,222.5,272,OVER,1,0.891,0.8198,0.6396,0.05,True,0.9,4.5
2021-04-03,2020-21,MIL,SAC,239.5,257,OVER,1,0.854,0.8104,0.6207,0.05,True,0.9,4.5
2021-04-04,2020-21,MEM,PHI,224.5,216,OVER,1,0.555,0.7197,0.4394,0.05,False,-1.0,-5.0
2021-04-04,2020-21,GSW,ATL,225.5,228,OVER,1,0.943,0.8324,0.6648,0.05,True,0.9,4.5
2021-04-05,2020-21,WAS,TOR,228.5,204,UNDER,1,-0.412,0.3315,0.3369,0,True,0.9,0.0
2021-04-05,2020-21,CLE,SAS,216.5,226,UNDER,1,-0.496,0.3009,0.3981,0,False,-1.0,0
2021-04-06,2020-21,NOP,ATL,225.5,230,OVER,2,0.061,0.5259,0.0519,0,True,0.9,0.0
2021-04-06,2020-21,LAL,TOR,215.5,211,OVER,1,0.284,0.6182,0.2365,0.05,False,-1.0,-5.0
2021-04-06,2020-21,MEM,MIA,217.5,236,OVER,1,0.228,0.5957,0.1914,0.05,True,0.9,4.5
2021-04-07,2020-21,DAL,HOU,224.5,195,OVER,1,0.397,0.6627,0.3254,0.05,False,-1.0,-5.0
2021-04-07,2020-21,MEM,ATL,229.5,244,OVER,1,0.621,0.7418,0.4836,0.05,True,0.9,4.5
2021-04-08,2020-21,PHX,LAC,224.5,216,UNDER,1,-0.679,0.2397,0.5206,0,True,0.9,0.0
2021-04-08,2020-21,DET,SAC,226.5,214,OVER,1,0.319,0.6324,0.2648,0.05,False,-1.0,-5.0
2021-04-08,2020-21,CHI,TOR,221.0,235,OVER,1,0.336,0.6392,0.2784,0.05,True,0.9,4.5
2021-04-09,2020-21,CHI,ATL,228.5,228,OVER,1,0.621,0.7418,0.4836,0.05,False,-1.0,-5.0
2021-04-09,2020-21,MIN,BOS,228.0,281,OVER,1,0.368,0.6515,0.303,0.05,True,0.9,4.5
2021-04-09,2020-21,HOU,LAC,226.5,235,OVER,1,0.384,0.6577,0.3153,0.05,True,0.9,4.5
2021-04-11,2020-21,BOS,DEN,223.5,192,UNDER,1,-0.466,0.3117,0.3766,0,True,0.9,0.0
2021-04-11,2020-21,NOP,CLE,229.0,225,UNDER,1,-0.362,0.3507,0.2986,0,True,0.9,0.0
2021-04-11,2020-21,MIA,POR,223.0,205,UNDER,1,-0.399,0.3367,0.3266,0,True,0.9,0.0
2021-04-12,2020-21,HOU,PHX,226.0,246,OVER,1,0.384,0.6577,0.3153,0.05,True,0.9,4.5
2021-04-14,2020-21,IND,HOU,231.0,256,UNDER,1,-0.486,0.3044,0.3911,0,False,-1.0,0
2021-04-16,2020-21,LAC,PHI,225.0,209,UNDER,1,-0.449,0.3178,0.3644,0,True,0.9,0.0
2021-04-16,2020-21,OKC,DET,217.0,214,UNDER,1,-0.308,0.372,0.2561,0,True,0.9,0.0
2021-04-16,2020-21,ORL,TOR,218.0,215,UNDER,1,-0.382,0.3432,0.3136,0,True,0.9,0.0
2021-04-16,2020-21,POR,SAS,232.5,213,UNDER,1,-0.5,0.2994,0.4011,0,True,0.9,0.0
2021-04-18,2020-21,BKN,MIA,225.0,216,UNDER,1,-0.603,0.2641,0.4719,0,True,0.9,0.0
2021-04-19,2020-21,CLE,DET,213.0,214,UNDER,1,-0.286,0.3807,0.2386,0,False,-1.0,0
2021-04-20,2020-21,LAC,POR,226.5,225,UNDER,1,-0.39,0.3399,0.3202,0,True,0.9,0.0
2021-04-22,2020-21,DET,SAS,216.5,197,UNDER,1,-0.496,0.3009,0.3981,0,True,0.9,0.0
2021-04-22,2020-21,CHA,CHI,212.0,199,UNDER,1,-0.565,0.2767,0.4465,0,True,0.9,0.0
2021-04-22,2020-21,LAL,DAL,217.0,225,OVER,1,0.284,0.6182,0.2365,0.05,True,0.9,4.5
2021-04-23,2020-21,BOS,BKN,229.5,213,UNDER,1,-0.345,0.3575,0.2849,0,True,0.9,0.0
2021-04-23,2020-21,LAC,HOU,221.0,213,OVER,1,0.397,0.6627,0.3254,0.05,False,-1.0,-5.0
2021-04-24,2020-21,PHI,MIL,230.0,226,OVER,1,0.677,0.7597,0.5194,0.05,False,-1.0,-5.0
2021-04-24,2020-21,CHI,MIA,210.0,207,OVER,1,0.228,0.5957,0.1914,0.05,False,-1.0,-5.0
2021-04-24,2020-21,LAL,DAL,216.5,201,OVER,1,0.284,0.6182,0.2365,0.05,False,-1.0,-5.0
2021-04-24,2020-21,HOU,DEN,225.0,245,OVER,2,0.668,0.757,0.514,0.05,True,0.9,4.5
2021-04-26,2020-21,CHI,MIA,206.0,212,OVER,1,0.218,0.5917,0.1834,0.05,True,0.9,4.5
2021-04-26,2020-21,DAL,SAC,227.5,219,OVER,1,0.319,0.6324,0.2648,0.05,False,-1.0,-5.0
2021-04-27,2020-21,OKC,BOS,219.5,234,OVER,1,0.311,0.6294,0.2587,0.05,True,0.9,4.5
2021-04-27,2020-21,MIN,HOU,230.0,221,UNDER,1,-0.525,0.2907,0.4186,0,True,0.9,0.0
2021-04-28,2020-21,ATL,PHI,220.5,210,UNDER,1,-0.348,0.3563,0.2875,0,True,0.9,0.0
2021-04-28,2020-21,ORL,CLE,210.0,213,UNDER,1,-0.242,0.3985,0.2029,0,False,-1.0,0
2021-04-28,2020-21,SAS,MIA,208.5,227,OVER,1,0.218,0.5917,0.1834,0.05,True,0.9,4.5
2021-04-28,2020-21,NOP,DEN,228.5,226,UNDER,1,-0.362,0.3507,0.2986,0,True,0.9,0.0
2021-04-29,2020-21,DAL,DET,214.5,220,UNDER,1,-0.308,0.372,0.2561,0,False,-1.0,0
2021-04-29,2020-21,BKN,IND,238.0,243,OVER,1,0.449,0.6822,0.3644,0.05,True,0.9,4.5
2021-04-29,2020-21,TOR,DEN,223.5,232,OVER,1,0.365,0.6504,0.3007,0.05,True,0.9,4.5
2021-04-30,2020-21,ATL,PHI,222.0,230,UNDER,1,-0.348,0.3563,0.2875,0,False,-1.0,0
2021-04-30,2020-21,SAS,BOS,224.5,283,OVER,1,0.499,0.7003,0.4006,0.05,True,0.9,4.5
2021-04-30,2020-21,UTA,PHX,222.5,221,OVER,1,0.414,0.6689,0.3377,0.05,False,-1.0,-5.0
2021-04-30,2020-21,SAC,LAL,222.5,216,UNDER,1,-0.689,0.2367,0.5266,0,True,0.9,0.0
2021-05-01,2020-21,WAS,DAL,231.5,249,OVER,1,0.486,0.6954,0.3909,0.05,True,0.9,4.5
2021-05-01,2020-21,DEN,LAC,223.5,214,OVER,1,0.321,0.6333,0.2667,0.05,False,-1.0,-5.0
2021-05-02,2020-21,POR,BOS,232.0,248,UNDER,1,-0.5,0.2994,0.4011,0,False,-1.0,0
2021-05-02,2020-21,NYK,HOU,216.5,219,OVER,1,0.446,0.681,0.3621,0.05,True,0.9,4.5
2021-05-02,2020-21,PHX,OKC,221.0,243,OVER,1,0.425,0.6733,0.3465,0.05,True,0.9,4.5
2021-05-03,2020-21,ORL,DET,213.5,231,UNDER,2,-0.472,0.3096,0.3808,0,False,-1.0,0
2021-05-03,2020-21,GSW,NOP,236.5,231,UNDER,1,-0.563,0.2775,0.4449,0,True,0.9,0.0
2021-05-03,2020-21,DEN,LAL,219.0,182,UNDER,1,-0.505,0.2977,0.4045,0,True,0.9,0.0
2021-05-04,2020-21,PHX,CLE,218.5,252,OVER,1,0.419,0.6708,0.3415,0.05,True,0.9,4.5
2021-05-04,2020-21,CHA,DET,215.5,201,UNDER,1,-0.308,0.372,0.2561,0,True,0.9,0.0
2021-05-04,2020-21,DAL,MIA,216.0,240,OVER,1,0.228,0.5957,0.1914,0.05,True,0.9,4.5
2021-05-05,2020-21,BOS,ORL,218.5,228,UNDER,1,-0.359,0.3521,0.2957,0,False,-1.0,0
2021-05-05,2020-21,PHX,ATL,228.5,238,OVER,2,1.091,0.8646,0.7292,0.05,True,0.9,4.5
2021-05-05,2020-21,PHI,HOU,224.5,250,OVER,1,0.397,0.6627,0.3254,0.05,True,0.9,4.5
2021-05-05,2020-21,NYK,DEN,214.5,210,OVER,1,0.241,0.601,0.2021,0.05,False,-1.0,-5.0
2021-05-06,2020-21,BKN,DAL,234.0,222,OVER,1,0.486,0.6954,0.3909,0.05,False,-1.0,-5.0
2021-05-07,2020-21,HOU,MIL,231.5,274,OVER,1,0.416,0.67,0.3399,0.05,True,0.9,4.5
2021-05-07,2020-21,DEN,UTA,218.5,247,OVER,1,0.188,0.5792,0.1583,0.05,True,0.9,4.5
2021-05-07,2020-21,SAS,SAC,227.0,217,OVER,1,0.429,0.6748,0.3496,0.05,False,-1.0,-5.0
2021-05-07,2020-21,LAL,POR,222.0,207,OVER,1,0.446,0.681,0.362,0.05,False,-1.0,-5.0
2021-05-08,2020-21,MEM,TOR,227.0,208,UNDER,1,-0.412,0.3315,0.3369,0,True,0.9,0.0
2021-05-08,2020-21,SAS,POR,229.5,226,OVER,1,0.488,0.6961,0.3922,0.05,False,-1.0,-5.0
2021-05-08,2020-21,HOU,UTA,227.0,240,OVER,2,0.626,0.7435,0.487,0.05,True,0.9,4.5
2021-05-09,2020-21,MIA,BOS,221.0,254,UNDER,1,-0.399,0.3367,0.3266,0,False,-1.0,0
2021-05-11,2020-21,DEN,CHA,220.5,229,OVER,1,0.321,0.6333,0.2667,0.05,True,0.9,4.5
2021-05-11,2020-21,MIA,BOS,222.5,250,UNDER,1,-0.399,0.3367,0.3266,0,False,-1.0,0
2021-05-11,2020-21,PHI,IND,236.5,197,OVER,1,0.449,0.6822,0.3644,0.05,False,-1.0,-5.0
2021-05-14,2020-21,CLE,WAS,226.5,225,UNDER,1,-0.522,0.2916,0.4168,0,True,0.9,0.0
2021-05-15,2020-21,PHX,SAS,223.0,243,OVER,1,0.425,0.6733,0.3465,0.05,True,0.9,4.5
2021-05-15,2020-21,MIA,MIL,232.0,230,UNDER,1,-1.135,0.1268,0.7463,0,True,0.9,0.0
2021-05-16,2020-21,MIA,DET,217.0,227,UNDER,1,-0.308,0.372,0.2561,0,False,-1.0,0
2021-05-19,2020-21,GSW,LAL,222.5,203,UNDER,1,-0.383,0.3428,0.3144,0,True,0.9,0.0
2021-05-21,2020-21,MEM,GSW,224.0,229,OVER,1,0.555,0.7197,0.4394,0.05,True,0.9,4.5
2021-05-23,2020-21,ATL,NYK,217.0,212,UNDER,1,-0.466,0.3119,0.3763,0,True,0.9,0.0
2021-05-23,2020-21,LAL,PHX,215.5,189,OVER,1,0.38,0.6561,0.3122,0.05,False,-1.0,-5.0
2021-05-26,2020-21,ATL,NYK,214.0,193,UNDER,1,-0.466,0.3119,0.3763,0,True,0.9,0.0
2021-05-27,2020-21,DEN,POR,229.0,235,OVER,1,0.488,0.6961,0.3922,0.05,True,0.9,4.5
2021-05-28,2020-21,BKN,BOS,228.5,244,OVER,2,0.808,0.798,0.5961,0.05,True,0.9,4.5
2021-05-29,2020-21,DEN,POR,228.5,210,OVER,1,0.488,0.6961,0.3922,0.05,False,-1.0,-5.0
2021-05-29,2020-21,UTA,MEM,224.5,232,OVER,1,0.414,0.6689,0.3377,0.05,True,0.9,4.5
2021-05-30,2020-21,NYK,ATL,209.5,209,UNDER,1,-0.345,0.3573,0.2855,0,True,0.9,0.0
2021-05-30,2020-21,PHX,LAL,210.5,192,OVER,1,0.569,0.7246,0.4491,0.05,False,-1.0,-5.0
2021-05-30,2020-21,BKN,BOS,229.5,267,OVER,2,0.808,0.798,0.5961,0.05,True,0.9,4.5
2021-05-31,2020-21,UTA,MEM,224.0,233,OVER,1,0.414,0.6689,0.3377,0.05,True,0.9,4.5
2021-06-02,2020-21,MEM,UTA,226.0,236,OVER,1,0.503,0.7016,0.4032,0.05,True,0.9,4.5
2021-06-03,2020-21,DEN,POR,228.5,241,OVER,1,0.488,0.6961,0.3922,0.05,True,0.9,4.5
2021-06-06,2020-21,ATL,PHI,220.5,252,OVER,1,0.69,0.7635,0.5271,0.05,True,0.9,4.5
2021-06-07,2020-21,DEN,PHX,220.0,227,OVER,1,0.321,0.6333,0.2667,0.05,True,0.9,4.5
2021-06-11,2020-21,PHX,DEN,222.5,218,OVER,1,0.545,0.7163,0.4327,0.05,False,-1.0,-5.0
2021-06-12,2020-21,UTA,LAC,223.5,238,OVER,1,0.414,0.6689,0.3377,0.05,True,0.9,4.5
2021-06-13,2020-21,PHX,DEN,221.0,243,OVER,1,0.545,0.7163,0.4327,0.05,True,0.9,4.5
2021-06-14,2020-21,PHI,ATL,225.0,203,OVER,1,0.621,0.7418,0.4836,0.05,False,-1.0,-5.0
2021-06-14,2020-21,UTA,LAC,223.5,222,OVER,1,0.414,0.6689,0.3377,0.05,False,-1.0,-5.0
2021-06-16,2020-21,ATL,PHI,224.5,215,UNDER,1,-0.348,0.3563,0.2875,0,True,0.9,0.0
2021-06-23,2020-21,ATL,MIL,227.5,229,OVER,1,0.436,0.6771,0.3541,0.05,True,0.9,4.5
2021-06-25,2020-21,ATL,MIL,226.5,216,OVER,1,0.436,0.6771,0.3541,0.05,False,-1.0,-5.0
2021-06-28,2020-21,LAC,PHX,215.5,218,OVER,2,0.571,0.7254,0.4507,0.05,True,0.9,4.5
2021-07-06,2020-21,MIL,PHX,217.0,223,UNDER,2,-0.041,0.4827,0.0345,0,False,-1.0,0
2021-07-11,2020-21,PHX,MIL,222.0,220,UNDER,1,-0.679,0.2397,0.5206,0,True,0.9,0.0
2021-07-14,2020-21,PHX,MIL,220.5,212,UNDER,1,-0.679,0.2397,0.5206,0,True,0.9,0.0
2021-07-17,2020-21,MIL,PHX,218.5,242,UNDER,2,-0.041,0.4827,0.0345,0,False,-1.0,0
2021-07-20,2020-21,PHX,MIL,223.0,203,UNDER,1,-0.679,0.2397,0.5206,0,True,0.9,0.0
2021-10-20,2021-22,CHI,DET,220.5,182,UNDER,1,-0.661,0.2452,0.5096,0,True,0.9,0.0
2021-10-20,2021-22,BOS,NYK,217.5,272,UNDER,1,-0.466,0.3119,0.3763,0,False,-1.0,0
2021-10-20,2021-22,CLE,MEM,217.5,253,OVER,1,0.291,0.6212,0.2425,0.05,True,0.9,4.5
2021-10-22,2021-22,BKN,PHI,229.5,223,UNDER,1,-0.449,0.3178,0.3644,0,True,0.9,0.0
2021-10-22,2021-22,PHX,LAL,226.5,220,UNDER,1,-0.366,0.3492,0.3016,0,True,0.9,0.0
2021-10-23,2021-22,DAL,TOR,218.0,198,UNDER,1,-0.228,0.4042,0.1916,0,True,0.9,0.0
2021-10-24,2021-22,CHA,BKN,231.5,206,UNDER,1,-1.023,0.1495,0.701,0,True,0.9,0.0
2021-10-24,2021-22,MEM,LAL,221.0,239,UNDER,1,-0.383,0.3428,0.3144,0,False,-1.0,0
2021-10-25,2021-22,WAS,BKN,233.5,194,UNDER,1,-1.023,0.1495,0.701,0,True,0.9,0.0
2021-10-25,2021-22,NOP,MIN,225.0,205,UNDER,1,-0.362,0.3507,0.2986,0,True,0.9,0.0
2021-10-26,2021-22,LAL,SAS,220.0,246,OVER,2,1.047,0.8556,0.7113,0.05,True,0.9,4.5
2021-10-28,2021-22,ATL,WAS,224.0,233,OVER,2,0.785,0.7916,0.5831,0.05,True,0.9,4.5
2021-10-29,2021-22,SAC,NOP,222.5,222,OVER,1,0.454,0.6838,0.3675,0.05,False,-1.0,-5.0
2021-10-29,2021-22,LAC,POR,225.0,203,OVER,1,0.488,0.6961,0.3922,0.05,False,-1.0,-5.0
2021-10-31,2021-22,POR,CHA,230.0,238,UNDER,1,-0.5,0.2994,0.4011,0,False,-1.0,0
2021-11-02,2021-22,MIL,DET,216.0,206,UNDER,1,-0.44,0.3213,0.3574,0,True,0.9,0.0
2021-11-02,2021-22,SAC,UTA,220.0,232,UNDER,1,-0.689,0.2367,0.5266,0,False,-1.0,0
2021-11-03,2021-22,POR,CLE,219.5,211,UNDER,1,-0.242,0.3985,0.2029,0,True,0.9,0.0
2021-11-03,2021-22,BOS,ORL,214.0,171,UNDER,1,-0.359,0.3521,0.2957,0,True,0.9,0.0
2021-11-03,2021-22,LAC,MIN,215.5,241,UNDER,1,-0.285,0.3811,0.2378,0,False,-1.0,0
2021-11-03,2021-22,DAL,SAS,216.0,217,OVER,1,0.382,0.6567,0.3134,0.05,True,0.9,4.5
2021-11-05,2021-22,BKN,DET,212.0,186,UNDER,1,-0.308,0.372,0.2561,0,True,0.9,0.0
2021-11-05,2021-22,CHA,SAC,228.0,250,OVER,1,0.319,0.6324,0.2648,0.05,True,0.9,4.5
2021-11-06,2021-22,UTA,MIA,212.5,233,OVER,1,0.228,0.5957,0.1914,0.05,True,0.9,4.5
2021-11-07,2021-22,BKN,TOR,211.0,219,UNDER,1,-0.228,0.4042,0.1916,0,False,-1.0,0
2021-11-08,2021-22,MIN,MEM,218.5,243,OVER,2,0.368,0.6514,0.3028,0.05,True,0.9,4.5
2021-11-08,2021-22,MIA,DEN,208.5,209,UNDER,1,-0.341,0.3591,0.2817,0,False,-1.0,0
2021-11-08,2021-22,PHX,SAC,222.5,213,UNDER,1,-0.679,0.2397,0.5206,0,True,0.9,0.0
2021-11-10,2021-22,WAS,CLE,213.5,191,UNDER,1,-0.242,0.3985,0.2029,0,True,0.9,0.0
2021-11-10,2021-22,BKN,ORL,212.0,213,UNDER,1,-0.359,0.3521,0.2957,0,False,-1.0,0
2021-11-10,2021-22,SAC,SAS,222.5,253,OVER,1,0.454,0.6838,0.3675,0.05,True,0.9,4.5
2021-11-10,2021-22,IND,DEN,213.0,199,OVER,1,0.241,0.601,0.2021,0.05,False,-1.0,-5.0
2021-11-12,2021-22,DAL,SAS,217.5,232,OVER,1,0.382,0.6567,0.3134,0.05,True,0.9,4.5
2021-11-12,2021-22,ATL,DEN,215.5,201,OVER,1,0.241,0.601,0.2021,0.05,False,-1.0,-5.0
2021-11-12,2021-22,CHI,GSW,221.5,212,OVER,1,0.336,0.6392,0.2784,0.05,False,-1.0,-5.0
2021-11-12,2021-22,MIN,LAL,226.0,190,UNDER,1,-0.366,0.3492,0.3016,0,True,0.9,0.0
2021-11-13,2021-22,WAS,ORL,204.5,196,OVER,1,0.315,0.6307,0.2613,0.05,False,-1.0,-5.0
2021-11-14,2021-22,POR,DEN,217.0,219,OVER,1,0.241,0.601,0.2021,0.05,True,0.9,4.5
2021-11-15,2021-22,NOP,WAS,213.5,205,UNDER,2,-0.337,0.3606,0.2788,0,True,0.9,0.0
2021-11-15,2021-22,PHX,MIN,223.0,195,UNDER,1,-0.679,0.2397,0.5206,0,True,0.9,0.0
2021-11-15,2021-22,CHI,LAL,219.0,224,UNDER,1,-0.505,0.2977,0.4045,0,False,-1.0,0
2021-11-17,2021-22,IND,DET,210.0,186,UNDER,1,-0.308,0.372,0.2561,0,True,0.9,0.0
2021-11-17,2021-22,HOU,OKC,213.5,190,OVER,1,0.204,0.586,0.1719,0.05,False,-1.0,-5.0
2021-11-17,2021-22,CHI,POR,221.5,219,OVER,1,0.336,0.6392,0.2784,0.05,False,-1.0,-5.0
2021-11-19,2021-22,LAL,BOS,212.5,238,OVER,1,0.284,0.6182,0.2365,0.05,True,0.9,4.5
2021-11-19,2021-22,CHI,DEN,211.5,222,OVER,1,0.241,0.601,0.2021,0.05,True,0.9,4.5
2021-11-19,2021-22,DAL,PHX,211.5,216,OVER,1,0.505,0.7023,0.4047,0.05,True,0.9,4.5
2021-11-20,2021-22,MIA,WAS,210.0,203,UNDER,1,-0.677,0.2404,0.5191,0,True,0.9,0.0
2021-11-20,2021-22,OKC,BOS,205.5,216,OVER,1,0.328,0.6358,0.2715,0.05,True,0.9,4.5
2021-11-20,2021-22,MEM,MIN,218.5,233,UNDER,1,-0.679,0.2396,0.5208,0,False,-1.0,0
2021-11-20,2021-22,PHI,POR,218.5,229,OVER,1,0.272,0.6137,0.2273,0.05,True,0.9,4.5
2021-11-22,2021-22,BKN,CLE,207.5,229,OVER,1,0.475,0.6914,0.3828,0.05,True,0.9,4.5
2021-11-22,2021-22,HOU,BOS,211.5,198,OVER,1,0.311,0.6294,0.2587,0.05,False,-1.0,-5.0
2021-11-22,2021-22,MIN,NOP,213.5,206,OVER,2,0.548,0.7173,0.4347,0.05,False,-1.0,-5.0
2021-11-22,2021-22,PHX,SAS,220.5,226,OVER,2,0.073,0.531,0.0619,0.0098,True,0.9,0.88
2021-11-23,2021-22,DEN,POR,212.5,219,OVER,1,0.188,0.5792,0.1583,0.05,True,0.9,4.5
2021-11-24,2021-22,LAL,IND,218.5,240,OVER,1,0.284,0.6182,0.2365,0.05,True,0.9,4.5
2021-11-24,2021-22,CHA,ORL,219.5,205,UNDER,1,-0.359,0.3521,0.2957,0,True,0.9,0.0
2021-11-24,2021-22,ATL,SAS,221.5,230,OVER,1,0.891,0.8198,0.6396,0.05,True,0.9,4.5
2021-11-24,2021-22,POR,SAC,226.0,246,OVER,1,0.319,0.6324,0.2648,0.05,True,0.9,4.5
2021-11-26,2021-22,DET,LAC,206.0,203,UNDER,1,-0.241,0.3989,0.2023,0,True,0.9,0.0
2021-11-26,2021-22,CHI,ORL,213.5,211,UNDER,1,-0.359,0.3521,0.2957,0,True,0.9,0.0
2021-11-26,2021-22,ATL,MEM,224.5,232,OVER,1,0.69,0.7635,0.5271,0.05,True,0.9,4.5
2021-11-26,2021-22,BOS,SAS,215.5,184,OVER,1,0.382,0.6567,0.3134,0.05,False,-1.0,-5.0
2021-11-26,2021-22,MIL,DEN,213.5,229,UNDER,2,-0.182,0.4233,0.1534,0,False,-1.0,0
2021-11-26,2021-22,SAC,LAL,224.5,278,OVER,1,0.454,0.6838,0.3675,0.05,True,0.9,4.5
2021-11-27,2021-22,ORL,CLE,203.5,197,OVER,1,0.475,0.6914,0.3828,0.05,False,-1.0,-5.0
2021-11-28,2021-22,MIL,IND,217.5,218,UNDER,1,-0.44,0.3213,0.3574,0,False,-1.0,0
2021-11-30,2021-22,MEM,TOR,219.5,189,UNDER,1,-0.228,0.4042,0.1916,0,True,0.9,0.0
2021-11-30,2021-22,NYK,BKN,218.5,222,OVER,1,0.714,0.7709,0.5417,0.05,True,0.9,4.5
2021-11-30,2021-22,LAL,SAC,227.5,209,OVER,1,0.319,0.6324,0.2648,0.05,False,-1.0,-5.0
2021-11-30,2021-22,DET,POR,216.0,202,OVER,1,0.272,0.6137,0.2273,0.05,False,-1.0,-5.0
2021-12-01,2021-22,MIN,WAS,216.5,222,UNDER,2,-0.288,0.3798,0.2404,0,False,-1.0,0
2021-12-01,2021-22,HOU,OKC,211.5,224,OVER,1,0.204,0.586,0.1719,0.05,True,0.9,4.5
2021-12-01,2021-22,CHA,MIL,230.0,252,OVER,1,0.677,0.7597,0.5194,0.05,True,0.9,4.5
2021-12-02,2021-22,MIL,TOR,213.5,190,UNDER,2,-0.476,0.3079,0.3842,0,True,0.9,0.0
2021-12-02,2021-22,OKC,MEM,215.5,231,OVER,1,0.291,0.6212,0.2425,0.05,True,0.9,4.5
2021-12-03,2021-22,MIN,BKN,219.0,215,OVER,1,0.23,0.5964,0.1928,0.05,False,-1.0,-5.0
2021-12-03,2021-22,PHX,GSW,215.5,214,OVER,1,0.569,0.7246,0.4491,0.05,False,-1.0,-5.0
2021-12-04,2021-22,CHI,BKN,220.0,218,OVER,1,0.336,0.6392,0.2784,0.05,False,-1.0,-5.0
2021-12-04,2021-22,LAC,SAC,215.5,203,UNDER,1,-0.285,0.3811,0.2378,0,True,0.9,0.0
2021-12-05,2021-22,WAS,TOR,212.5,192,UNDER,1,-0.584,0.2704,0.4593,0,True,0.9,0.0
2021-12-06,2021-22,MEM,MIA,215.5,195,OVER,1,0.228,0.5957,0.1914,0.05,False,-1.0,-5.0
2021-12-06,2021-22,DEN,CHI,214.0,206,OVER,1,0.188,0.5792,0.1583,0.05,False,-1.0,-5.0
2021-12-07,2021-22,NYK,SAS,212.5,230,OVER,1,0.382,0.6567,0.3134,0.05,True,0.9,4.5
2021-12-07,2021-22,BOS,LAL,217.5,219,UNDER,1,-0.505,0.2977,0.4045,0,False,-1.0,0
2021-12-08,2021-22,CHI,CLE,208.0,207,OVER,1,0.343,0.6419,0.2838,0.05,False,-1.0,-5.0
2021-12-08,2021-22,BKN,HOU,225.0,218,OVER,1,0.751,0.7819,0.5638,0.05,False,-1.0,-5.0
2021-12-08,2021-22,DEN,NOP,216.0,234,OVER,1,0.188,0.5792,0.1583,0.05,True,0.9,4.5
2021-12-09,2021-22,DEN,SAS,214.5,234,OVER,1,0.382,0.6567,0.3134,0.05,True,0.9,4.5
2021-12-11,2021-22,DEN,SAS,214.0,239,OVER,1,0.382,0.6567,0.3134,0.05,True,0.9,4.5
2021-12-12,2021-22,MIL,NYK,215.5,209,UNDER,1,-0.44,0.3213,0.3574,0,True,0.9,0.0
2021-12-12,2021-22,BKN,DET,211.5,220,UNDER,1,-0.308,0.372,0.2561,0,False,-1.0,0
2021-12-12,2021-22,MIN,POR,219.0,227,OVER,1,0.472,0.6904,0.3808,0.05,True,0.9,4.5
2021-12-13,2021-22,HOU,ATL,225.5,258,OVER,1,0.384,0.6577,0.3153,0.05,True,0.9,4.5
2021-12-13,2021-22,CHA,DAL,219.5,216,UNDER,1,-0.695,0.2346,0.5307,0,True,0.9,0.0
2021-12-13,2021-22,WAS,DEN,215.5,220,OVER,1,0.241,0.601,0.2021,0.05,True,0.9,4.5
2021-12-15,2021-22,ATL,ORL,220.5,210,UNDER,1,-0.348,0.3563,0.2875,0,True,0.9,0.0
2021-12-15,2021-22,LAL,DAL,217.0,211,UNDER,1,-0.505,0.2977,0.4045,0,True,0.9,0.0
2021-12-15,2021-22,NOP,OKC,210.5,223,OVER,1,0.447,0.6814,0.3628,0.05,True,0.9,4.5
2021-12-15,2021-22,MIN,DEN,217.0,231,OVER,1,0.241,0.601,0.2021,0.05,True,0.9,4.5
2021-12-15,2021-22,LAC,UTA,215.5,227,OVER,1,0.268,0.6121,0.2241,0.05,True,0.9,4.5
2021-12-16,2021-22,WAS,PHX,216.5,216,OVER,1,0.505,0.7023,0.4047,0.05,False,-1.0,-5.0
2021-12-17,2021-22,DEN,ATL,222.0,248,OVER,1,0.321,0.6333,0.2667,0.05,True,0.9,4.5
2021-12-17,2021-22,CHA,POR,228.0,241,OVER,1,0.488,0.6961,0.3922,0.05,True,0.9,4.5
2021-12-17,2021-22,MEM,SAC,225.5,229,OVER,1,0.429,0.6748,0.3496,0.05,True,0.9,4.5
2021-12-17,2021-22,MIL,NOP,217.0,228,OVER,1,0.307,0.6277,0.2554,0.05,True,0.9,4.5
2021-12-18,2021-22,HOU,DET,215.0,223,UNDER,1,-0.286,0.3807,0.2386,0,False,-1.0,0
2021-12-18,2021-22,ORL,BKN,214.5,193,UNDER,1,-0.382,0.3432,0.3136,0,True,0.9,0.0
2021-12-19,2021-22,SAS,SAC,226.0,235,OVER,1,0.319,0.6324,0.2648,0.05,True,0.9,4.5
2021-12-20,2021-22,SAC,GSW,223.5,211,UNDER,1,-0.689,0.2367,0.5266,0,True,0.9,0.0
2021-12-21,2021-22,MIN,DAL,212.5,216,OVER,1,0.472,0.6904,0.3808,0.05,True,0.9,4.5
2021-12-22,2021-22,DEN,OKC,215.5,202,OVER,1,0.188,0.5792,0.1583,0.05,False,-1.0,-5.0
2021-12-23,2021-22,MIL,DAL,215.5,197,UNDER,1,-0.44,0.3213,0.3574,0,True,0.9,0.0
2021-12-25,2021-22,BOS,MIL,234.5,230,OVER,1,0.677,0.7597,0.5194,0.05,False,-1.0,-5.0
2021-12-26,2021-22,PHI,WAS,208.5,213,OVER,1,0.544,0.7161,0.4323,0.05,True,0.9,4.5
2021-12-26,2021-22,TOR,CLE,204.0,243,OVER,2,0.645,0.7496,0.4993,0.05,True,0.9,4.5
2021-12-26,2021-22,MEM,SAC,226.5,229,OVER,1,0.319,0.6324,0.2648,0.05,True,0.9,4.5
2021-12-26,2021-22,DEN,LAC,214.5,203,OVER,1,0.188,0.5792,0.1583,0.05,False,-1.0,-5.0
2021-12-27,2021-22,CHI,ATL,208.5,248,OVER,1,0.847,0.8085,0.617,0.05,True,0.9,4.5
2021-12-27,2021-22,MEM,PHX,218.0,227,OVER,1,0.505,0.7023,0.4047,0.05,True,0.9,4.5
2021-12-29,2021-22,ATL,CHI,220.5,248,UNDER,1,-0.348,0.3563,0.2875,0,False,-1.0,0
2021-12-31,2021-22,NYK,OKC,205.5,175,UNDER,1,-1.286,0.1009,0.7981,0,True,0.9,0.0
2022-01-02,2021-22,IND,CLE,215.5,212,UNDER,1,-0.242,0.3985,0.2029,0,True,0.9,0.0
2022-01-02,2021-22,ORL,BOS,213.5,227,OVER,1,0.311,0.6294,0.2587,0.05,True,0.9,4.5
2022-01-02,2021-22,DAL,OKC,209.5,181,UNDER,1,-0.32,0.3671,0.2658,0,True,0.9,0.0
2022-01-02,2021-22,MIN,LAL,223.5,211,UNDER,1,-0.383,0.3428,0.3144,0,True,0.9,0.0
2022-01-03,2021-22,ATL,POR,226.0,267,OVER,1,0.488,0.6961,0.3922,0.05,True,0.9,4.5
2022-01-04,2021-22,SAS,TOR,217.5,233,UNDER,1,-0.228,0.4042,0.1916,0,False,-1.0,0
2022-01-04,2021-22,MEM,CLE,217.5,216,UNDER,1,-0.679,0.2396,0.5208,0,True,0.9,0.0
2022-01-04,2021-22,IND,NYK,209.5,198,UNDER,1,-0.239,0.3996,0.2008,0,True,0.9,0.0
2022-01-05,2021-22,ATL,SAC,229.5,210,OVER,2,0.723,0.7737,0.5473,0.05,False,-1.0,-5.0
2022-01-05,2021-22,UTA,DEN,219.5,224,OVER,1,0.241,0.601,0.2021,0.05,True,0.9,4.5
2022-01-07,2021-22,ATL,LAL,225.5,252,OVER,1,0.582,0.729,0.4581,0.05,True,0.9,4.5
2022-01-08,2021-22,UTA,IND,220.5,238,OVER,1,0.414,0.6689,0.3377,0.05,True,0.9,4.5
2022-01-08,2021-22,ORL,DET,210.0,189,UNDER,2,-0.472,0.3096,0.3808,0,True,0.9,0.0
2022-01-08,2021-22,MIL,CHA,233.0,220,UNDER,1,-1.135,0.1268,0.7463,0,True,0.9,0.0
2022-01-09,2021-22,MEM,LAL,226.5,246,UNDER,1,-0.366,0.3492,0.3016,0,False,-1.0,0
2022-01-10,2021-22,MIL,CHA,234.5,202,UNDER,1,-1.135,0.1268,0.7463,0,True,0.9,0.0
2022-01-11,2021-22,PHX,TOR,223.5,194,UNDER,1,-0.679,0.2397,0.5206,0,True,0.9,0.0
2022-01-12,2021-22,MIA,ATL,221.0,206,UNDER,1,-0.399,0.3367,0.3266,0,True,0.9,0.0
2022-01-12,2021-22,HOU,SAS,233.0,252,OVER,1,0.304,0.6262,0.2525,0.05,True,0.9,4.5
2022-01-12,2021-22,LAL,SAC,230.5,241,OVER,1,0.368,0.6515,0.303,0.05,True,0.9,4.5
2022-01-13,2021-22,LAC,NOP,214.0,202,OVER,2,0.005,0.502,0.004,0,False,-1.0,0
2022-01-13,2021-22,POR,DEN,216.0,248,OVER,1,0.275,0.6146,0.2293,0.05,True,0.9,4.5
2022-01-14,2021-22,TOR,DET,213.5,190,UNDER,1,-0.308,0.372,0.2561,0,True,0.9,0.0
2022-01-14,2021-22,HOU,SAC,237.5,240,OVER,1,0.854,0.8104,0.6207,0.05,True,0.9,4.5
2022-01-15,2021-22,POR,WAS,218.5,225,OVER,1,0.275,0.6146,0.2293,0.05,True,0.9,4.5
2022-01-15,2021-22,PHI,MIA,207.5,207,OVER,2,0.142,0.56,0.12,0.05,False,-1.0,-5.0
2022-01-15,2021-22,LAC,SAS,217.5,195,OVER,2,0.021,0.5088,0.0175,0,False,-1.0,0
2022-01-15,2021-22,LAL,DEN,221.5,229,OVER,2,0.677,0.7597,0.5195,0.05,True,0.9,4.5
2022-01-16,2021-22,UTA,DEN,223.5,227,OVER,2,0.551,0.7185,0.437,0.05,True,0.9,4.5
2022-01-17,2021-22,CHA,NYK,218.0,184,UNDER,1,-0.565,0.2767,0.4465,0,True,0.9,0.0
2022-01-17,2021-22,CHI,MEM,224.0,225,OVER,1,0.336,0.6392,0.2784,0.05,True,0.9,4.5
2022-01-17,2021-22,IND,LAC,209.5,272,UNDER,1,-0.239,0.3996,0.2008,0,False,-1.0,0
2022-01-17,2021-22,MIL,ATL,229.0,235,OVER,1,0.621,0.7418,0.4836,0.05,True,0.9,4.5
2022-01-17,2021-22,TOR,MIA,209.5,203,OVER,1,0.218,0.5917,0.1834,0.05,False,-1.0,-5.0
2022-01-17,2021-22,PHX,SAS,223.5,228,OVER,2,0.073,0.531,0.0619,0.0098,True,0.9,0.88
2022-01-17,2021-22,UTA,LAL,229.0,196,UNDER,1,-0.366,0.3492,0.3016,0,True,0.9,0.0
2022-01-18,2021-22,MIN,NYK,212.5,222,OVER,1,0.472,0.6904,0.3808,0.05,True,0.9,4.5
2022-01-19,2021-22,POR,MIA,215.5,196,OVER,1,0.275,0.6146,0.2293,0.05,False,-1.0,-5.0
2022-01-19,2021-22,OKC,SAS,219.5,214,UNDER,1,-0.496,0.3009,0.3981,0,True,0.9,0.0
2022-01-19,2021-22,LAC,DEN,211.0,258,OVER,1,0.268,0.6121,0.2241,0.05,True,0.9,4.5
2022-01-20,2021-22,NOP,NYK,210.0,193,OVER,1,0.447,0.6814,0.3628,0.05,False,-1.0,-5.0
2022-01-21,2021-22,LAC,PHI,211.5,203,OVER,1,0.268,0.6121,0.2241,0.05,False,-1.0,-5.0
2022-01-21,2021-22,POR,BOS,214.5,214,OVER,1,0.275,0.6146,0.2293,0.05,False,-1.0,-5.0
2022-01-21,2021-22,TOR,WAS,216.5,214,UNDER,1,-0.677,0.2404,0.5191,0,True,0.9,0.0
2022-01-21,2021-22,MEM,DEN,218.0,240,OVER,1,0.241,0.601,0.2021,0.05,True,0.9,4.5
2022-01-21,2021-22,HOU,GSW,226.0,208,OVER,1,0.384,0.6577,0.3153,0.05,False,-1.0,-5.0
2022-01-22,2021-22,SAC,MIL,230.5,260,OVER,1,0.677,0.7597,0.5194,0.05,True,0.9,4.5
2022-01-23,2021-22,LAC,NYK,206.0,212,OVER,1,0.431,0.6755,0.3509,0.05,True,0.9,4.5
2022-01-23,2021-22,BOS,WAS,217.5,203,UNDER,1,-0.677,0.2404,0.5191,0,True,0.9,0.0
2022-01-23,2021-22,POR,TOR,214.5,219,OVER,1,0.275,0.6146,0.2293,0.05,True,0.9,4.5
2022-01-23,2021-22,LAL,MIA,216.5,220,OVER,1,0.228,0.5957,0.1914,0.05,True,0.9,4.5
2022-01-23,2021-22,MEM,DAL,216.0,195,UNDER,1,-0.679,0.2396,0.5208,0,True,0.9,0.0
2022-01-23,2021-22,UTA,GSW,221.5,186,UNDER,1,-0.481,0.3064,0.3872,0,True,0.9,0.0
2022-01-24,2021-22,IND,NOP,214.5,230,OVER,1,0.307,0.6277,0.2554,0.05,True,0.9,4.5
2022-01-25,2021-22,DEN,DET,219.0,215,UNDER,1,-0.308,0.372,0.2561,0,True,0.9,0.0
2022-01-25,2021-22,LAL,BKN,226.0,202,UNDER,1,-0.479,0.3069,0.3862,0,True,0.9,0.0
2022-01-25,2021-22,MIN,POR,227.5,216,OVER,1,0.488,0.6961,0.3922,0.05,False,-1.0,-5.0
2022-01-26,2021-22,LAC,ORL,210.5,213,UNDER,1,-0.285,0.3811,0.2378,0,False,-1.0,0
2022-01-26,2021-22,MIL,CLE,217.5,214,UNDER,2,-0.494,0.3017,0.3967,0,True,0.9,0.0
2022-01-27,2021-22,LAL,PHI,217.5,192,OVER,1,0.284,0.6182,0.2365,0.05,False,-1.0,-5.0
2022-01-28,2021-22,POR,HOU,232.5,235,UNDER,2,-0.724,0.2261,0.5477,0,False,-1.0,0
2022-01-28,2021-22,UTA,MEM,224.5,228,OVER,1,0.414,0.6689,0.3377,0.05,True,0.9,4.5
2022-01-28,2021-22,DEN,NOP,214.5,221,OVER,1,0.188,0.5792,0.1583,0.05,True,0.9,4.5
2022-01-29,2021-22,SAC,PHI,221.5,204,UNDER,1,-0.689,0.2367,0.5266,0,True,0.9,0.0
2022-01-29,2021-22,TOR,MIA,208.0,244,OVER,1,0.218,0.5917,0.1834,0.05,True,0.9,4.5
2022-01-30,2021-22,LAC,CHA,225.0,205,UNDER,1,-0.39,0.3399,0.3202,0,True,0.9,0.0
2022-01-30,2021-22,CLE,DET,211.5,220,UNDER,1,-0.308,0.372,0.2561,0,False,-1.0,0
2022-01-30,2021-22,DAL,ORL,213.0,218,UNDER,1,-0.359,0.3521,0.2957,0,False,-1.0,0
2022-02-01,2021-22,NOP,DET,214.5,212,OVER,2,0.104,0.5439,0.0878,0.0371,False,-1.0,-3.71
2022-02-01,2021-22,BKN,PHX,227.0,232,OVER,1,0.751,0.7819,0.5638,0.05,True,0.9,4.5
2022-02-02,2021-22,CHA,BOS,220.5,220,OVER,1,0.499,0.7003,0.4006,0.05,False,-1.0,-5.0
2022-02-03,2021-22,PHX,ATL,223.5,239,UNDER,1,-0.679,0.2397,0.5206,0,False,-1.0,0
2022-02-03,2021-22,SAC,GSW,221.0,240,UNDER,1,-0.689,0.2367,0.5266,0,False,-1.0,0
2022-02-03,2021-22,CHI,TOR,223.0,247,OVER,1,0.336,0.6392,0.2784,0.05,True,0.9,4.5
2022-02-03,2021-22,MIA,SAS,220.5,207,UNDER,1,-0.399,0.3367,0.3266,0,True,0.9,0.0
2022-02-04,2021-22,BOS,DET,214.0,195,UNDER,1,-0.308,0.372,0.2561,0,True,0.9,0.0
2022-02-04,2021-22,OKC,POR,214.0,189,OVER,1,0.272,0.6137,0.2273,0.05,False,-1.0,-5.0
2022-02-05,2021-22,NYK,LAL,213.0,237,UNDER,1,-0.505,0.2977,0.4045,0,False,-1.0,0
2022-02-06,2021-22,IND,CLE,216.5,183,UNDER,1,-0.242,0.3985,0.2029,0,True,0.9,0.0
2022-02-06,2021-22,BOS,ORL,216.0,199,UNDER,1,-0.359,0.3521,0.2957,0,True,0.9,0.0
2022-02-06,2021-22,NOP,HOU,231.0,227,UNDER,1,-0.486,0.3044,0.3911,0,True,0.9,0.0
2022-02-08,2021-22,LAC,MEM,228.0,244,UNDER,1,-0.39,0.3399,0.3202,0,False,-1.0,0
2022-02-08,2021-22,MIL,LAL,230.0,247,OVER,1,0.623,0.7427,0.4853,0.05,True,0.9,4.5
2022-02-10,2021-22,LAC,DAL,216.0,217,OVER,1,0.268,0.6121,0.2241,0.05,True,0.9,4.5
2022-02-10,2021-22,MIL,PHX,232.5,238,OVER,1,0.623,0.7427,0.4853,0.05,True,0.9,4.5
2022-02-11,2021-22,CLE,IND,215.0,233,OVER,1,1.016,0.849,0.6981,0.05,True,0.9,4.5
2022-02-11,2021-22,DEN,BOS,217.5,210,OVER,1,0.188,0.5792,0.1583,0.05,False,-1.0,-5.0
2022-02-12,2021-22,SAC,WAS,221.5,233,OVER,2,0.602,0.7356,0.4713,0.05,True,0.9,4.5
2022-02-12,2021-22,DEN,TOR,222.5,219,OVER,1,0.321,0.6333,0.2667,0.05,False,-1.0,-5.0
2022-02-12,2021-22,LAC,DAL,215.0,196,OVER,1,0.268,0.6121,0.2241,0.05,False,-1.0,-5.0
2022-02-13,2021-22,ATL,BOS,220.5,200,UNDER,1,-0.348,0.3563,0.2875,0,True,0.9,0.0
2022-02-13,2021-22,MIN,IND,235.5,249,OVER,1,0.449,0.6822,0.3644,0.05,True,0.9,4.5
2022-02-14,2021-22,POR,MIL,232.0,229,OVER,1,0.416,0.67,0.3399,0.05,False,-1.0,-5.0
2022-02-14,2021-22,ORL,DEN,225.0,232,OVER,1,0.55,0.7182,0.4364,0.05,True,0.9,4.5
2022-02-14,2021-22,HOU,UTA,229.5,236,OVER,2,0.626,0.7435,0.487,0.05,True,0.9,4.5
2022-02-15,2021-22,IND,MIL,232.0,247,OVER,1,0.416,0.67,0.3399,0.05,True,0.9,4.5
2022-02-16,2021-22,ATL,ORL,227.5,239,OVER,1,0.436,0.6771,0.3541,0.05,True,0.9,4.5
2022-02-16,2021-22,DET,BOS,215.5,223,OVER,1,0.311,0.6294,0.2587,0.05,True,0.9,4.5
2022-02-17,2021-22,HOU,LAC,228.5,253,OVER,1,0.384,0.6577,0.3153,0.05,True,0.9,4.5
2022-02-24,2021-22,CLE,DET,211.0,209,UNDER,1,-0.308,0.372,0.2561,0,True,0.9,0.0
2022-02-24,2021-22,GSW,POR,223.0,227,OVER,1,0.446,0.681,0.362,0.05,True,0.9,4.5
2022-02-24,2021-22,DEN,SAC,229.0,238,OVER,1,0.319,0.6324,0.2648,0.05,True,0.9,4.5
2022-02-25,2021-22,OKC,IND,216.0,254,OVER,1,1.016,0.849,0.6981,0.05,True,0.9,4.5
2022-02-26,2021-22,TOR,ATL,225.5,227,OVER,1,0.943,0.8324,0.6648,0.05,True,0.9,4.5
2022-02-26,2021-22,BKN,MIL,234.0,249,OVER,1,0.677,0.7597,0.5194,0.05,True,0.9,4.5
2022-02-27,2021-22,BOS,IND,223.5,235,UNDER,1,-0.466,0.3117,0.3766,0,False,-1.0,0
2022-02-27,2021-22,LAC,HOU,229.5,197,UNDER,1,-0.39,0.3399,0.3202,0,True,0.9,0.0
2022-02-27,2021-22,NOP,LAL,225.5,218,OVER,1,0.327,0.6355,0.2709,0.05,False,-1.0,-5.0
2022-02-28,2021-22,CHI,MIA,227.0,211,UNDER,1,-0.603,0.2641,0.4719,0,True,0.9,0.0
2022-03-01,2021-22,ATL,BOS,222.5,205,UNDER,1,-0.348,0.3563,0.2875,0,True,0.9,0.0
2022-03-01,2021-22,LAC,HOU,228.5,213,UNDER,1,-0.39,0.3399,0.3202,0,True,0.9,0.0
2022-03-02,2021-22,CHA,CLE,215.5,217,UNDER,1,-0.242,0.3985,0.2029,0,False,-1.0,0
2022-03-02,2021-22,OKC,DEN,225.5,226,OVER,1,0.55,0.7182,0.4364,0.05,True,0.9,4.5
2022-03-03,2021-22,MEM,BOS,224.0,227,OVER,2,0.739,0.7784,0.5568,0.05,True,0.9,4.5
2022-03-03,2021-22,LAL,LAC,218.5,243,OVER,1,0.284,0.6182,0.2365,0.05,True,0.9,4.5
2022-03-06,2021-22,BKN,BOS,224.5,246,OVER,1,0.499,0.7003,0.4006,0.05,True,0.9,4.5
2022-03-06,2021-22,PHX,MIL,231.5,254,OVER,1,0.677,0.7597,0.5194,0.05,True,0.9,4.5
2022-03-06,2021-22,TOR,CLE,210.5,200,UNDER,1,-0.242,0.3985,0.2029,0,True,0.9,0.0
2022-03-06,2021-22,NOP,DEN,228.0,268,UNDER,1,-0.362,0.3507,0.2986,0,False,-1.0,0
2022-03-07,2021-22,ATL,DET,225.5,223,OVER,1,0.436,0.6771,0.3541,0.05,False,-1.0,-5.0
2022-03-07,2021-22,HOU,MIA,226.0,229,OVER,1,0.384,0.6577,0.3153,0.05,True,0.9,4.5
2022-03-07,2021-22,NYK,SAC,228.5,246,OVER,1,0.429,0.6748,0.3496,0.05,True,0.9,4.5
2022-03-08,2021-22,NOP,MEM,231.0,243,UNDER,1,-0.353,0.3545,0.291,0,False,-1.0,0
2022-03-08,2021-22,LAC,GSW,219.0,209,OVER,1,0.268,0.6121,0.2241,0.05,False,-1.0,-5.0
2022-03-10,2021-22,GSW,DEN,222.5,215,OVER,1,0.365,0.6504,0.3007,0.05,False,-1.0,-5.0
2022-03-11,2021-22,DET,BOS,215.0,217,OVER,1,0.311,0.6294,0.2587,0.05,True,0.9,4.5
2022-03-11,2021-22,LAC,ATL,227.5,218,UNDER,1,-0.39,0.3399,0.3202,0,True,0.9,0.0
2022-03-11,2021-22,CLE,MIA,209.0,222,OVER,1,0.218,0.5917,0.1834,0.05,True,0.9,4.5
2022-03-11,2021-22,WAS,LAL,226.5,231,UNDER,1,-0.366,0.3492,0.3016,0,False,-1.0,0
2022-03-12,2021-22,MIN,MIA,225.5,217,UNDER,1,-0.603,0.2641,0.4719,0,True,0.9,0.0
2022-03-12,2021-22,WAS,POR,219.0,245,OVER,1,0.272,0.6137,0.2273,0.05,True,0.9,4.5
2022-03-13,2021-22,MEM,OKC,229.5,243,OVER,1,0.408,0.6666,0.3333,0.05,True,0.9,4.5
2022-03-14,2021-22,LAC,CLE,211.5,231,UNDER,1,-0.242,0.3985,0.2029,0,False,-1.0,0
2022-03-14,2021-22,DEN,PHI,221.5,224,OVER,1,0.321,0.6333,0.2667,0.05,True,0.9,4.5
2022-03-16,2021-22,PHI,CLE,218.0,232,UNDER,1,-0.242,0.3985,0.2029,0,False,-1.0,0
2022-03-19,2021-22,LAL,WAS,231.0,246,OVER,1,0.368,0.6515,0.303,0.05,True,0.9,4.5
2022-03-20,2021-22,PHX,SAC,231.5,251,OVER,1,0.431,0.6755,0.351,0.05,True,0.9,4.5
2022-03-20,2021-22,UTA,NYK,222.5,201,OVER,1,0.414,0.6689,0.3377,0.05,False,-1.0,-5.0
2022-03-20,2021-22,BOS,DEN,221.5,228,OVER,1,0.365,0.6504,0.3007,0.05,True,0.9,4.5
2022-03-21,2021-22,WAS,HOU,234.5,212,UNDER,1,-0.486,0.3044,0.3911,0,True,0.9,0.0
2022-03-22,2021-22,GSW,ORL,218.5,184,UNDER,1,-0.359,0.3521,0.2957,0,True,0.9,0.0
2022-03-22,2021-22,ATL,NYK,226.0,228,OVER,1,0.582,0.729,0.4581,0.05,True,0.9,4.5
2022-03-23,2021-22,UTA,BOS,221.5,222,OVER,2,0.612,0.7389,0.4778,0.05,True,0.9,4.5
2022-03-23,2021-22,ORL,OKC,219.5,220,UNDER,1,-0.382,0.3432,0.3136,0,False,-1.0,0
2022-03-23,2021-22,HOU,DAL,227.0,201,OVER,1,0.384,0.6577,0.3153,0.05,False,-1.0,-5.0
2022-03-24,2021-22,CLE,TOR,214.0,221,UNDER,1,-0.228,0.4042,0.1916,0,False,-1.0,0
2022-03-24,2021-22,WAS,MIL,233.5,216,OVER,1,0.416,0.67,0.3399,0.05,False,-1.0,-5.0
2022-03-25,2021-22,WAS,DET,219.0,197,UNDER,1,-0.286,0.3807,0.2386,0,True,0.9,0.0
2022-03-25,2021-22,NYK,MIA,215.5,214,OVER,1,0.228,0.5957,0.1914,0.05,False,-1.0,-5.0
2022-03-26,2021-22,OKC,DEN,225.5,220,OVER,1,0.55,0.7182,0.4364,0.05,False,-1.0,-5.0
2022-03-27,2021-22,MIN,BOS,227.0,246,OVER,1,0.368,0.6515,0.303,0.05,True,0.9,4.5
2022-03-27,2021-22,CHA,BKN,237.5,229,UNDER,1,-0.763,0.2147,0.5705,0,True,0.9,0.0
2022-03-28,2021-22,SAC,MIA,220.0,223,UNDER,1,-0.689,0.2367,0.5266,0,False,-1.0,0
2022-03-28,2021-22,CHI,NYK,223.5,213,OVER,1,0.336,0.6392,0.2784,0.05,False,-1.0,-5.0
2022-03-30,2021-22,DAL,CLE,215.0,232,UNDER,1,-0.242,0.3985,0.2029,0,False,-1.0,0
2022-03-30,2021-22,MIN,TOR,228.5,227,UNDER,1,-0.412,0.3315,0.3369,0,True,0.9,0.0
2022-03-30,2021-22,ATL,OKC,229.5,254,OVER,1,0.408,0.6666,0.3333,0.05,True,0.9,4.5
2022-04-01,2021-22,TOR,ORL,218.5,191,UNDER,1,-0.359,0.3521,0.2957,0,True,0.9,0.0
2022-04-01,2021-22,SAC,HOU,231.5,239,UNDER,1,-0.525,0.2907,0.4186,0,False,-1.0,0
2022-04-02,2021-22,CLE,NYK,214.5,220,UNDER,1,-0.466,0.3119,0.3763,0,False,-1.0,0
2022-04-02,2021-22,MIA,CHI,220.0,236,UNDER,1,-0.399,0.3367,0.3266,0,False,-1.0,0
2022-04-03,2021-22,WAS,BOS,220.5,246,OVER,1,0.782,0.7907,0.5813,0.05,True,0.9,4.5
2022-04-03,2021-22,PHX,OKC,226.5,213,UNDER,2,-0.122,0.4484,0.1031,0,True,0.9,0.0
2022-04-05,2021-22,CLE,ORL,214.5,235,UNDER,1,-0.359,0.3521,0.2957,0,False,-1.0,0
2022-04-05,2021-22,ATL,TOR,226.5,226,UNDER,1,-0.412,0.3315,0.3369,0,True,0.9,0.0
2022-04-05,2021-22,MEM,UTA,221.0,236,OVER,1,0.555,0.7197,0.4394,0.05,True,0.9,4.5
2022-04-06,2021-22,BOS,CHI,223.0,211,UNDER,1,-0.466,0.3117,0.3766,0,True,0.9,0.0
2022-04-07,2021-22,BOS,MIL,226.5,248,UNDER,1,-0.345,0.3575,0.2849,0,False,-1.0,0
2022-04-08,2021-22,HOU,TOR,228.5,232,OVER,1,0.384,0.6577,0.3153,0.05,True,0.9,4.5
2022-04-08,2021-22,CLE,BKN,228.5,225,UNDER,1,-0.522,0.2916,0.4168,0,True,0.9,0.0
2022-04-08,2021-22,ATL,MIA,229.5,222,UNDER,1,-0.603,0.2641,0.4719,0,True,0.9,0.0
2022-04-10,2021-22,TOR,NYK,225.5,199,OVER,1,0.291,0.6212,0.2424,0.05,False,-1.0,-5.0
2022-04-12,2021-22,CLE,BKN,230.5,223,UNDER,1,-1.023,0.1495,0.701,0,True,0.9,0.0
2022-04-15,2021-22,ATL,CLE,226.0,208,OVER,1,0.582,0.729,0.4581,0.05,False,-1.0,-5.0
2022-04-16,2021-22,UTA,DAL,217.5,192,UNDER,1,-0.695,0.2346,0.5307,0,True,0.9,0.0
2022-04-17,2021-22,ATL,MIA,215.5,206,UNDER,1,-0.509,0.2963,0.4075,0,True,0.9,0.0
2022-04-21,2021-22,DAL,UTA,209.0,244,UNDER,1,-0.32,0.3671,0.2658,0,False,-1.0,0
2022-04-21,2021-22,GSW,DEN,224.5,231,OVER,1,0.545,0.7163,0.4327,0.05,True,0.9,4.5
2022-04-23,2021-22,PHI,TOR,214.0,212,UNDER,1,-0.584,0.2704,0.4593,0,True,0.9,0.0
2022-04-24,2021-22,MIL,CHI,219.0,214,UNDER,1,-0.44,0.3213,0.3574,0,True,0.9,0.0
2022-04-24,2021-22,GSW,DEN,224.0,247,OVER,1,0.365,0.6504,0.3007,0.05,True,0.9,4.5
2022-04-24,2021-22,MIA,ATL,221.0,196,UNDER,1,-0.399,0.3367,0.3266,0,True,0.9,0.0
2022-04-27,2021-22,CHI,MIL,218.5,216,OVER,1,0.367,0.6511,0.3023,0.05,False,-1.0,-5.0
2022-04-28,2021-22,PHX,NOP,214.0,224,OVER,1,0.307,0.6277,0.2554,0.05,True,0.9,4.5
2022-04-28,2021-22,PHI,TOR,210.0,229,UNDER,1,-0.584,0.2704,0.4593,0,False,-1.0,0
2022-05-01,2021-22,MIL,BOS,218.0,190,UNDER,1,-0.44,0.3213,0.3574,0,True,0.9,0.0
2022-05-02,2021-22,PHI,MIA,207.0,198,OVER,1,0.218,0.5917,0.1834,0.05,False,-1.0,-5.0
2022-05-03,2021-22,MIL,BOS,215.0,195,UNDER,1,-0.44,0.3213,0.3574,0,True,0.9,0.0
2022-05-10,2021-22,PHI,MIA,210.0,205,OVER,1,0.228,0.5957,0.1914,0.05,False,-1.0,-5.0
2022-05-11,2021-22,MIL,BOS,214.5,217,UNDER,1,-0.44,0.3213,0.3574,0,False,-1.0,0
2022-05-15,2021-22,MIL,BOS,210.0,190,UNDER,1,-0.44,0.3213,0.3574,0,True,0.9,0.0
2022-05-15,2021-22,DAL,PHX,210.0,213,OVER,1,0.505,0.7023,0.4047,0.05,True,0.9,4.5
2022-05-17,2021-22,BOS,MIA,206.5,225,UNDER,1,-0.341,0.3591,0.2817,0,False,-1.0,0
2022-05-19,2021-22,BOS,MIA,205.5,229,OVER,1,0.218,0.5917,0.1834,0.05,True,0.9,4.5
2022-05-25,2021-22,BOS,MIA,204.0,173,UNDER,1,-0.341,0.3591,0.2817,0,True,0.9,0.0
2022-05-29,2021-22,BOS,MIA,200.5,196,UNDER,1,-0.341,0.3591,0.2817,0,True,0.9,0.0
2022-10-19,2022-23,CHI,MIA,217.5,224,OVER,1,0.367,0.6511,0.3023,0.05,True,0.9,4.5
2022-10-19,2022-23,CLE,TOR,214.5,213,UNDER,1,-0.584,0.2704,0.4593,0,True,0.9,0.0
2022-10-19,2022-23,DAL,PHX,219.5,212,OVER,1,0.38,0.6561,0.3122,0.05,False,-1.0,-5.0
2022-10-20,2022-23,LAC,LAL,227.5,200,UNDER,1,-0.366,0.3492,0.3016,0,True,0.9,0.0
2022-10-21,2022-23,CHI,WAS,220.0,202,OVER,1,0.405,0.6658,0.3315,0.05,False,-1.0,-5.0
2022-10-21,2022-23,MEM,HOU,231.0,251,OVER,1,0.304,0.6262,0.2525,0.05,True,0.9,4.5
2022-10-22,2022-23,BOS,ORL,215.5,246,UNDER,1,-0.359,0.3521,0.2957,0,False,-1.0,0
2022-10-22,2022-23,HOU,MIL,228.0,230,OVER,1,0.384,0.6577,0.3153,0.05,True,0.9,4.5
2022-10-22,2022-23,TOR,MIA,216.5,221,OVER,1,0.228,0.5957,0.1914,0.05,True,0.9,4.5
2022-10-23,2022-23,POR,LAL,223.5,210,UNDER,1,-0.383,0.3428,0.3144,0,True,0.9,0.0
2022-10-23,2022-23,WAS,CLE,217.5,224,UNDER,1,-0.677,0.2404,0.5191,0,False,-1.0,0
2022-10-23,2022-23,MIN,OKC,226.0,222,OVER,1,0.408,0.6666,0.3333,0.05,False,-1.0,-5.0
2022-10-24,2022-23,TOR,MIA,216.5,188,OVER,1,0.228,0.5957,0.1914,0.05,False,-1.0,-5.0
2022-10-24,2022-23,UTA,HOU,234.0,222,UNDER,2,-1.528,0.0693,0.8614,0,True,0.9,0.0
2022-10-24,2022-23,DEN,POR,223.5,245,OVER,2,0.485,0.6951,0.3902,0.05,True,0.9,4.5
2022-10-25,2022-23,DAL,NOP,225.5,224,OVER,1,0.327,0.6355,0.2709,0.05,False,-1.0,-5.0
2022-10-26,2022-23,ATL,DET,236.5,231,UNDER,1,-0.555,0.2802,0.4396,0,True,0.9,0.0
2022-10-26,2022-23,PHI,TOR,209.5,228,OVER,1,0.544,0.7161,0.4323,0.05,True,0.9,4.5
2022-10-26,2022-23,MIA,POR,223.5,217,UNDER,1,-0.399,0.3367,0.3266,0,True,0.9,0.0
2022-10-27,2022-23,LAC,OKC,218.5,228,OVER,1,0.268,0.6121,0.2241,0.05,True,0.9,4.5
2022-10-28,2022-23,ATL,DET,229.5,248,OVER,1,0.436,0.6771,0.3541,0.05,True,0.9,4.5
2022-10-28,2022-23,PHI,TOR,214.0,202,UNDER,1,-0.228,0.4042,0.1916,0,True,0.9,0.0
2022-10-29,2022-23,MIA,SAC,227.0,232,OVER,1,0.319,0.6324,0.2648,0.05,True,0.9,4.5
2022-10-30,2022-23,NOP,LAC,226.5,203,OVER,1,0.327,0.6355,0.2709,0.05,False,-1.0,-5.0
2022-10-30,2022-23,HOU,PHX,227.5,233,OVER,1,0.384,0.6577,0.3153,0.05,True,0.9,4.5
2022-10-31,2022-23,ATL,TOR,222.5,248,OVER,1,0.69,0.7635,0.5271,0.05,True,0.9,4.5
2022-11-02,2022-23,MEM,POR,228.0,217,OVER,1,0.488,0.6961,0.3922,0.05,False,-1.0,-5.0
2022-11-04,2022-23,UTA,LAL,229.0,246,UNDER,1,-0.366,0.3492,0.3016,0,False,-1.0,0
2022-11-05,2022-23,BOS,NYK,227.0,251,UNDER,1,-0.345,0.3575,0.2849,0,False,-1.0,0
2022-11-05,2022-23,HOU,MIN,234.0,246,OVER,1,0.304,0.6262,0.2525,0.05,True,0.9,4.5
2022-11-06,2022-23,CLE,LAL,222.0,214,OVER,1,0.599,0.7346,0.4692,0.05,False,-1.0,-5.0
2022-11-06,2022-23,CHI,TOR,219.5,217,UNDER,1,-0.228,0.4042,0.1916,0,True,0.9,0.0
2022-11-07,2022-23,MIL,ATL,226.5,215,OVER,1,0.621,0.7418,0.4836,0.05,False,-1.0,-5.0
2022-11-09,2022-23,DAL,ORL,213.0,181,UNDER,1,-0.359,0.3521,0.2957,0,True,0.9,0.0
2022-11-09,2022-23,CLE,SAC,228.5,247,OVER,1,0.319,0.6324,0.2648,0.05,True,0.9,4.5
2022-11-11,2022-23,PHX,ORL,215.0,211,UNDER,1,-0.359,0.3521,0.2957,0,True,0.9,0.0
2022-11-11,2022-23,TOR,OKC,219.5,245,UNDER,1,-0.228,0.4042,0.1916,0,False,-1.0,0
2022-11-11,2022-23,MIL,SAS,219.5,204,OVER,1,0.382,0.6567,0.3134,0.05,False,-1.0,-5.0
2022-11-12,2022-23,UTA,WAS,222.0,233,OVER,1,0.414,0.6689,0.3377,0.05,True,0.9,4.5
2022-11-12,2022-23,ATL,PHI,223.0,230,OVER,1,0.69,0.7635,0.5271,0.05,True,0.9,4.5
2022-11-12,2022-23,POR,DAL,219.0,229,OVER,1,0.275,0.6146,0.2293,0.05,True,0.9,4.5
2022-11-13,2022-23,OKC,NYK,226.5,280,OVER,1,0.291,0.6212,0.2424,0.05,True,0.9,4.5
2022-11-13,2022-23,MEM,WAS,218.5,194,UNDER,2,-0.954,0.1649,0.6701,0,True,0.9,0.0
2022-11-14,2022-23,TOR,DET,219.5,226,UNDER,1,-0.228,0.4042,0.1916,0,False,-1.0,0
2022-11-14,2022-23,LAC,HOU,219.5,228,OVER,1,0.204,0.586,0.1719,0.05,True,0.9,4.5
2022-11-15,2022-23,LAC,DAL,212.0,204,OVER,1,0.268,0.6121,0.2241,0.05,False,-1.0,-5.0
2022-11-15,2022-23,BKN,SAC,226.0,274,OVER,1,0.429,0.6748,0.3496,0.05,True,0.9,4.5
2022-11-17,2022-23,SAS,SAC,237.0,242,OVER,1,0.854,0.8104,0.6207,0.05,True,0.9,4.5
2022-11-19,2022-23,TOR,ATL,226.5,246,OVER,1,0.621,0.7418,0.4836,0.05,True,0.9,4.5
2022-11-19,2022-23,UTA,POR,228.0,231,OVER,1,0.488,0.6961,0.3922,0.05,True,0.9,4.5
2022-11-20,2022-23,DEN,DAL,217.5,195,UNDER,1,-0.677,0.2402,0.5196,0,True,0.9,0.0
2022-11-21,2022-23,BOS,CHI,229.5,228,UNDER,1,-0.345,0.3575,0.2849,0,True,0.9,0.0
2022-11-22,2022-23,DET,DEN,227.0,218,OVER,1,0.55,0.7182,0.4364,0.05,False,-1.0,-5.0
2022-11-23,2022-23,POR,CLE,214.0,210,OVER,1,0.275,0.6146,0.2293,0.05,False,-1.0,-5.0
2022-11-23,2022-23,WAS,MIA,209.0,218,OVER,1,0.218,0.5917,0.1834,0.05,True,0.9,4.5
2022-11-25,2022-23,NOP,MEM,227.0,243,OVER,1,0.327,0.6355,0.2709,0.05,True,0.9,4.5
2022-11-25,2022-23,ATL,HOU,231.5,250,OVER,1,0.304,0.6262,0.2525,0.05,True,0.9,4.5
2022-11-25,2022-23,WAS,MIA,215.5,217,OVER,1,0.228,0.5957,0.1914,0.05,True,0.9,4.5
2022-11-26,2022-23,DAL,TOR,214.5,205,UNDER,1,-0.584,0.2704,0.4593,0,True,0.9,0.0
2022-11-26,2022-23,LAL,SAS,231.0,281,OVER,1,0.368,0.6515,0.303,0.05,True,0.9,4.5
2022-11-26,2022-23,OKC,HOU,231.5,223,UNDER,2,-1.528,0.0693,0.8614,0,True,0.9,0.0
2022-11-27,2022-23,MIA,ATL,226.0,204,OVER,1,0.621,0.7418,0.4836,0.05,False,-1.0,-5.0
2022-11-27,2022-23,CLE,DET,218.5,196,UNDER,1,-0.308,0.372,0.2561,0,True,0.9,0.0
2022-11-28,2022-23,ATL,PHI,221.0,205,OVER,1,0.69,0.7635,0.5271,0.05,False,-1.0,-5.0
2022-11-28,2022-23,CLE,TOR,218.0,188,UNDER,1,-0.228,0.4042,0.1916,0,True,0.9,0.0
2022-11-28,2022-23,HOU,DEN,228.5,242,OVER,2,0.668,0.757,0.514,0.05,True,0.9,4.5
2022-11-29,2022-23,NYK,DET,226.5,250,OVER,1,0.291,0.6212,0.2424,0.05,True,0.9,4.5
2022-11-30,2022-23,ATL,ORL,228.0,233,OVER,1,0.436,0.6771,0.3541,0.05,True,0.9,4.5
2022-11-30,2022-23,LAC,UTA,228.5,237,UNDER,1,-0.39,0.3399,0.3202,0,False,-1.0,0
2022-11-30,2022-23,POR,LAL,223.5,237,UNDER,1,-0.383,0.3428,0.3144,0,False,-1.0,0
2022-12-02,2022-23,DEN,ATL,225.5,226,OVER,1,0.943,0.8324,0.6648,0.05,True,0.9,4.5
2022-12-02,2022-23,NOP,SAS,232.5,216,UNDER,1,-0.353,0.3545,0.291,0,True,0.9,0.0
2022-12-02,2022-23,PHI,MEM,213.5,226,OVER,1,0.291,0.6212,0.2425,0.05,True,0.9,4.5
2022-12-02,2022-23,HOU,PHX,229.5,243,OVER,1,0.384,0.6577,0.3153,0.05,True,0.9,4.5
2022-12-03,2022-23,MIL,CHA,219.5,201,UNDER,1,-0.565,0.2767,0.4465,0,True,0.9,0.0
2022-12-04,2022-23,PHX,SAS,230.5,228,OVER,1,0.431,0.6755,0.351,0.05,False,-1.0,-5.0
2022-12-04,2022-23,LAL,WAS,233.0,249,OVER,1,0.368,0.6515,0.303,0.05,True,0.9,4.5
2022-12-05,2022-23,LAC,CHA,218.0,236,OVER,1,0.268,0.6121,0.2241,0.05,True,0.9,4.5
2022-12-05,2022-23,MIA,MEM,219.0,194,OVER,1,0.228,0.5957,0.1914,0.05,False,-1.0,-5.0
2022-12-05,2022-23,PHX,DAL,223.0,241,UNDER,1,-0.679,0.2397,0.5206,0,False,-1.0,0
2022-12-06,2022-23,DAL,DEN,224.0,231,OVER,1,0.365,0.6504,0.3007,0.05,True,0.9,4.5
2022-12-07,2022-23,LAC,ORL,216.5,227,UNDER,2,-0.082,0.4651,0.0697,0,False,-1.0,0
2022-12-08,2022-23,LAC,MIA,211.0,225,OVER,1,0.268,0.6121,0.2241,0.05,True,0.9,4.5
2022-12-09,2022-23,SAC,CLE,216.0,201,UNDER,1,-0.242,0.3985,0.2029,0,True,0.9,0.0
2022-12-09,2022-23,ATL,BKN,232.5,236,UNDER,1,-1.023,0.1495,0.701,0,False,-1.0,0
2022-12-09,2022-23,PHX,NOP,229.5,245,OVER,1,0.327,0.6355,0.2709,0.05,True,0.9,4.5
2022-12-10,2022-23,BKN,IND,226.0,269,OVER,1,0.751,0.7819,0.5638,0.05,True,0.9,4.5
2022-12-10,2022-23,OKC,CLE,217.5,212,UNDER,1,-0.242,0.3985,0.2029,0,True,0.9,0.0
2022-12-10,2022-23,UTA,DEN,228.5,225,OVER,1,0.55,0.7182,0.4364,0.05,False,-1.0,-5.0
2022-12-12,2022-23,ATL,MEM,220.5,231,UNDER,1,-0.348,0.3563,0.2875,0,False,-1.0,0
2022-12-12,2022-23,MIN,POR,229.5,245,OVER,1,0.488,0.6961,0.3922,0.05,True,0.9,4.5
2022-12-12,2022-23,BOS,LAC,225.5,206,UNDER,1,-0.345,0.3575,0.2849,0,True,0.9,0.0
2022-12-14,2022-23,ATL,ORL,226.0,259,OVER,1,0.621,0.7418,0.4836,0.05,True,0.9,4.5
2022-12-14,2022-23,WAS,DEN,224.5,269,OVER,1,0.782,0.7907,0.5813,0.05,True,0.9,4.5
2022-12-17,2022-23,NOP,PHX,228.0,232,UNDER,1,-0.362,0.3507,0.2986,0,False,-1.0,0
2022-12-18,2022-23,BKN,DET,228.5,245,OVER,1,0.751,0.7819,0.5638,0.05,True,0.9,4.5
2022-12-18,2022-23,CHA,DEN,235.5,234,UNDER,1,-0.763,0.2147,0.5705,0,True,0.9,0.0
2022-12-19,2022-23,MIL,NOP,228.0,247,OVER,1,0.327,0.6355,0.2709,0.05,True,0.9,4.5
2022-12-21,2022-23,IND,BOS,232.0,229,UNDER,1,-0.66,0.2456,0.5088,0,True,0.9,0.0
2022-12-23,2022-23,MIL,BKN,230.5,218,UNDER,1,-1.135,0.1268,0.7463,0,True,0.9,0.0
2022-12-23,2022-23,TOR,CLE,214.5,225,UNDER,1,-0.242,0.3985,0.2029,0,False,-1.0,0
2022-12-23,2022-23,CHI,NYK,222.5,235,OVER,1,0.336,0.6392,0.2784,0.05,True,0.9,4.5
2022-12-23,2022-23,MIN,BOS,226.5,230,OVER,1,0.821,0.8015,0.603,0.05,True,0.9,4.5
2022-12-23,2022-23,WAS,SAC,239.5,236,OVER,1,0.854,0.8104,0.6207,0.05,False,-1.0,-5.0
2022-12-26,2022-23,HOU,CHI,231.0,251,OVER,1,0.304,0.6262,0.2525,0.05,True,0.9,4.5
2022-12-27,2022-23,LAC,TOR,218.5,237,UNDER,1,-0.228,0.4042,0.1916,0,False,-1.0,0
2022-12-27,2022-23,HOU,BOS,229.5,228,OVER,1,0.384,0.6577,0.3153,0.05,False,-1.0,-5.0
2022-12-28,2022-23,PHX,WAS,220.5,229,OVER,1,0.405,0.6658,0.3315,0.05,True,0.9,4.5
2022-12-28,2022-23,BKN,ATL,230.0,215,UNDER,1,-1.023,0.1495,0.701,0,True,0.9,0.0
2022-12-29,2022-23,LAC,BOS,218.5,226,OVER,1,0.268,0.6121,0.2241,0.05,True,0.9,4.5
2022-12-29,2022-23,MEM,TOR,216.5,225,OVER,1,0.341,0.641,0.2821,0.05,True,0.9,4.5
2022-12-29,2022-23,HOU,DAL,226.5,243,OVER,1,0.384,0.6577,0.3153,0.05,True,0.9,4.5
2022-12-30,2022-23,PHI,NOP,229.5,243,OVER,1,0.327,0.6355,0.2709,0.05,True,0.9,4.5
2022-12-30,2022-23,MIA,DEN,224.5,243,OVER,1,0.365,0.6504,0.3007,0.05,True,0.9,4.5
2022-12-30,2022-23,POR,GSW,233.0,230,UNDER,1,-0.5,0.2994,0.4011,0,True,0.9,0.0
2022-12-31,2022-23,BKN,CHA,237.5,229,UNDER,1,-0.763,0.2147,0.5705,0,True,0.9,0.0
2023-01-02,2022-23,NOP,PHI,229.5,231,UNDER,1,-0.362,0.3507,0.2986,0,False,-1.0,0
2023-01-03,2022-23,BOS,OKC,229.0,267,OVER,1,0.408,0.6666,0.3333,0.05,True,0.9,4.5
2023-01-03,2022-23,WAS,MIL,232.5,236,OVER,1,0.677,0.7597,0.5194,0.05,True,0.9,4.5
2023-01-04,2022-23,MEM,CHA,236.5,238,UNDER,1,-0.763,0.2147,0.5705,0,False,-1.0,0
2023-01-04,2022-23,PHX,CLE,216.5,178,UNDER,1,-0.242,0.3985,0.2029,0,True,0.9,0.0
2023-01-05,2022-23,BOS,DAL,227.5,219,UNDER,1,-0.345,0.3575,0.2849,0,True,0.9,0.0
2023-01-05,2022-23,UTA,HOU,231.5,245,OVER,1,0.304,0.6262,0.2525,0.05,True,0.9,4.5
2023-01-06,2022-23,NYK,TOR,216.0,220,UNDER,1,-0.228,0.4042,0.1916,0,False,-1.0,0
2023-01-06,2022-23,CHA,MIL,230.0,247,OVER,1,0.416,0.67,0.3399,0.05,True,0.9,4.5
2023-01-06,2022-23,CLE,DEN,221.5,229,OVER,1,0.365,0.6504,0.3007,0.05,True,0.9,4.5
2023-01-08,2022-23,BKN,MIA,223.0,203,UNDER,1,-0.399,0.3367,0.3266,0,True,0.9,0.0
2023-01-08,2022-23,MIN,HOU,232.5,200,UNDER,1,-0.486,0.3044,0.3911,0,True,0.9,0.0
2023-01-08,2022-23,CLE,PHX,215.0,210,OVER,1,0.505,0.7023,0.4047,0.05,False,-1.0,-5.0
2023-01-09,2022-23,NOP,WAS,227.5,244,OVER,1,0.327,0.6355,0.2709,0.05,True,0.9,4.5
2023-01-09,2022-23,MIL,NYK,218.5,218,UNDER,1,-0.466,0.3119,0.3763,0,True,0.9,0.0
2023-01-09,2022-23,ORL,SAC,237.5,247,OVER,1,0.854,0.8104,0.6207,0.05,True,0.9,4.5
2023-01-10,2022-23,PHX,GSW,230.5,238,OVER,1,0.431,0.6755,0.351,0.05,True,0.9,4.5
2023-01-11,2022-23,IND,NYK,226.5,232,OVER,1,0.291,0.6212,0.2424,0.05,True,0.9,4.5
2023-01-11,2022-23,NOP,BOS,230.0,239,UNDER,2,-0.711,0.23,0.54,0,False,-1.0,0
2023-01-11,2022-23,PHX,DEN,227.0,223,OVER,2,0.027,0.5115,0.023,0,False,-1.0,0
2023-01-11,2022-23,HOU,SAC,236.5,250,OVER,1,0.854,0.8104,0.6207,0.05,True,0.9,4.5
2023-01-12,2022-23,MIL,MIA,211.5,210,UNDER,2,-0.18,0.4239,0.1521,0,True,0.9,0.0
2023-01-13,2022-23,DEN,LAC,222.0,218,OVER,1,0.321,0.6333,0.2667,0.05,False,-1.0,-5.0
2023-01-13,2022-23,HOU,SAC,239.5,253,OVER,1,0.854,0.8104,0.6207,0.05,True,0.9,4.5
2023-01-14,2022-23,MIL,MIA,212.5,206,UNDER,2,-0.18,0.4239,0.1521,0,True,0.9,0.0
2023-01-14,2022-23,DAL,POR,227.5,255,OVER,1,0.488,0.6961,0.3922,0.05,True,0.9,4.5
2023-01-15,2022-23,DAL,POR,223.5,263,OVER,1,0.446,0.681,0.362,0.05,True,0.9,4.5
2023-01-16,2022-23,MIA,ATL,223.0,234,UNDER,1,-0.399,0.3367,0.3266,0,False,-1.0,0
2023-01-16,2022-23,PHX,MEM,231.5,242,OVER,1,0.431,0.6755,0.351,0.05,True,0.9,4.5
2023-01-18,2022-23,ATL,DAL,232.0,252,OVER,1,0.486,0.6954,0.3909,0.05,True,0.9,4.5
2023-01-18,2022-23,WAS,NYK,225.5,221,OVER,1,0.291,0.6212,0.2424,0.05,False,-1.0,-5.0
2023-01-18,2022-23,CLE,MEM,227.0,229,UNDER,1,-0.522,0.2916,0.4168,0,False,-1.0,0
2023-01-18,2022-23,MIA,NOP,219.5,222,OVER,1,0.228,0.5957,0.1914,0.05,True,0.9,4.5
2023-01-19,2022-23,PHI,POR,234.0,200,UNDER,1,-0.5,0.2994,0.4011,0,True,0.9,0.0
2023-01-20,2022-23,NYK,ATL,229.5,263,OVER,1,0.621,0.7418,0.4836,0.05,True,0.9,4.5
2023-01-21,2022-23,BOS,TOR,225.5,210,UNDER,2,-0.538,0.2862,0.4276,0,True,0.9,0.0
2023-01-21,2022-23,MIL,CLE,217.5,216,UNDER,2,-0.494,0.3017,0.3967,0,True,0.9,0.0
2023-01-23,2022-23,MIN,HOU,232.0,233,OVER,1,0.304,0.6262,0.2525,0.05,True,0.9,4.5
2023-01-23,2022-23,CHA,UTA,236.5,222,UNDER,1,-0.763,0.2147,0.5705,0,True,0.9,0.0
2023-01-25,2022-23,BKN,PHI,225.5,270,OVER,1,0.751,0.7819,0.5638,0.05,True,0.9,4.5
2023-01-25,2022-23,WAS,HOU,233.5,211,UNDER,2,-1.528,0.0693,0.8614,0,True,0.9,0.0
2023-01-27,2022-23,MIL,IND,239.0,272,OVER,1,0.449,0.6822,0.3644,0.05,True,0.9,4.5
2023-01-27,2022-23,ORL,MIA,219.0,215,UNDER,1,-0.509,0.2963,0.4075,0,True,0.9,0.0
2023-01-28,2022-23,LAL,BOS,234.0,246,UNDER,1,-0.66,0.2456,0.5088,0,False,-1.0,0
2023-01-30,2022-23,LAL,BKN,231.0,225,UNDER,1,-1.023,0.1495,0.701,0,True,0.9,0.0
2023-01-31,2022-23,MIA,CLE,210.5,197,UNDER,1,-0.242,0.3985,0.2029,0,True,0.9,0.0
2023-01-31,2022-23,LAL,NYK,232.0,252,OVER,1,0.368,0.6515,0.303,0.05,True,0.9,4.5
2023-01-31,2022-23,NOP,DEN,232.5,235,UNDER,1,-0.353,0.3545,0.291,0,False,-1.0,0
2023-02-01,2022-23,OKC,HOU,230.5,218,OVER,1,0.304,0.6262,0.2525,0.05,False,-1.0,-5.0
2023-02-02,2022-23,MIA,NYK,212.5,210,OVER,1,0.228,0.5957,0.1914,0.05,False,-1.0,-5.0
2023-02-02,2022-23,CHA,CHI,237.0,212,UNDER,1,-0.763,0.2147,0.5705,0,True,0.9,0.0
2023-02-03,2022-23,PHX,BOS,220.5,200,OVER,1,0.425,0.6733,0.3465,0.05,False,-1.0,-5.0
2023-02-04,2022-23,LAL,NOP,232.5,257,OVER,1,0.368,0.6515,0.303,0.05,True,0.9,4.5
2023-02-04,2022-23,ATL,DEN,229.0,236,OVER,1,0.55,0.7182,0.4364,0.05,True,0.9,4.5
2023-02-05,2022-23,SAC,NOP,228.0,240,OVER,2,0.534,0.7125,0.425,0.05,True,0.9,4.5
2023-02-07,2022-23,ATL,NOP,237.0,223,UNDER,1,-0.563,0.2775,0.4449,0,True,0.9,0.0
2023-02-11,2022-23,DEN,CHA,237.0,224,UNDER,1,-0.763,0.2147,0.5705,0,True,0.9,0.0
2023-02-13,2022-23,HOU,PHI,226.5,227,OVER,1,0.384,0.6577,0.3153,0.05,True,0.9,4.5
2023-02-15,2022-23,HOU,OKC,234.5,229,OVER,1,0.304,0.6262,0.2525,0.05,False,-1.0,-5.0
2023-02-23,2022-23,NOP,TOR,227.5,225,UNDER,2,-0.548,0.2825,0.4349,0,True,0.9,0.0
2023-02-24,2022-23,CLE,ATL,228.5,255,OVER,2,1.091,0.8646,0.7292,0.05,True,0.9,4.5
2023-02-24,2022-23,HOU,GSW,230.5,217,OVER,1,0.304,0.6262,0.2525,0.05,False,-1.0,-5.0
2023-02-25,2022-23,BOS,PHI,225.5,217,UNDER,1,-0.449,0.3178,0.3644,0,True,0.9,0.0
2023-02-26,2022-23,HOU,POR,230.5,245,OVER,1,0.304,0.6262,0.2525,0.05,True,0.9,4.5
2023-02-28,2022-23,CHI,TOR,218.5,202,UNDER,1,-0.228,0.4042,0.1916,0,True,0.9,0.0
2023-03-01,2022-23,PHX,CHA,227.5,196,UNDER,1,-0.434,0.3235,0.3531,0,True,0.9,0.0
2023-03-01,2022-23,PHI,MIA,216.5,215,OVER,1,0.228,0.5957,0.1914,0.05,False,-1.0,-5.0
2023-03-02,2022-23,TOR,WAS,221.5,227,OVER,1,0.405,0.6658,0.3315,0.05,True,0.9,4.5
2023-03-03,2022-23,PHX,CHI,224.5,229,UNDER,2,-0.25,0.3953,0.2095,0,False,-1.0,0
2023-03-03,2022-23,LAC,SAC,239.5,255,OVER,1,0.854,0.8104,0.6207,0.05,True,0.9,4.5
2023-03-04,2022-23,TOR,WAS,222.5,225,OVER,1,0.405,0.6658,0.3315,0.05,True,0.9,4.5
2023-03-04,2022-23,DET,CLE,218.5,204,OVER,1,0.419,0.6708,0.3415,0.05,False,-1.0,-5.0
2023-03-04,2022-23,ATL,MIA,227.0,226,OVER,1,0.582,0.729,0.4581,0.05,False,-1.0,-5.0
2023-03-05,2022-23,CHA,BKN,230.0,188,UNDER,1,-1.023,0.1495,0.701,0,True,0.9,0.0
2023-03-05,2022-23,MIL,WAS,233.5,228,OVER,1,0.623,0.7427,0.4853,0.05,False,-1.0,-5.0
2023-03-05,2022-23,NYK,BOS,225.5,260,OVER,1,0.368,0.6515,0.303,0.05,True,0.9,4.5
2023-03-06,2022-23,PHI,IND,235.5,290,OVER,1,0.449,0.6822,0.3644,0.05,True,0.9,4.5
2023-03-07,2022-23,BKN,HOU,230.5,214,UNDER,2,-0.61,0.2617,0.4765,0,True,0.9,0.0
2023-03-09,2022-23,CHA,DET,223.5,216,UNDER,1,-0.661,0.2452,0.5096,0,True,0.9,0.0
2023-03-09,2022-23,BKN,MIL,233.5,231,OVER,1,0.416,0.67,0.3399,0.05,False,-1.0,-5.0
2023-03-10,2022-23,CLE,MIA,211.5,234,OVER,1,0.228,0.5957,0.1914,0.05,True,0.9,4.5
2023-03-10,2022-23,TOR,LAL,224.5,234,OVER,1,0.599,0.7346,0.4692,0.05,True,0.9,4.5
2023-03-12,2022-23,BKN,DEN,227.5,242,OVER,1,0.751,0.7819,0.5638,0.05,True,0.9,4.5
2023-03-12,2022-23,CLE,CHA,219.5,222,OVER,1,0.415,0.6695,0.3391,0.05,True,0.9,4.5
2023-03-13,2022-23,IND,DET,224.5,214,UNDER,1,-0.661,0.2452,0.5096,0,True,0.9,0.0
2023-03-14,2022-23,LAL,NOP,227.5,231,UNDER,1,-0.479,0.3069,0.3862,0,False,-1.0,0
2023-03-14,2022-23,NYK,POR,229.0,230,OVER,2,0.559,0.7213,0.4426,0.05,True,0.9,4.5
2023-03-15,2022-23,MEM,MIA,218.5,257,OVER,1,0.228,0.5957,0.1914,0.05,True,0.9,4.5
2023-03-15,2022-23,LAL,HOU,233.0,224,UNDER,3,-1.298,0.0992,0.8016,0,True,0.9,0.0
2023-03-19,2022-23,TOR,MIL,234.0,229,OVER,1,0.677,0.7597,0.5194,0.05,False,-1.0,-5.0
2023-03-25,2022-23,UTA,SAC,235.0,234,OVER,1,0.854,0.8104,0.6207,0.05,False,-1.0,-5.0
2023-03-26,2022-23,CHI,LAL,224.0,226,OVER,1,0.336,0.6392,0.2784,0.05,True,0.9,4.5
2023-03-26,2022-23,HOU,CLE,228.0,199,OVER,1,0.384,0.6577,0.3153,0.05,False,-1.0,-5.0
2023-03-26,2022-23,WAS,TOR,220.5,218,OVER,1,0.782,0.7907,0.5813,0.05,False,-1.0,-5.0
2023-03-27,2022-23,DAL,IND,238.0,231,OVER,1,0.449,0.6822,0.3644,0.05,False,-1.0,-5.0
2023-03-27,2022-23,HOU,NYK,228.5,252,OVER,1,0.384,0.6577,0.3153,0.05,True,0.9,4.5
2023-03-27,2022-23,PHI,DEN,227.5,227,OVER,1,0.55,0.7182,0.4364,0.05,False,-1.0,-5.0
2023-03-27,2022-23,CHI,LAC,220.0,236,OVER,1,0.336,0.6392,0.2784,0.05,True,0.9,4.5
2023-03-28,2022-23,BOS,WAS,222.5,241,OVER,1,0.782,0.7907,0.5813,0.05,True,0.9,4.5
2023-03-28,2022-23,MIA,TOR,219.5,198,UNDER,1,-0.228,0.4042,0.1916,0,True,0.9,0.0
2023-03-28,2022-23,CHA,OKC,227.0,271,OVER,1,0.408,0.6666,0.3333,0.05,True,0.9,4.5
2023-03-29,2022-23,MIA,NYK,225.0,193,OVER,1,0.291,0.6212,0.2424,0.05,False,-1.0,-5.0
2023-03-30,2022-23,NOP,DEN,225.5,195,OVER,1,0.327,0.6355,0.2709,0.05,False,-1.0,-5.0
2023-03-31,2022-23,LAL,MIN,232.0,234,OVER,1,0.368,0.6515,0.303,0.05,True,0.9,4.5
2023-04-01,2022-23,DAL,MIA,224.5,251,UNDER,1,-0.399,0.3367,0.3266,0,False,-1.0,0
2023-04-02,2022-23,UTA,BKN,230.5,221,UNDER,1,-1.023,0.1495,0.701,0,True,0.9,0.0
2023-04-02,2022-23,WAS,NYK,221.5,227,OVER,1,0.782,0.7907,0.5813,0.05,True,0.9,4.5
2023-04-04,2022-23,MIL,WAS,230.0,268,OVER,1,0.416,0.67,0.3399,0.05,True,0.9,4.5
2023-04-04,2022-23,BOS,PHI,225.5,204,UNDER,1,-0.345,0.3575,0.2849,0,True,0.9,0.0
2023-04-04,2022-23,ATL,CHI,227.5,228,OVER,1,0.436,0.6771,0.3541,0.05,True,0.9,4.5
2023-04-05,2022-23,NYK,IND,229.5,267,OVER,1,0.291,0.6212,0.2424,0.05,True,0.9,4.5
2023-04-05,2022-23,LAL,LAC,232.0,243,OVER,1,0.368,0.6515,0.303,0.05,True,0.9,4.5
2023-04-07,2022-23,MIA,WAS,218.0,222,OVER,1,0.228,0.5957,0.1914,0.05,True,0.9,4.5
2023-04-07,2022-23,MEM,MIL,231.0,251,OVER,1,0.677,0.7597,0.5194,0.05,True,0.9,4.5
2023-04-07,2022-23,PHX,LAL,225.0,228,UNDER,1,-0.434,0.3235,0.3531,0,False,-1.0,0
2023-04-08,2022-23,DEN,UTA,229.0,232,OVER,1,0.503,0.7016,0.4032,0.05,True,0.9,4.5
2023-04-09,2022-23,ATL,BOS,223.5,234,OVER,1,0.499,0.7003,0.4006,0.05,True,0.9,4.5
2023-04-09,2022-23,ORL,MIA,217.5,233,OVER,1,0.228,0.5957,0.1914,0.05,True,0.9,4.5
2023-04-09,2022-23,SAS,DAL,232.5,255,OVER,1,0.486,0.6954,0.3909,0.05,True,0.9,4.5
2023-04-09,2022-23,NOP,MIN,226.0,221,UNDER,1,-0.362,0.3507,0.2986,0,True,0.9,0.0
2023-04-11,2022-23,ATL,MIA,227.5,221,UNDER,1,-0.603,0.2641,0.4719,0,True,0.9,0.0
2023-04-12,2022-23,CHI,TOR,212.5,214,UNDER,1,-0.228,0.4042,0.1916,0,False,-1.0,0
2023-04-14,2022-23,CHI,MIA,209.5,193,OVER,1,0.218,0.5917,0.1834,0.05,False,-1.0,-5.0
2023-04-15,2022-23,NYK,CLE,216.0,198,UNDER,1,-0.242,0.3985,0.2029,0,True,0.9,0.0
2023-04-16,2022-23,LAC,PHX,225.5,225,UNDER,1,-0.39,0.3399,0.3202,0,True,0.9,0.0
2023-04-18,2022-23,NYK,CLE,214.0,197,UNDER,1,-0.242,0.3985,0.2029,0,True,0.9,0.0
2023-04-18,2022-23,LAC,PHX,227.5,232,UNDER,1,-0.39,0.3399,0.3202,0,False,-1.0,0
2023-04-21,2022-23,BOS,ATL,229.0,252,UNDER,1,-0.345,0.3575,0.2849,0,False,-1.0,0
2023-04-21,2022-23,CLE,NYK,211.5,178,UNDER,1,-0.466,0.3119,0.3763,0,True,0.9,0.0
2023-04-21,2022-23,DEN,MIN,222.5,231,OVER,1,0.545,0.7163,0.4327,0.05,True,0.9,4.5
2023-04-22,2022-23,MEM,LAL,222.0,212,OVER,1,0.555,0.7197,0.4394,0.05,False,-1.0,-5.0
2023-04-23,2022-23,DEN,MIN,222.5,222,OVER,2,0.485,0.6951,0.3902,0.05,False,-1.0,-5.0
2023-04-24,2022-23,MEM,LAL,224.5,228,OVER,1,0.555,0.7197,0.4394,0.05,True,0.9,4.5
2023-04-26,2022-23,LAL,MEM,222.5,215,OVER,1,0.599,0.7346,0.4692,0.05,False,-1.0,-5.0
2023-04-30,2022-23,MIA,NYK,209.5,209,OVER,1,0.431,0.6755,0.3509,0.05,False,-1.0,-5.0
2023-04-30,2022-23,GSW,SAC,229.5,220,OVER,1,0.429,0.6748,0.3496,0.05,False,-1.0,-5.0
2023-05-01,2022-23,PHI,BOS,215.0,234,OVER,1,0.311,0.6294,0.2587,0.05,True,0.9,4.5
2023-05-03,2022-23,PHI,BOS,213.5,208,OVER,1,0.311,0.6294,0.2587,0.05,False,-1.0,-5.0
2023-05-05,2022-23,DEN,PHX,224.5,235,OVER,1,0.321,0.6333,0.2667,0.05,True,0.9,4.5
2023-05-06,2022-23,NYK,MIA,207.5,191,OVER,1,0.218,0.5917,0.1834,0.05,False,-1.0,-5.0
2023-05-06,2022-23,GSW,LAL,229.5,224,UNDER,1,-0.366,0.3492,0.3016,0,True,0.9,0.0
2023-05-08,2022-23,NYK,MIA,209.5,210,OVER,1,0.218,0.5917,0.1834,0.05,True,0.9,4.5
2023-05-19,2022-23,MIA,BOS,211.5,216,OVER,1,0.311,0.6294,0.2587,0.05,True,0.9,4.5
2023-05-20,2022-23,DEN,LAL,222.5,227,OVER,1,0.321,0.6333,0.2667,0.05,True,0.9,4.5
2023-05-22,2022-23,DEN,LAL,223.5,224,OVER,1,0.321,0.6333,0.2667,0.05,True,0.9,4.5
2023-05-25,2022-23,MIA,BOS,208.5,207,OVER,1,0.328,0.6358,0.2715,0.05,False,-1.0,-5.0
2023-06-01,2022-23,MIA,DEN,218.5,197,UNDER,1,-0.39,0.34,0.3201,0,True,0.9,0.0
2023-06-04,2022-23,MIA,DEN,216.0,219,UNDER,1,-0.39,0.34,0.3201,0,False,-1.0,0
2023-10-25,2023-24,HOU,ORL,219.5,202,OVER,1,0.204,0.586,0.1719,0.05,False,-1.0,-5.0
2023-10-25,2023-24,DET,MIA,218.5,205,UNDER,1,-0.509,0.2963,0.4075,0,True,0.9,0.0
2023-10-27,2023-24,NYK,ATL,229.0,246,OVER,2,1.091,0.8646,0.7292,0.05,True,0.9,4.5
2023-10-27,2023-24,OKC,CLE,225.5,213,UNDER,1,-1.018,0.1505,0.699,0,True,0.9,0.0
2023-10-27,2023-24,HOU,SAS,224.5,248,OVER,1,0.891,0.8198,0.6396,0.05,True,0.9,4.5
2023-10-28,2023-24,MIA,MIN,214.5,196,UNDER,1,-0.39,0.34,0.3201,0,True,0.9,0.0
2023-10-28,2023-24,UTA,PHX,223.0,230,OVER,1,0.414,0.6689,0.3377,0.05,True,0.9,4.5
2023-10-29,2023-24,ATL,MIL,239.5,237,UNDER,1,-0.555,0.2802,0.4396,0,True,0.9,0.0
2023-10-30,2023-24,MIN,ATL,228.0,240,OVER,2,1.091,0.8646,0.7292,0.05,True,0.9,4.5
2023-11-01,2023-24,NOP,OKC,227.5,216,UNDER,1,-0.362,0.3507,0.2986,0,True,0.9,0.0
2023-11-01,2023-24,CHI,DAL,220.5,219,OVER,1,0.336,0.6392,0.2784,0.05,False,-1.0,-5.0
2023-11-01,2023-24,LAC,LAL,227.5,255,UNDER,1,-0.366,0.3492,0.3016,0,False,-1.0,0
2023-11-03,2023-24,MEM,POR,220.0,228,OVER,1,0.555,0.7197,0.4394,0.05,True,0.9,4.5
2023-11-04,2023-24,ATL,NOP,237.5,228,UNDER,1,-0.563,0.2775,0.4449,0,True,0.9,0.0
2023-11-06,2023-24,SAS,IND,239.0,263,OVER,1,0.449,0.6822,0.3644,0.05,True,0.9,4.5
2023-11-06,2023-24,MIL,BKN,232.5,254,OVER,1,0.623,0.7427,0.4853,0.05,True,0.9,4.5
2023-11-08,2023-24,BOS,PHI,229.5,209,UNDER,1,-0.449,0.3178,0.3644,0,True,0.9,0.0
2023-11-08,2023-24,MIA,MEM,217.0,210,UNDER,1,-0.679,0.2396,0.5208,0,True,0.9,0.0
2023-11-12,2023-24,WAS,BKN,233.5,196,UNDER,1,-1.023,0.1495,0.701,0,True,0.9,0.0
2023-11-12,2023-24,DEN,HOU,215.5,211,OVER,1,0.204,0.586,0.1719,0.05,False,-1.0,-5.0
2023-11-12,2023-24,POR,LAL,220.5,226,UNDER,1,-0.383,0.3428,0.3144,0,False,-1.0,0
2023-11-13,2023-24,CHI,MIL,230.5,227,OVER,1,0.677,0.7597,0.5194,0.05,False,-1.0,-5.0
2023-11-13,2023-24,CLE,SAC,229.0,252,OVER,1,0.429,0.6748,0.3496,0.05,True,0.9,4.5
2023-11-14,2023-24,ATL,DET,225.0,246,OVER,1,0.621,0.7418,0.4836,0.05,True,0.9,4.5
2023-11-14,2023-24,ORL,BKN,218.0,228,UNDER,1,-0.382,0.3432,0.3136,0,False,-1.0,0
2023-11-15,2023-24,BOS,PHI,228.5,224,UNDER,1,-0.449,0.3178,0.3644,0,True,0.9,0.0
2023-11-15,2023-24,NYK,ATL,229.0,230,OVER,1,0.943,0.8324,0.6648,0.05,True,0.9,4.5
2023-11-15,2023-24,ORL,CHI,215.5,190,UNDER,1,-0.382,0.3432,0.3136,0,True,0.9,0.0
2023-11-16,2023-24,BKN,MIA,214.5,237,OVER,1,0.228,0.5957,0.1914,0.05,True,0.9,4.5
2023-11-17,2023-24,BOS,TOR,223.5,213,UNDER,1,-0.466,0.3117,0.3766,0,True,0.9,0.0
2023-11-17,2023-24,DEN,NOP,226.5,225,UNDER,1,-0.362,0.3507,0.2986,0,True,0.9,0.0
2023-11-19,2023-24,DEN,CLE,215.5,230,UNDER,1,-0.242,0.3985,0.2029,0,False,-1.0,0
2023-11-19,2023-24,OKC,POR,223.5,225,OVER,1,0.446,0.681,0.362,0.05,True,0.9,4.5
2023-11-19,2023-24,HOU,LAL,221.5,209,UNDER,1,-0.383,0.3428,0.3144,0,True,0.9,0.0
2023-11-20,2023-24,MIA,CHI,209.5,218,UNDER,1,-0.341,0.3591,0.2817,0,False,-1.0,0
2023-11-20,2023-24,SAC,NOP,237.0,222,UNDER,1,-0.563,0.2775,0.4449,0,True,0.9,0.0
2023-11-22,2023-24,SAC,NOP,235.0,229,UNDER,1,-0.563,0.2775,0.4449,0,True,0.9,0.0
2023-11-22,2023-24,UTA,POR,228.0,226,OVER,1,0.488,0.6961,0.3922,0.05,False,-1.0,-5.0
2023-11-24,2023-24,PHX,MEM,220.5,199,UNDER,1,-0.679,0.2397,0.5206,0,True,0.9,0.0
2023-11-24,2023-24,CHI,TOR,218.0,229,UNDER,1,-0.228,0.4042,0.1916,0,False,-1.0,0
2023-11-24,2023-24,MIA,NYK,209.5,198,OVER,1,0.431,0.6755,0.3509,0.05,False,-1.0,-5.0
2023-11-24,2023-24,DEN,HOU,216.5,191,OVER,1,0.204,0.586,0.1719,0.05,False,-1.0,-5.0
2023-11-24,2023-24,NOP,LAC,228.0,222,UNDER,1,-0.362,0.3507,0.2986,0,True,0.9,0.0
2023-11-25,2023-24,MIA,BKN,217.0,209,UNDER,1,-0.39,0.34,0.3201,0,True,0.9,0.0
2023-11-26,2023-24,POR,MIL,231.5,210,OVER,1,0.416,0.67,0.3399,0.05,False,-1.0,-5.0
2023-11-26,2023-24,ATL,BOS,236.0,216,UNDER,1,-0.555,0.2802,0.4396,0,True,0.9,0.0
2023-11-26,2023-24,MIN,MEM,217.5,216,OVER,2,0.368,0.6514,0.3028,0.05,False,-1.0,-5.0
2023-11-26,2023-24,CHI,BKN,221.5,227,OVER,1,0.336,0.6392,0.2784,0.05,True,0.9,4.5
2023-11-26,2023-24,SAS,DEN,229.5,252,OVER,1,0.55,0.7182,0.4364,0.05,True,0.9,4.5
2023-11-27,2023-24,NOP,UTA,232.0,226,UNDER,1,-0.353,0.3545,0.291,0,True,0.9,0.0
2023-11-27,2023-24,DEN,LAC,217.5,217,UNDER,1,-0.677,0.2402,0.5196,0,True,0.9,0.0
2023-11-28,2023-24,CHI,BOS,219.0,221,OVER,2,0.479,0.6931,0.3862,0.05,True,0.9,4.5
2023-11-28,2023-24,MIL,MIA,230.5,255,OVER,1,0.623,0.7427,0.4853,0.05,True,0.9,4.5
2023-11-29,2023-24,HOU,DEN,227.5,258,OVER,2,0.668,0.757,0.514,0.05,True,0.9,4.5
2023-12-01,2023-24,PHI,BOS,217.5,244,OVER,1,0.311,0.6294,0.2587,0.05,True,0.9,4.5
2023-12-02,2023-24,NOP,CHI,219.0,242,OVER,2,0.525,0.7093,0.4186,0.05,True,0.9,4.5
2023-12-02,2023-24,OKC,DAL,234.5,246,OVER,1,0.486,0.6954,0.3909,0.05,True,0.9,4.5
2023-12-02,2023-24,HOU,LAL,226.5,204,UNDER,1,-0.366,0.3492,0.3016,0,True,0.9,0.0
2023-12-06,2023-24,MIA,TOR,219.5,215,UNDER,1,-0.228,0.4042,0.1916,0,True,0.9,0.0
2023-12-07,2023-24,NOP,LAL,229.5,222,OVER,1,0.327,0.6355,0.2709,0.05,False,-1.0,-5.0
2023-12-08,2023-24,ATL,PHI,235.0,239,UNDER,1,-0.555,0.2802,0.4396,0,False,-1.0,0
2023-12-08,2023-24,CLE,MIA,223.0,210,UNDER,1,-0.399,0.3367,0.3266,0,True,0.9,0.0
2023-12-08,2023-24,LAC,UTA,225.0,220,UNDER,1,-0.39,0.3399,0.3202,0,True,0.9,0.0
2023-12-11,2023-24,CHI,MIL,233.0,262,OVER,1,0.416,0.67,0.3399,0.05,True,0.9,4.5
2023-12-13,2023-24,MEM,HOU,210.5,221,OVER,1,0.341,0.641,0.2821,0.05,True,0.9,4.5
2023-12-14,2023-24,CLE,BOS,227.0,223,UNDER,2,-0.316,0.3686,0.2627,0,True,0.9,0.0
2023-12-14,2023-24,CHI,MIA,213.0,240,OVER,1,0.228,0.5957,0.1914,0.05,True,0.9,4.5
2023-12-14,2023-24,UTA,POR,226.5,236,OVER,1,0.488,0.6961,0.3922,0.05,True,0.9,4.5
2023-12-15,2023-24,NOP,CHA,234.0,219,UNDER,1,-0.353,0.3545,0.291,0,True,0.9,0.0
2023-12-15,2023-24,HOU,MEM,212.5,199,UNDER,1,-0.679,0.2396,0.5208,0,True,0.9,0.0
2023-12-16,2023-24,CHI,MIA,219.5,234,OVER,1,0.228,0.5957,0.1914,0.05,True,0.9,4.5
2023-12-16,2023-24,UTA,SAC,235.0,229,OVER,1,0.854,0.8104,0.6207,0.05,False,-1.0,-5.0
2023-12-17,2023-24,ORL,BOS,226.0,211,OVER,1,0.368,0.6515,0.303,0.05,False,-1.0,-5.0
2023-12-17,2023-24,HOU,MIL,231.5,247,OVER,2,0.733,0.7767,0.5534,0.05,True,0.9,4.5
2023-12-18,2023-24,HOU,CLE,215.5,265,OVER,2,0.001,0.5004,0.0009,0,True,0.9,0.0
2023-12-18,2023-24,MIN,MIA,215.5,220,OVER,1,0.472,0.6904,0.3808,0.05,True,0.9,4.5
2023-12-18,2023-24,MEM,OKC,228.5,213,OVER,1,0.408,0.6666,0.3333,0.05,False,-1.0,-5.0
2023-12-20,2023-24,DEN,TOR,229.0,217,UNDER,1,-0.412,0.3315,0.3369,0,True,0.9,0.0
2023-12-20,2023-24,ATL,HOU,233.0,261,UNDER,1,-0.525,0.2907,0.4186,0,False,-1.0,0
2023-12-23,2023-24,DET,BKN,231.0,241,UNDER,1,-1.023,0.1495,0.701,0,False,-1.0,0
2023-12-26,2023-24,BKN,DET,228.5,230,OVER,1,0.751,0.7819,0.5638,0.05,True,0.9,4.5
2024-01-03,2023-24,MIA,LAL,229.0,206,UNDER,1,-0.366,0.3492,0.3016,0,True,0.9,0.0
2024-01-05,2023-24,MIN,HOU,215.5,217,OVER,1,0.204,0.586,0.1719,0.05,True,0.9,4.5
2024-01-05,2023-24,MEM,LAL,224.5,240,OVER,1,0.555,0.7197,0.4394,0.05,True,0.9,4.5
2024-01-08,2023-24,HOU,MIA,218.5,233,OVER,2,0.304,0.6265,0.2531,0.05,True,0.9,4.5
2024-01-10,2023-24,MIN,BOS,227.5,247,OVER,1,0.821,0.8015,0.603,0.05,True,0.9,4.5
2024-01-10,2023-24,HOU,CHI,216.5,243,OVER,1,0.204,0.586,0.1719,0.05,True,0.9,4.5
2024-01-11,2023-24,NYK,DAL,234.5,252,OVER,1,0.486,0.6954,0.3909,0.05,True,0.9,4.5
2024-01-12,2023-24,ORL,MIA,219.5,195,UNDER,1,-0.382,0.3432,0.3136,0,True,0.9,0.0
2024-01-13,2023-24,HOU,BOS,226.5,258,OVER,1,0.384,0.6577,0.3153,0.05,True,0.9,4.5
2024-01-14,2023-24,PHX,POR,234.0,243,OVER,1,0.431,0.6755,0.351,0.05,True,0.9,4.5
2024-01-15,2023-24,HOU,PHI,231.5,239,OVER,1,0.304,0.6262,0.2525,0.05,True,0.9,4.5
2024-01-15,2023-24,CHI,CLE,222.5,200,OVER,1,0.336,0.6392,0.2784,0.05,False,-1.0,-5.0
2024-01-17,2023-24,ORL,ATL,228.5,210,OVER,1,0.621,0.7418,0.4836,0.05,False,-1.0,-5.0
2024-01-17,2023-24,MIA,TOR,226.0,218,UNDER,1,-0.412,0.3315,0.3369,0,True,0.9,0.0
2024-01-18,2023-24,MEM,MIN,216.5,221,OVER,1,0.341,0.641,0.2821,0.05,True,0.9,4.5
2024-01-19,2023-24,DEN,BOS,234.0,202,UNDER,1,-0.66,0.2456,0.5088,0,True,0.9,0.0
2024-01-19,2023-24,PHX,NOP,235.5,232,UNDER,1,-0.563,0.2775,0.4449,0,True,0.9,0.0
2024-01-19,2023-24,ATL,MIA,222.0,217,UNDER,1,-0.348,0.3563,0.2875,0,True,0.9,0.0
2024-01-19,2023-24,BKN,LAL,226.5,242,OVER,1,0.751,0.7819,0.5638,0.05,True,0.9,4.5
2024-01-22,2023-24,ATL,SAC,237.5,229,OVER,2,0.308,0.6278,0.2556,0.05,False,-1.0,-5.0
2024-01-24,2023-24,MEM,MIA,215.0,201,OVER,1,0.341,0.641,0.2821,0.05,False,-1.0,-5.0
2024-01-24,2023-24,POR,HOU,220.0,268,OVER,1,0.397,0.6627,0.3254,0.05,True,0.9,4.5
2024-01-24,2023-24,ATL,GSW,235.0,246,UNDER,1,-0.555,0.2802,0.4396,0,False,-1.0,0
2024-01-25,2023-24,DEN,NYK,222.5,206,OVER,1,0.545,0.7163,0.4327,0.05,False,-1.0,-5.0
2024-01-25,2023-24,BOS,MIA,224.5,253,UNDER,1,-0.466,0.3117,0.3766,0,False,-1.0,0
2024-01-26,2023-24,OKC,NOP,238.0,190,UNDER,1,-0.563,0.2775,0.4449,0,True,0.9,0.0
2024-01-26,2023-24,ORL,MEM,212.0,213,OVER,1,0.291,0.6212,0.2425,0.05,True,0.9,4.5
2024-01-27,2023-24,LAC,BOS,232.0,211,UNDER,1,-0.66,0.2456,0.5088,0,True,0.9,0.0
2024-01-29,2023-24,NOP,BOS,234.5,230,UNDER,2,-0.711,0.23,0.54,0,True,0.9,0.0
2024-01-29,2023-24,SAC,MEM,223.5,197,UNDER,1,-0.689,0.2367,0.5266,0,True,0.9,0.0
2024-01-31,2023-24,NOP,HOU,230.5,209,UNDER,1,-0.525,0.2907,0.4186,0,True,0.9,0.0
2024-02-01,2023-24,CLE,MEM,216.5,209,OVER,1,0.291,0.6212,0.2425,0.05,False,-1.0,-5.0
2024-02-02,2023-24,TOR,HOU,232.0,241,UNDER,1,-0.486,0.3044,0.3911,0,False,-1.0,0
2024-02-03,2023-24,LAL,NYK,228.5,218,UNDER,1,-0.479,0.3069,0.3862,0,True,0.9,0.0
2024-02-04,2023-24,MEM,BOS,219.5,222,OVER,2,0.462,0.6867,0.3735,0.05,True,0.9,4.5
2024-02-06,2023-24,MEM,NYK,212.5,236,OVER,1,0.341,0.641,0.2821,0.05,True,0.9,4.5
2024-02-06,2023-24,ORL,MIA,214.0,216,OVER,1,0.228,0.5957,0.1914,0.05,True,0.9,4.5
2024-02-08,2023-24,DET,POR,225.5,250,OVER,1,0.488,0.6961,0.3922,0.05,True,0.9,4.5
2024-02-09,2023-24,HOU,TOR,234.5,211,UNDER,1,-1.444,0.079,0.8419,0,True,0.9,0.0
2024-02-10,2023-24,SAS,BKN,232.0,226,UNDER,1,-1.023,0.1495,0.701,0,True,0.9,0.0
2024-02-12,2023-24,IND,CHA,239.5,213,UNDER,1,-0.763,0.2147,0.5705,0,True,0.9,0.0
2024-02-13,2023-24,MIN,POR,213.5,230,OVER,1,0.23,0.5964,0.1928,0.05,True,0.9,4.5
2024-02-14,2023-24,MIA,PHI,226.5,213,UNDER,1,-0.449,0.3178,0.3644,0,True,0.9,0.0
2024-02-29,2023-24,ATL,BKN,220.5,221,OVER,1,0.69,0.7635,0.5271,0.05,True,0.9,4.5
2024-02-29,2023-24,MIA,DEN,214.5,200,UNDER,1,-0.39,0.34,0.3201,0,True,0.9,0.0
2024-03-01,2023-24,CLE,DET,218.5,210,UNDER,1,-0.308,0.372,0.2561,0,True,0.9,0.0
2024-03-01,2023-24,MIL,CHI,222.0,210,OVER,1,0.336,0.6392,0.2784,0.05,False,-1.0,-5.0
2024-03-02,2023-24,HOU,PHX,230.5,227,OVER,1,0.304,0.6262,0.2525,0.05,False,-1.0,-5.0
2024-03-03,2023-24,GSW,BOS,231.0,228,UNDER,1,-0.66,0.2456,0.5088,0,True,0.9,0.0
2024-03-03,2023-24,LAC,MIN,219.5,177,UNDER,1,-0.285,0.3811,0.2378,0,True,0.9,0.0
2024-03-04,2023-24,MEM,BKN,206.0,208,UNDER,1,-0.269,0.3875,0.2249,0,False,-1.0,0
2024-03-05,2023-24,NOP,TOR,230.5,237,UNDER,1,-0.353,0.3545,0.291,0,False,-1.0,0
2024-03-06,2023-24,MIL,GSW,230.0,215,UNDER,1,-1.135,0.1268,0.7463,0,True,0.9,0.0
2024-03-07,2023-24,MIA,DAL,232.5,222,OVER,1,0.486,0.6954,0.3909,0.05,False,-1.0,-5.0
2024-03-08,2023-24,CHA,WAS,223.5,212,OVER,1,0.405,0.6658,0.3315,0.05,False,-1.0,-5.0
2024-03-08,2023-24,ORL,NYK,207.5,172,UNDER,2,-0.067,0.4715,0.057,0,True,0.9,0.0
2024-03-08,2023-24,MIL,LAL,229.5,245,UNDER,1,-0.366,0.3492,0.3016,0,False,-1.0,0
2024-03-08,2023-24,HOU,POR,222.5,230,OVER,1,0.446,0.681,0.362,0.05,True,0.9,4.5
2024-03-09,2023-24,BOS,PHX,226.5,224,UNDER,1,-0.345,0.3575,0.2849,0,True,0.9,0.0
2024-03-09,2023-24,UTA,DEN,227.0,263,OVER,1,0.55,0.7182,0.4364,0.05,True,0.9,4.5
2024-03-10,2023-24,HOU,SAC,234.0,216,OVER,1,0.304,0.6262,0.2525,0.05,False,-1.0,-5.0
2024-03-10,2023-24,MEM,OKC,219.5,217,OVER,1,0.341,0.641,0.2821,0.05,False,-1.0,-5.0
2024-03-10,2023-24,MIN,LAL,226.0,229,UNDER,1,-0.366,0.3492,0.3016,0,False,-1.0,0
2024-03-13,2023-24,BKN,ORL,202.5,220,UNDER,1,-0.607,0.2626,0.4748,0,False,-1.0,0
2024-03-14,2023-24,LAC,CHI,214.5,237,OVER,1,0.268,0.6121,0.2241,0.05,True,0.9,4.5
2024-03-15,2023-24,MIA,DET,216.5,203,UNDER,1,-0.308,0.372,0.2561,0,True,0.9,0.0
2024-03-15,2023-24,LAC,NOP,218.5,216,OVER,1,0.268,0.6121,0.2241,0.05,False,-1.0,-5.0
2024-03-15,2023-24,ATL,UTA,223.5,246,OVER,1,0.69,0.7635,0.5271,0.05,True,0.9,4.5
2024-03-16,2023-24,CLE,HOU,216.0,220,OVER,1,0.204,0.586,0.1719,0.05,True,0.9,4.5
2024-03-16,2023-24,BKN,IND,229.5,221,OVER,1,0.751,0.7819,0.5638,0.05,False,-1.0,-5.0
2024-03-16,2023-24,CHA,PHI,209.0,207,UNDER,1,-0.301,0.3747,0.2506,0,True,0.9,0.0
2024-03-16,2023-24,OKC,MEM,216.5,230,OVER,1,0.291,0.6212,0.2425,0.05,True,0.9,4.5
2024-03-17,2023-24,MIA,DET,214.0,205,OVER,1,0.228,0.5957,0.1914,0.05,False,-1.0,-5.0
2024-03-17,2023-24,BOS,WAS,224.5,234,OVER,1,0.782,0.7907,0.5813,0.05,True,0.9,4.5
2024-03-17,2023-24,BKN,SAS,219.5,237,OVER,1,0.382,0.6567,0.3134,0.05,True,0.9,4.5
2024-03-17,2023-24,ATL,LAC,221.0,203,UNDER,1,-0.348,0.3563,0.2875,0,True,0.9,0.0
2024-03-18,2023-24,CLE,IND,225.5,211,UNDER,1,-0.522,0.2916,0.4168,0,True,0.9,0.0
2024-03-18,2023-24,POR,CHI,213.5,217,OVER,1,0.275,0.6146,0.2293,0.05,True,0.9,4.5
2024-03-18,2023-24,NYK,GSW,213.5,231,OVER,1,0.714,0.7709,0.5417,0.05,True,0.9,4.5
2024-03-18,2023-24,ATL,LAL,226.5,241,OVER,1,0.436,0.6771,0.3541,0.05,True,0.9,4.5
2024-03-19,2023-24,HOU,WAS,227.0,251,OVER,1,0.384,0.6577,0.3153,0.05,True,0.9,4.5
2024-03-21,2023-24,ATL,PHX,227.0,243,OVER,1,0.436,0.6771,0.3541,0.05,True,0.9,4.5
2024-03-22,2023-24,NOP,MIA,207.5,199,OVER,1,0.218,0.5917,0.1834,0.05,False,-1.0,-5.0
2024-03-22,2023-24,MEM,SAS,216.5,196,UNDER,1,-0.496,0.3009,0.3981,0,True,0.9,0.0
2024-03-23,2023-24,PHX,SAS,231.5,237,OVER,1,0.431,0.6755,0.351,0.05,True,0.9,4.5
2024-03-24,2023-24,CLE,MIA,202.5,205,OVER,1,0.218,0.5917,0.1834,0.05,True,0.9,4.5
2024-03-25,2023-24,CHA,CLE,206.0,207,UNDER,1,-0.301,0.3747,0.2506,0,False,-1.0,0
2024-03-25,2023-24,PHX,SAS,234.5,206,OVER,1,0.431,0.6755,0.351,0.05,False,-1.0,-5.0
2024-03-25,2023-24,MEM,DEN,214.5,231,OVER,1,0.341,0.641,0.2821,0.05,True,0.9,4.5
2024-03-26,2023-24,LAL,MIL,234.5,252,OVER,1,0.677,0.7597,0.5194,0.05,True,0.9,4.5
2024-03-27,2023-24,LAC,PHI,214.5,215,OVER,1,0.268,0.6121,0.2241,0.05,True,0.9,4.5
2024-03-30,2023-24,BOS,NOP,223.5,196,UNDER,1,-0.466,0.3117,0.3766,0,True,0.9,0.0
2024-03-31,2023-24,CLE,DEN,217.5,231,OVER,1,0.241,0.601,0.2021,0.05,True,0.9,4.5
2024-04-01,2023-24,BOS,CHA,219.5,222,OVER,1,0.311,0.6294,0.2587,0.05,True,0.9,4.5
2024-04-01,2023-24,ATL,CHI,221.0,214,OVER,1,0.69,0.7635,0.5271,0.05,False,-1.0,-5.0
2024-04-02,2023-24,NYK,MIA,205.5,208,UNDER,1,-0.341,0.3591,0.2817,0,False,-1.0,0
2024-04-03,2023-24,MEM,MIL,218.0,212,OVER,1,0.341,0.641,0.2821,0.05,False,-1.0,-5.0
2024-04-03,2023-24,CLE,PHX,226.0,223,UNDER,1,-0.522,0.2916,0.4168,0,True,0.9,0.0
2024-04-05,2023-24,SAC,BOS,226.0,201,OVER,1,0.368,0.6515,0.303,0.05,False,-1.0,-5.0
2024-04-05,2023-24,DET,MEM,213.5,198,UNDER,2,-0.71,0.2301,0.5398,0,True,0.9,0.0
2024-04-05,2023-24,MIA,HOU,217.5,223,OVER,2,0.304,0.6265,0.2531,0.05,True,0.9,4.5
2024-04-05,2023-24,TOR,MIL,233.0,228,OVER,1,0.416,0.67,0.3399,0.05,False,-1.0,-5.0
2024-04-05,2023-24,GSW,DAL,224.0,214,UNDER,1,-0.481,0.3064,0.3872,0,True,0.9,0.0
2024-04-06,2023-24,ATL,DEN,225.0,252,OVER,1,0.55,0.7182,0.4364,0.05,True,0.9,4.5
2024-04-07,2023-24,POR,BOS,216.0,231,OVER,1,0.311,0.6294,0.2587,0.05,True,0.9,4.5
2024-04-07,2023-24,CHI,ORL,212.0,211,UNDER,1,-0.359,0.3521,0.2957,0,True,0.9,0.0
2024-04-07,2023-24,MIN,LAL,218.0,244,OVER,2,0.547,0.7169,0.4339,0.05,True,0.9,4.5
2024-04-09,2023-24,MIA,ATL,217.0,228,OVER,1,0.228,0.5957,0.1914,0.05,True,0.9,4.5
2024-04-09,2023-24,ORL,HOU,216.5,224,UNDER,1,-0.382,0.3432,0.3136,0,False,-1.0,0
2024-04-09,2023-24,WAS,MIN,223.0,251,OVER,1,0.782,0.7907,0.5813,0.05,True,0.9,4.5
2024-04-09,2023-24,LAC,PHX,226.5,197,UNDER,1,-0.39,0.3399,0.3202,0,True,0.9,0.0
2024-04-10,2023-24,MEM,CLE,213.5,208,OVER,2,0.52,0.7076,0.4152,0.05,False,-1.0,-5.0
2024-04-10,2023-24,ORL,MIL,212.0,216,UNDER,1,-0.382,0.3432,0.3136,0,False,-1.0,0
2024-04-10,2023-24,MIN,DEN,215.5,223,OVER,1,0.23,0.5964,0.1928,0.05,True,0.9,4.5
2024-04-11,2023-24,NYK,BOS,221.5,227,OVER,1,0.499,0.7003,0.4006,0.05,True,0.9,4.5
2024-04-11,2023-24,HOU,UTA,227.0,245,OVER,2,0.626,0.7435,0.487,0.05,True,0.9,4.5
2024-04-11,2023-24,NOP,SAC,218.0,258,OVER,1,0.447,0.6814,0.3628,0.05,True,0.9,4.5
2024-04-12,2023-24,CHI,WAS,224.5,256,OVER,1,0.405,0.6658,0.3315,0.05,True,0.9,4.5
2024-04-12,2023-24,PHX,SAC,227.0,215,OVER,1,0.319,0.6324,0.2648,0.05,False,-1.0,-5.0
2024-04-14,2023-24,CHA,CLE,208.5,230,UNDER,1,-0.301,0.3747,0.2506,0,False,-1.0,0
2024-04-14,2023-24,CHI,NYK,218.0,239,OVER,1,0.367,0.6511,0.3023,0.05,True,0.9,4.5
2024-04-14,2023-24,MIL,ORL,216.0,201,UNDER,1,-0.359,0.3521,0.2957,0,True,0.9,0.0
2024-04-14,2023-24,LAL,NOP,231.5,232,OVER,1,0.368,0.6515,0.303,0.05,True,0.9,4.5
2024-04-14,2023-24,DAL,OKC,225.0,221,OVER,1,0.408,0.6666,0.3333,0.05,False,-1.0,-5.0
2024-04-14,2023-24,DET,SAS,221.5,218,OVER,1,0.891,0.8198,0.6396,0.05,False,-1.0,-5.0
2024-04-19,2023-24,CHI,MIA,207.0,203,UNDER,1,-0.341,0.3591,0.2817,0,True,0.9,0.0
2024-04-19,2023-24,SAC,NOP,211.5,203,OVER,1,0.307,0.6277,0.2554,0.05,False,-1.0,-5.0
2024-04-20,2023-24,ORL,CLE,206.5,180,UNDER,1,-0.432,0.3243,0.3514,0,True,0.9,0.0
2024-04-20,2023-24,PHI,NYK,208.0,215,OVER,1,0.431,0.6755,0.3509,0.05,True,0.9,4.5
2024-04-21,2023-24,MIA,BOS,210.0,208,OVER,1,0.311,0.6294,0.2587,0.05,False,-1.0,-5.0
2024-04-21,2023-24,IND,MIL,230.0,203,UNDER,1,-1.135,0.1268,0.7463,0,True,0.9,0.0
2024-04-24,2023-24,MIA,BOS,205.5,212,OVER,1,0.328,0.6358,0.2715,0.05,True,0.9,4.5
2024-04-25,2023-24,DEN,LAL,217.5,217,UNDER,1,-0.505,0.2977,0.4045,0,True,0.9,0.0
2024-04-26,2023-24,LAC,DAL,213.0,191,UNDER,1,-0.695,0.2346,0.5307,0,True,0.9,0.0
2024-04-26,2023-24,MIN,PHX,208.5,235,OVER,1,0.917,0.8261,0.6523,0.05,True,0.9,4.5
2024-04-27,2023-24,DEN,LAL,220.0,227,OVER,3,0.734,0.7769,0.5538,0.05,True,0.9,4.5
2024-10-23,2024-25,ORL,MIA,208.0,213,UNDER,2,-0.005,0.498,0.0041,0,False,-1.0,0
2024-10-23,2024-25,CHI,NOP,221.5,234,OVER,1,0.336,0.6392,0.2784,0.05,True,0.9,4.5
2024-10-23,2024-25,GSW,POR,222.0,244,OVER,1,0.446,0.681,0.362,0.05,True,0.9,4.5
2024-10-24,2024-25,MIN,SAC,222.0,232,OVER,1,0.454,0.6838,0.3675,0.05,True,0.9,4.5
2024-10-24,2024-25,OKC,DEN,228.5,189,UNDER,1,-1.018,0.1505,0.699,0,True,0.9,0.0
2024-10-25,2024-25,IND,NYK,229.0,221,OVER,1,0.291,0.6212,0.2424,0.05,False,-1.0,-5.0
2024-10-25,2024-25,CHA,ATL,227.0,245,OVER,1,0.621,0.7418,0.4836,0.05,True,0.9,4.5
2024-10-25,2024-25,CHI,MIL,234.0,255,OVER,1,0.677,0.7597,0.5194,0.05,True,0.9,4.5
2024-10-27,2024-25,NOP,POR,221.5,228,OVER,1,0.446,0.681,0.362,0.05,True,0.9,4.5
2024-10-28,2024-25,MIL,BOS,232.0,227,UNDER,1,-0.66,0.2456,0.5088,0,True,0.9,0.0
2024-10-29,2024-25,NOP,GSW,217.5,230,OVER,2,0.525,0.7093,0.4186,0.05,True,0.9,4.5
2024-10-30,2024-25,BOS,IND,235.5,267,OVER,1,0.449,0.6822,0.3644,0.05,True,0.9,4.5
2024-11-01,2024-25,NYK,DET,218.5,226,UNDER,1,-0.308,0.372,0.2561,0,False,-1.0,0
2024-11-01,2024-25,DEN,MIN,219.0,235,OVER,1,0.188,0.5792,0.1583,0.05,True,0.9,4.5
2024-11-02,2024-25,MIA,WAS,224.5,216,OVER,1,0.782,0.7907,0.5813,0.05,False,-1.0,-5.0
2024-11-03,2024-25,ATL,NOP,225.0,237,OVER,1,0.327,0.6355,0.2709,0.05,True,0.9,4.5
2024-11-04,2024-25,MEM,BKN,222.5,210,OVER,1,0.555,0.7197,0.4394,0.05,False,-1.0,-5.0
2024-11-06,2024-25,GSW,BOS,228.5,230,OVER,1,0.368,0.6515,0.303,0.05,True,0.9,4.5
2024-11-07,2024-25,UTA,MIL,232.0,223,OVER,1,0.416,0.67,0.3399,0.05,False,-1.0,-5.0
2024-11-08,2024-25,IND,CHA,235.0,186,UNDER,1,-0.763,0.2147,0.5705,0,True,0.9,0.0
2024-11-08,2024-25,NOP,ORL,210.0,203,UNDER,1,-0.359,0.3521,0.2957,0,True,0.9,0.0
2024-11-08,2024-25,ATL,DET,227.5,243,OVER,1,0.582,0.729,0.4581,0.05,True,0.9,4.5
2024-11-08,2024-25,MIA,DEN,221.5,257,OVER,1,0.365,0.6504,0.3007,0.05,True,0.9,4.5
2024-11-08,2024-25,PHI,LAL,223.5,222,UNDER,1,-0.383,0.3428,0.3144,0,True,0.9,0.0
2024-11-10,2024-25,BOS,MIL,229.5,220,UNDER,1,-0.345,0.3575,0.2849,0,True,0.9,0.0
2024-11-10,2024-25,NYK,IND,229.5,253,OVER,1,0.291,0.6212,0.2424,0.05,True,0.9,4.5
2024-11-10,2024-25,WAS,ORL,222.5,215,OVER,1,0.782,0.7907,0.5813,0.05,False,-1.0,-5.0
2024-11-10,2024-25,SAC,PHX,229.5,245,OVER,1,0.429,0.6748,0.3496,0.05,True,0.9,4.5
2024-11-12,2024-25,CHA,ORL,212.5,203,UNDER,1,-0.359,0.3521,0.2957,0,True,0.9,0.0
2024-11-12,2024-25,MIN,POR,222.5,230,OVER,1,0.446,0.681,0.362,0.05,True,0.9,4.5
2024-11-13,2024-25,BOS,BKN,219.0,253,OVER,1,0.311,0.6294,0.2587,0.05,True,0.9,4.5
2024-11-13,2024-25,CLE,PHI,218.5,220,OVER,1,0.415,0.6695,0.3391,0.05,True,0.9,4.5
2024-11-15,2024-25,PHI,ORL,208.5,184,OVER,1,0.544,0.7161,0.4323,0.05,False,-1.0,-5.0
2024-11-15,2024-25,LAL,SAS,228.0,235,UNDER,1,-0.479,0.3069,0.3862,0,False,-1.0,0
2024-11-15,2024-25,MIN,SAC,222.0,256,OVER,1,0.454,0.6838,0.3675,0.05,True,0.9,4.5
2024-11-16,2024-25,LAL,NOP,220.5,203,UNDER,1,-0.383,0.3428,0.3144,0,True,0.9,0.0
2024-11-19,2024-25,CLE,BOS,234.0,237,UNDER,1,-0.66,0.2456,0.5088,0,False,-1.0,0
2024-11-20,2024-25,NYK,PHX,227.0,260,OVER,1,0.291,0.6212,0.2424,0.05,True,0.9,4.5
2024-11-21,2024-25,UTA,SAS,224.0,244,OVER,2,0.858,0.8114,0.6229,0.05,True,0.9,4.5
2024-11-26,2024-25,LAL,PHX,234.5,227,OVER,1,0.368,0.6515,0.303,0.05,False,-1.0,-5.0
2024-11-27,2024-25,MIA,CHA,218.5,192,OVER,1,0.228,0.5957,0.1914,0.05,False,-1.0,-5.0
2024-11-27,2024-25,NYK,DAL,231.5,243,OVER,1,0.486,0.6954,0.3909,0.05,True,0.9,4.5
2024-11-27,2024-25,LAL,SAS,227.5,220,UNDER,1,-0.479,0.3069,0.3862,0,True,0.9,0.0
2024-11-27,2024-25,DEN,UTA,228.5,225,OVER,1,0.503,0.7016,0.4032,0.05,False,-1.0,-5.0
2024-11-29,2024-25,OKC,LAL,229.5,194,UNDER,1,-1.018,0.1505,0.699,0,True,0.9,0.0
2024-11-30,2024-25,ATL,CHA,223.0,211,UNDER,1,-0.348,0.3563,0.2875,0,True,0.9,0.0
2024-11-30,2024-25,PHI,DET,216.5,207,UNDER,1,-0.286,0.3807,0.2386,0,True,0.9,0.0
2024-12-01,2024-25,DAL,POR,226.0,268,OVER,1,0.488,0.6961,0.3922,0.05,True,0.9,4.5
2024-12-02,2024-25,NOP,ATL,231.5,236,UNDER,1,-0.353,0.3545,0.291,0,False,-1.0,0
2024-12-03,2024-25,HOU,SAC,230.0,231,UNDER,1,-1.444,0.079,0.8419,0,False,-1.0,0
2024-12-04,2024-25,LAL,MIA,217.5,227,OVER,1,0.228,0.5957,0.1914,0.05,True,0.9,4.5
2024-12-06,2024-25,MIL,BOS,229.0,216,OVER,1,0.368,0.6515,0.303,0.05,False,-1.0,-5.0
2024-12-06,2024-25,UTA,POR,223.5,240,OVER,1,0.414,0.6689,0.3377,0.05,True,0.9,4.5
2024-12-07,2024-25,CLE,CHA,217.5,218,OVER,1,0.415,0.6695,0.3391,0.05,True,0.9,4.5
2024-12-07,2024-25,PHX,MIA,223.5,232,UNDER,1,-0.679,0.2397,0.5206,0,False,-1.0,0
2024-12-08,2024-25,CLE,MIA,223.0,235,UNDER,1,-0.399,0.3367,0.3266,0,False,-1.0,0
2024-12-08,2024-25,MIN,GSW,215.5,220,OVER,1,0.472,0.6904,0.3808,0.05,True,0.9,4.5
2024-12-08,2024-25,POR,LAL,224.0,205,UNDER,1,-0.383,0.3428,0.3144,0,True,0.9,0.0
2024-12-11,2024-25,ATL,NYK,237.5,208,UNDER,1,-0.555,0.2802,0.4396,0,True,0.9,0.0
2024-12-13,2024-25,SAS,POR,226.5,234,OVER,1,0.488,0.6961,0.3922,0.05,True,0.9,4.5
2024-12-14,2024-25,HOU,OKC,214.5,207,OVER,1,0.204,0.586,0.1719,0.05,False,-1.0,-5.0
2024-12-15,2024-25,NOP,IND,231.0,223,UNDER,1,-0.353,0.3545,0.291,0,True,0.9,0.0
2024-12-16,2024-25,MIA,DET,219.5,249,OVER,1,0.228,0.5957,0.1914,0.05,True,0.9,4.5
2024-12-16,2024-25,PHI,CHA,218.5,229,UNDER,1,-0.565,0.2767,0.4465,0,False,-1.0,0
2024-12-16,2024-25,CLE,BKN,215.5,231,OVER,1,0.415,0.6695,0.3391,0.05,True,0.9,4.5
2024-12-17,2024-25,MIL,OKC,215.0,178,UNDER,1,-0.44,0.3213,0.3574,0,True,0.9,0.0
2024-12-19,2024-25,OKC,ORL,208.5,204,UNDER,2,-1.417,0.0825,0.835,0,True,0.9,0.0
2024-12-19,2024-25,BKN,TOR,218.0,195,UNDER,1,-0.584,0.2704,0.4593,0,True,0.9,0.0
2024-12-19,2024-25,NOP,HOU,218.5,246,OVER,1,0.446,0.681,0.3621,0.05,True,0.9,4.5
2024-12-21,2024-25,LAL,SAC,228.5,202,OVER,1,0.319,0.6324,0.2648,0.05,False,-1.0,-5.0
2024-12-23,2024-25,BOS,ORL,214.0,212,UNDER,1,-0.359,0.3521,0.2957,0,True,0.9,0.0
2024-12-23,2024-25,WAS,OKC,226.5,228,OVER,1,0.408,0.6666,0.3333,0.05,True,0.9,4.5
2024-12-23,2024-25,DET,LAL,222.0,231,UNDER,1,-0.383,0.3428,0.3144,0,False,-1.0,0
2024-12-25,2024-25,LAL,GSW,220.0,228,OVER,1,0.599,0.7346,0.4692,0.05,True,0.9,4.5
2024-12-26,2024-25,MIA,ORL,208.5,177,UNDER,2,-0.005,0.498,0.0041,0,True,0.9,0.0
2024-12-26,2024-25,UTA,POR,228.0,242,OVER,1,0.488,0.6961,0.3922,0.05,True,0.9,4.5
2024-12-27,2024-25,NYK,ORL,213.5,193,UNDER,1,-0.359,0.3521,0.2957,0,True,0.9,0.0
2024-12-27,2024-25,SAS,BKN,212.5,183,UNDER,1,-0.496,0.3009,0.3981,0,True,0.9,0.0
2024-12-27,2024-25,MIN,HOU,215.0,225,OVER,1,0.472,0.6904,0.3808,0.05,True,0.9,4.5
2024-12-28,2024-25,MIA,ATL,227.0,230,OVER,2,1.091,0.8646,0.7292,0.05,True,0.9,4.5
2024-12-28,2024-25,SAC,LAL,221.5,254,OVER,1,0.599,0.7346,0.4692,0.05,True,0.9,4.5
2024-12-30,2024-25,PHI,POR,223.0,228,OVER,1,0.446,0.681,0.362,0.05,True,0.9,4.5
2024-12-31,2024-25,MIN,OKC,217.0,218,OVER,1,0.23,0.5964,0.1928,0.05,True,0.9,4.5
2024-12-31,2024-25,CLE,LAL,227.5,232,UNDER,1,-0.366,0.3492,0.3016,0,False,-1.0,0
2025-01-01,2024-25,ORL,DET,211.0,201,UNDER,2,-0.472,0.3096,0.3808,0,True,0.9,0.0
2025-01-03,2024-25,CHA,DET,215.0,192,UNDER,1,-0.308,0.372,0.2561,0,True,0.9,0.0
2025-01-03,2024-25,ORL,TOR,214.5,203,UNDER,1,-0.382,0.3432,0.3136,0,True,0.9,0.0
2025-01-04,2024-25,MIN,DET,215.5,224,UNDER,2,-0.088,0.4626,0.0748,0,False,-1.0,0
2025-01-05,2024-25,NOP,WAS,232.0,208,UNDER,1,-0.353,0.3545,0.291,0,True,0.9,0.0
2025-01-07,2024-25,HOU,WAS,223.5,247,OVER,2,0.85,0.8092,0.6183,0.05,True,0.9,4.5
2025-01-08,2024-25,WAS,PHI,221.5,212,OVER,1,0.782,0.7907,0.5813,0.05,False,-1.0,-5.0
2025-01-09,2024-25,GSW,DET,221.5,211,UNDER,2,-0.817,0.1995,0.6011,0,True,0.9,0.0
2025-01-09,2024-25,ATL,PHX,238.5,238,UNDER,1,-0.555,0.2802,0.4396,0,True,0.9,0.0
2025-01-10,2024-25,MIL,ORL,212.0,215,UNDER,1,-0.359,0.3521,0.2957,0,False,-1.0,0
2025-01-12,2024-25,MIL,NYK,227.5,246,OVER,1,0.291,0.6212,0.2424,0.05,True,0.9,4.5
2025-01-12,2024-25,DEN,DAL,232.0,213,OVER,1,0.486,0.6954,0.3909,0.05,False,-1.0,-5.0
2025-01-12,2024-25,PHI,ORL,207.0,203,OVER,1,0.544,0.7161,0.4323,0.05,False,-1.0,-5.0
2025-01-13,2024-25,MIN,WAS,223.5,226,OVER,1,0.782,0.7907,0.5813,0.05,True,0.9,4.5
2025-01-15,2024-25,ATL,CHI,236.0,204,UNDER,1,-0.555,0.2802,0.4396,0,True,0.9,0.0
2025-01-16,2024-25,PHX,WAS,231.5,253,OVER,1,0.431,0.6755,0.351,0.05,True,0.9,4.5
2025-01-16,2024-25,HOU,SAC,225.0,259,OVER,1,0.319,0.6324,0.2648,0.05,True,0.9,4.5
2025-01-17,2024-25,ORL,BOS,212.5,215,OVER,1,0.311,0.6294,0.2587,0.05,True,0.9,4.5
2025-01-17,2024-25,DEN,MIA,228.5,246,UNDER,1,-0.603,0.2641,0.4719,0,False,-1.0,0
2025-01-17,2024-25,TOR,MIL,234.0,242,OVER,1,0.416,0.67,0.3399,0.05,True,0.9,4.5
2025-01-18,2024-25,ATL,BOS,237.5,234,UNDER,1,-0.555,0.2802,0.4396,0,True,0.9,0.0
2025-01-18,2024-25,HOU,POR,223.5,228,OVER,1,0.397,0.6627,0.3254,0.05,True,0.9,4.5
2025-01-19,2024-25,SAS,MIA,219.5,235,OVER,1,0.228,0.5957,0.1914,0.05,True,0.9,4.5
2025-01-20,2024-25,ATL,NYK,239.0,229,UNDER,1,-0.555,0.2802,0.4396,0,True,0.9,0.0
2025-01-20,2024-25,BOS,GSW,224.5,210,UNDER,1,-0.466,0.3117,0.3766,0,True,0.9,0.0
2025-01-21,2024-25,POR,MIA,218.5,223,OVER,1,0.275,0.6146,0.2293,0.05,True,0.9,4.5
2025-01-21,2024-25,ORL,TOR,213.0,202,UNDER,2,-0.698,0.234,0.5321,0,True,0.9,0.0
2025-01-23,2024-25,POR,ORL,213.0,180,UNDER,2,-0.051,0.4784,0.0432,0,True,0.9,0.0
2025-01-24,2024-25,POR,CHA,216.0,199,UNDER,1,-0.565,0.2767,0.4465,0,True,0.9,0.0
2025-01-29,2024-25,CLE,MIA,225.5,232,UNDER,1,-0.603,0.2641,0.4719,0,False,-1.0,0
2025-01-30,2024-25,LAL,WAS,224.0,230,UNDER,1,-0.383,0.3428,0.3144,0,False,-1.0,0
2025-02-01,2024-25,PHX,POR,227.0,235,OVER,1,0.488,0.6961,0.3922,0.05,True,0.9,4.5
2025-02-03,2024-25,MIL,OKC,226.0,221,OVER,1,0.408,0.6666,0.3333,0.05,False,-1.0,-5.0
2025-02-03,2024-25,PHX,POR,228.5,240,OVER,1,0.488,0.6961,0.3922,0.05,True,0.9,4.5
2025-02-03,2024-25,ORL,GSW,209.5,203,UNDER,1,-0.432,0.3243,0.3514,0,True,0.9,0.0
2025-02-04,2024-25,NYK,TOR,227.0,236,UNDER,2,-0.194,0.4182,0.1636,0,False,-1.0,0
2025-02-05,2024-25,MIA,PHI,220.5,209,UNDER,1,-0.399,0.3367,0.3266,0,True,0.9,0.0
2025-02-05,2024-25,PHX,OKC,230.0,249,OVER,1,0.431,0.6755,0.351,0.05,True,0.9,4.5
2025-02-06,2024-25,SAC,POR,230.5,210,UNDER,1,-0.5,0.2994,0.4011,0,True,0.9,0.0
2025-02-06,2024-25,GSW,LAL,225.5,232,UNDER,1,-0.366,0.3492,0.3016,0,False,-1.0,0
2025-02-07,2024-25,MIA,BKN,209.5,188,UNDER,1,-0.229,0.4038,0.1925,0,True,0.9,0.0
2025-02-07,2024-25,TOR,OKC,229.0,230,OVER,1,0.408,0.6666,0.3333,0.05,True,0.9,4.5
2025-02-08,2024-25,ATL,WAS,238.5,236,UNDER,1,-0.555,0.2802,0.4396,0,True,0.9,0.0
2025-02-08,2024-25,NOP,SAC,239.0,241,OVER,1,0.854,0.8104,0.6207,0.05,True,0.9,4.5
2025-02-10,2024-25,ATL,ORL,221.0,218,UNDER,1,-0.348,0.3563,0.2875,0,True,0.9,0.0
2025-02-10,2024-25,BOS,MIA,210.5,188,UNDER,2,-0.633,0.2541,0.4917,0,True,0.9,0.0
2025-02-10,2024-25,GSW,MIL,230.5,236,OVER,1,0.677,0.7597,0.5194,0.05,True,0.9,4.5
2025-02-12,2024-25,CHA,ORL,202.5,188,UNDER,1,-0.301,0.3747,0.2506,0,True,0.9,0.0
2025-02-12,2024-25,SAS,BOS,230.5,219,UNDER,1,-0.66,0.2456,0.5088,0,True,0.9,0.0
2025-02-13,2024-25,MIA,DAL,218.5,231,OVER,1,0.228,0.5957,0.1914,0.05,True,0.9,4.5
2025-02-20,2024-25,CHA,DEN,227.5,244,OVER,1,0.55,0.7182,0.4364,0.05,True,0.9,4.5
2025-02-20,2024-25,LAL,POR,226.0,212,UNDER,1,-0.479,0.3069,0.3862,0,True,0.9,0.0
2025-02-21,2024-25,MIA,TOR,219.0,231,OVER,1,0.228,0.5957,0.1914,0.05,True,0.9,4.5
2025-02-23,2024-25,NYK,BOS,231.0,223,UNDER,1,-0.66,0.2456,0.5088,0,True,0.9,0.0
2025-02-24,2024-25,MIN,OKC,228.0,259,OVER,2,0.897,0.8212,0.6425,0.05,True,0.9,4.5
2025-02-25,2024-25,CLE,ORL,218.0,204,UNDER,1,-0.359,0.3521,0.2957,0,True,0.9,0.0
2025-02-25,2024-25,SAS,NOP,239.5,212,UNDER,1,-0.563,0.2775,0.4449,0,True,0.9,0.0
2025-02-26,2024-25,BOS,DET,225.0,214,UNDER,1,-0.345,0.3575,0.2849,0,True,0.9,0.0
2025-02-26,2024-25,ATL,MIA,229.5,240,UNDER,1,-0.603,0.2641,0.4719,0,False,-1.0,0
2025-03-02,2024-25,TOR,ORL,208.5,206,UNDER,2,-0.106,0.455,0.0901,0,True,0.9,0.0
2025-03-02,2024-25,NOP,UTA,232.0,249,UNDER,1,-0.353,0.3545,0.291,0,False,-1.0,0
2025-03-03,2024-25,HOU,OKC,229.0,265,OVER,2,0.56,0.7214,0.4427,0.05,True,0.9,4.5
2025-03-04,2024-25,TOR,ORL,207.0,227,OVER,1,0.437,0.6776,0.3553,0.05,True,0.9,4.5
2025-03-06,2024-25,PHI,BOS,217.5,228,OVER,1,0.311,0.6294,0.2587,0.05,True,0.9,4.5
2025-03-07,2024-25,UTA,TOR,228.5,227,UNDER,1,-0.412,0.3315,0.3369,0,True,0.9,0.0
2025-03-08,2024-25,WAS,TOR,227.5,235,UNDER,1,-0.412,0.3315,0.3369,0,False,-1.0,0
2025-03-08,2024-25,CHI,MIA,226.0,223,UNDER,1,-0.603,0.2641,0.4719,0,True,0.9,0.0
2025-03-08,2024-25,LAL,BOS,225.5,212,OVER,1,0.368,0.6515,0.303,0.05,False,-1.0,-5.0
2025-03-10,2024-25,NYK,SAC,222.5,237,OVER,1,0.454,0.6838,0.3675,0.05,True,0.9,4.5
2025-03-12,2024-25,NYK,POR,227.5,227,OVER,2,0.559,0.7213,0.4426,0.05,False,-1.0,-5.0
2025-03-13,2024-25,ORL,NOP,215.0,206,UNDER,1,-0.382,0.3432,0.3136,0,True,0.9,0.0
2025-03-14,2024-25,DAL,HOU,220.0,229,OVER,1,0.397,0.6627,0.3254,0.05,True,0.9,4.5
2025-03-14,2024-25,LAL,DEN,229.5,257,OVER,1,0.55,0.7182,0.4364,0.05,True,0.9,4.5
2025-03-15,2024-25,BOS,BKN,219.0,228,OVER,1,0.311,0.6294,0.2587,0.05,True,0.9,4.5
2025-03-16,2024-25,PHX,LAL,227.0,203,UNDER,1,-0.366,0.3492,0.3016,0,True,0.9,0.0
2025-03-16,2024-25,ATL,BKN,228.0,236,OVER,1,0.436,0.6771,0.3541,0.05,True,0.9,4.5
2025-03-18,2024-25,BKN,BOS,212.0,200,OVER,1,0.311,0.6294,0.2587,0.05,False,-1.0,-5.0
2025-03-19,2024-25,HOU,ORL,208.0,224,OVER,1,0.358,0.6475,0.2949,0.05,True,0.9,4.5
2025-03-19,2024-25,PHI,OKC,227.5,233,OVER,1,0.408,0.6666,0.3333,0.05,True,0.9,4.5
2025-03-19,2024-25,DEN,LAL,223.5,228,OVER,1,0.321,0.6333,0.2667,0.05,True,0.9,4.5
2025-03-20,2024-25,CHI,SAC,236.0,244,OVER,1,0.854,0.8104,0.6207,0.05,True,0.9,4.5
2025-03-21,2024-25,BOS,UTA,228.0,220,OVER,1,0.503,0.7016,0.4032,0.05,False,-1.0,-5.0
2025-03-24,2024-25,DAL,BKN,218.0,221,UNDER,1,-0.695,0.2346,0.5307,0,False,-1.0,0
2025-03-25,2024-25,GSW,MIA,208.0,198,OVER,1,0.218,0.5917,0.1834,0.05,False,-1.0,-5.0
2025-03-25,2024-25,ATL,HOU,235.5,235,UNDER,1,-0.555,0.2802,0.4396,0,True,0.9,0.0
2025-03-26,2024-25,LAL,IND,234.0,239,OVER,1,0.368,0.6515,0.303,0.05,True,0.9,4.5
2025-03-26,2024-25,MIL,DEN,227.5,244,OVER,1,0.55,0.7182,0.4364,0.05,True,0.9,4.5
2025-03-27,2024-25,DAL,ORL,216.5,193,UNDER,1,-0.359,0.3521,0.2957,0,True,0.9,0.0
2025-03-27,2024-25,ATL,MIA,224.5,234,OVER,1,0.69,0.7635,0.5271,0.05,True,0.9,4.5
2025-03-27,2024-25,HOU,UTA,227.0,231,OVER,2,0.626,0.7435,0.487,0.05,True,0.9,4.5
2025-03-27,2024-25,POR,SAC,227.5,235,OVER,1,0.319,0.6324,0.2648,0.05,True,0.9,4.5
2025-03-28,2024-25,CHA,TOR,218.0,205,UNDER,1,-0.228,0.4042,0.1916,0,True,0.9,0.0
2025-03-29,2024-25,BKN,WAS,222.5,227,OVER,1,0.405,0.6658,0.3315,0.05,True,0.9,4.5
2025-03-30,2024-25,POR,NYK,219.5,203,OVER,1,0.275,0.6146,0.2293,0.05,False,-1.0,-5.0
2025-03-30,2024-25,CHA,NOP,213.0,192,UNDER,2,-0.198,0.4168,0.1663,0,True,0.9,0.0
2025-03-31,2024-25,UTA,CHA,222.5,216,OVER,1,0.414,0.6689,0.3377,0.05,False,-1.0,-5.0
2025-03-31,2024-25,HOU,LAL,226.5,202,UNDER,1,-0.366,0.3492,0.3016,0,True,0.9,0.0
2025-04-02,2024-25,MIA,BOS,211.5,227,OVER,1,0.311,0.6294,0.2587,0.05,True,0.9,4.5
2025-04-03,2024-25,MEM,MIA,226.0,218,UNDER,1,-0.603,0.2641,0.4719,0,True,0.9,0.0
2025-04-04,2024-25,PHX,BOS,226.5,226,UNDER,1,-0.434,0.3235,0.3531,0,True,0.9,0.0
2025-04-05,2024-25,MIL,MIA,209.5,236,UNDER,1,-0.341,0.3591,0.2817,0,False,-1.0,0
2025-04-06,2024-25,PHX,NYK,225.5,210,UNDER,1,-0.434,0.3235,0.3531,0,True,0.9,0.0
2025-04-08,2024-25,NOP,BKN,214.0,233,OVER,1,0.447,0.6814,0.3628,0.05,True,0.9,4.5
2025-04-11,2024-25,CHA,BOS,215.0,224,OVER,1,0.311,0.6294,0.2587,0.05,True,0.9,4.5
2025-04-11,2024-25,HOU,LAL,228.5,249,OVER,1,0.384,0.6577,0.3153,0.05,True,0.9,4.5
2025-04-13,2024-25,CHA,BOS,209.0,179,OVER,2,0.015,0.5065,0.013,0,False,-1.0,0
2025-04-13,2024-25,IND,CLE,226.5,244,UNDER,1,-0.522,0.2916,0.4168,0,False,-1.0,0
2025-04-13,2024-25,LAL,POR,216.5,190,OVER,1,0.272,0.6137,0.2273,0.05,False,-1.0,-5.0
2025-04-13,2024-25,PHX,SAC,222.5,207,OVER,1,0.425,0.6733,0.3465,0.05,False,-1.0,-5.0
2025-04-13,2024-25,DEN,HOU,234.5,237,OVER,1,0.304,0.6262,0.2525,0.05,True,0.9,4.5
2025-04-15,2024-25,ATL,ORL,220.5,215,UNDER,1,-0.348,0.3563,0.2875,0,True,0.9,0.0
2025-04-16,2024-25,MIA,CHI,220.0,199,UNDER,1,-0.399,0.3367,0.3266,0,True,0.9,0.0
2025-04-20,2024-25,ORL,BOS,205.0,189,OVER,1,0.328,0.6358,0.2715,0.05,False,-1.0,-5.0
2025-04-20,2024-25,MIA,CLE,216.0,221,OVER,1,0.419,0.6708,0.3415,0.05,True,0.9,4.5
2025-04-22,2024-25,MIN,LAL,211.5,179,OVER,1,0.23,0.5964,0.1928,0.05,False,-1.0,-5.0
2025-04-23,2024-25,MIA,CLE,213.5,233,OVER,1,0.419,0.6708,0.3415,0.05,True,0.9,4.5
2025-04-25,2024-25,LAL,MIN,207.5,220,UNDER,1,-0.802,0.2038,0.5924,0,False,-1.0,0
2025-04-26,2024-25,HOU,GSW,205.0,197,UNDER,1,-0.241,0.3989,0.2021,0,True,0.9,0.0
2025-04-27,2024-25,NYK,DET,216.5,187,UNDER,1,-0.286,0.3807,0.2386,0,True,0.9,0.0
2025-04-27,2024-25,LAL,MIN,209.0,229,UNDER,1,-0.306,0.3729,0.2541,0,False,-1.0,0
2025-04-30,2024-25,MIN,LAL,210.5,199,OVER,1,0.23,0.5964,0.1928,0.05,False,-1.0,-5.0
2025-05-01,2024-25,NYK,DET,213.0,229,UNDER,1,-0.286,0.3807,0.2386,0,False,-1.0,0
2025-05-04,2024-25,GSW,HOU,206.0,192,UNDER,1,-0.352,0.3547,0.2907,0,True,0.9,0.0
2025-05-05,2024-25,DEN,OKC,229.5,240,OVER,1,0.408,0.6666,0.3333,0.05,True,0.9,4.5
2025-05-07,2024-25,NYK,BOS,211.0,181,OVER,1,0.311,0.6294,0.2587,0.05,False,-1.0,-5.0
2025-05-07,2024-25,DEN,OKC,229.5,255,OVER,1,0.408,0.6666,0.3333,0.05,True,0.9,4.5
2025-05-15,2024-25,OKC,DEN,218.5,226,OVER,2,0.304,0.6264,0.2528,0.05,True,0.9,4.5
2025-05-20,2024-25,MIN,OKC,219.5,202,OVER,1,0.23,0.5964,0.1928,0.05,False,-1.0,-5.0
2025-05-22,2024-25,MIN,OKC,217.5,221,OVER,1,0.23,0.5964,0.1928,0.05,True,0.9,4.5
2025-06-05,2024-25,IND,OKC,229.5,221,OVER,1,0.408,0.6666,0.3333,0.05,False,-1.0,-5.0
2025-10-22,2025-26,MIA,ORL,216.5,246,UNDER,2,-0.529,0.2892,0.4216,0,False,-1.0,0
2025-10-22,2025-26,WAS,MIL,230.5,253,OVER,1,0.416,0.67,0.3399,0.05,True,0.9,4.5
2025-10-24,2025-26,ATL,ORL,235.5,218,UNDER,1,-0.555,0.2802,0.4396,0,True,0.9,0.0
2025-10-24,2025-26,GSW,POR,227.5,258,OVER,1,0.488,0.6961,0.3922,0.05,True,0.9,4.5
2025-10-25,2025-26,PHX,DEN,232.5,244,OVER,1,0.431,0.6755,0.351,0.05,True,0.9,4.5
2025-10-27,2025-26,BKN,HOU,224.5,246,OVER,1,0.397,0.6627,0.3254,0.05,True,0.9,4.5
2025-10-27,2025-26,POR,LAL,221.5,230,OVER,1,0.599,0.7346,0.4692,0.05,True,0.9,4.5
2025-10-29,2025-26,ATL,BKN,239.5,229,UNDER,1,-0.555,0.2802,0.4396,0,True,0.9,0.0
2025-11-01,2025-26,SAC,MIL,232.5,268,OVER,1,0.677,0.7597,0.5194,0.05,True,0.9,4.5
2025-11-03,2025-26,MIL,IND,235.5,232,OVER,1,0.449,0.6822,0.3644,0.05,False,-1.0,-5.0
2025-11-05,2025-26,MIN,NYK,228.5,251,OVER,1,0.291,0.6212,0.2424,0.05,True,0.9,4.5
2025-11-05,2025-26,OKC,POR,229.5,240,OVER,1,0.488,0.6961,0.3922,0.05,True,0.9,4.5
2025-11-05,2025-26,GSW,SAC,225.5,237,OVER,1,0.429,0.6748,0.3496,0.05,True,0.9,4.5
2025-11-07,2025-26,BOS,ORL,226.5,233,UNDER,1,-0.345,0.3575,0.2849,0,False,-1.0,0
2025-11-07,2025-26,CHA,MIA,235.5,234,UNDER,1,-0.763,0.2147,0.5705,0,True,0.9,0.0
2025-11-09,2025-26,BOS,ORL,227.5,218,UNDER,1,-0.345,0.3575,0.2849,0,True,0.9,0.0
2025-11-10,2025-26,POR,ORL,234.5,227,UNDER,1,-0.5,0.2994,0.4011,0,True,0.9,0.0
2025-11-12,2025-26,ORL,NYK,227.5,231,OVER,1,0.291,0.6212,0.2424,0.05,True,0.9,4.5
2025-11-12,2025-26,ATL,SAC,229.5,233,OVER,2,0.637,0.747,0.494,0.05,True,0.9,4.5
2025-11-14,2025-26,CHA,MIL,232.5,281,OVER,1,0.416,0.67,0.3399,0.05,True,0.9,4.5
2025-11-15,2025-26,TOR,IND,235.5,240,OVER,1,0.449,0.6822,0.3644,0.05,True,0.9,4.5
2025-11-15,2025-26,LAL,MIL,229.5,214,UNDER,1,-0.479,0.3069,0.3862,0,True,0.9,0.0
2025-11-16,2025-26,ATL,PHX,226.5,246,OVER,1,0.582,0.729,0.4581,0.05,True,0.9,4.5
2025-11-17,2025-26,MIL,CLE,234.5,224,OVER,1,0.623,0.7427,0.4853,0.05,False,-1.0,-5.0
2025-11-18,2025-26,GSW,ORL,223.5,234,UNDER,1,-0.481,0.3064,0.3872,0,False,-1.0,0
2025-11-18,2025-26,DET,ATL,226.5,232,OVER,2,1.091,0.8646,0.7292,0.05,True,0.9,4.5
2025-11-21,2025-26,NOP,DAL,233.5,233,OVER,1,0.486,0.6954,0.3909,0.05,False,-1.0,-5.0
2025-11-21,2025-26,DEN,HOU,234.5,221,UNDER,1,-0.525,0.2907,0.4186,0,True,0.9,0.0
2025-11-23,2025-26,ORL,BOS,223.5,267,OVER,1,0.499,0.7003,0.4006,0.05,True,0.9,4.5
2025-11-24,2025-26,DET,IND,236.5,239,OVER,1,0.449,0.6822,0.3644,0.05,True,0.9,4.5
2025-11-24,2025-26,POR,MIL,230.5,218,UNDER,1,-0.5,0.2994,0.4011,0,True,0.9,0.0
2025-11-26,2025-26,MIN,OKC,226.5,218,OVER,2,0.897,0.8212,0.6425,0.05,False,-1.0,-5.0
2025-11-28,2025-26,PHX,OKC,223.5,242,OVER,1,0.425,0.6733,0.3465,0.05,True,0.9,4.5
2025-11-29,2025-26,BOS,MIN,229.5,234,UNDER,1,-0.345,0.3575,0.2849,0,False,-1.0,0
2025-12-01,2025-26,MIL,WAS,232.5,255,OVER,1,0.416,0.67,0.3399,0.05,True,0.9,4.5
2025-12-03,2025-26,DEN,IND,238.5,255,OVER,1,0.449,0.6822,0.3644,0.05,True,0.9,4.5
2025-12-03,2025-26,CHA,NYK,235.5,223,UNDER,1,-0.763,0.2147,0.5705,0,True,0.9,0.0
2025-12-04,2025-26,LAL,TOR,228.5,243,UNDER,1,-0.479,0.3069,0.3862,0,False,-1.0,0
2025-12-05,2025-26,LAL,BOS,227.5,231,OVER,1,0.368,0.6515,0.303,0.05,True,0.9,4.5
2025-12-05,2025-26,PHX,HOU,218.5,215,OVER,1,0.446,0.681,0.3621,0.05,False,-1.0,-5.0
2025-12-05,2025-26,DAL,OKC,229.5,243,OVER,1,0.408,0.6666,0.3333,0.05,True,0.9,4.5
2025-12-06,2025-26,NOP,BKN,227.5,220,UNDER,1,-0.362,0.3507,0.2986,0,True,0.9,0.0
2025-12-06,2025-26,ATL,WAS,237.5,247,UNDER,1,-0.555,0.2802,0.4396,0,False,-1.0,0
2025-12-07,2025-26,POR,MEM,232.5,215,UNDER,1,-0.5,0.2994,0.4011,0,True,0.9,0.0
2025-12-10,2025-26,PHX,OKC,221.5,227,OVER,1,0.425,0.6733,0.3465,0.05,True,0.9,4.5
2025-12-11,2025-26,BOS,MIL,223.5,217,UNDER,1,-0.466,0.3117,0.3766,0,True,0.9,0.0
2025-12-13,2025-26,NYK,ORL,225.5,252,OVER,1,0.291,0.6212,0.2424,0.05,True,0.9,4.5
2025-12-14,2025-26,PHI,ATL,226.5,237,OVER,1,0.621,0.7418,0.4836,0.05,True,0.9,4.5
2025-12-14,2025-26,LAL,PHX,232.5,230,OVER,1,0.368,0.6515,0.303,0.05,False,-1.0,-5.0
2025-12-18,2025-26,TOR,MIL,218.5,216,UNDER,2,-0.476,0.3079,0.3842,0,True,0.9,0.0
2025-12-19,2025-26,MIA,BOS,230.5,245,UNDER,1,-0.66,0.2456,0.5088,0,False,-1.0,0
2025-12-20,2025-26,BOS,TOR,216.5,208,UNDER,1,-0.228,0.4042,0.1916,0,True,0.9,0.0
2025-12-20,2025-26,DAL,PHI,228.5,235,UNDER,1,-0.449,0.3178,0.3644,0,False,-1.0,0
2025-12-20,2025-26,CHA,DET,239.5,198,UNDER,1,-0.763,0.2147,0.5705,0,True,0.9,0.0
2025-12-21,2025-26,TOR,BKN,216.5,177,UNDER,1,-0.228,0.4042,0.1916,0,True,0.9,0.0
2025-12-21,2025-26,HOU,SAC,229.5,249,OVER,1,0.384,0.6577,0.3153,0.05,True,0.9,4.5
2025-12-22,2025-26,IND,BOS,231.5,198,UNDER,1,-0.66,0.2456,0.5088,0,True,0.9,0.0
2025-12-23,2025-26,TOR,MIA,227.5,203,UNDER,1,-0.603,0.2641,0.4719,0,True,0.9,0.0
2025-12-27,2025-26,CLE,HOU,230.5,217,UNDER,1,-0.525,0.2907,0.4186,0,True,0.9,0.0
2025-12-27,2025-26,MIL,CHI,231.5,215,UNDER,1,-1.135,0.1268,0.7463,0,True,0.9,0.0
2025-12-29,2025-26,PHX,WAS,229.5,216,UNDER,1,-0.434,0.3235,0.3531,0,True,0.9,0.0
2025-12-29,2025-26,IND,HOU,220.5,245,OVER,1,0.397,0.6627,0.3254,0.05,True,0.9,4.5
2025-12-31,2025-26,GSW,CHA,237.5,257,UNDER,1,-0.763,0.2147,0.5705,0,False,-1.0,0
2025-12-31,2025-26,WAS,MIL,233.5,227,OVER,1,0.416,0.67,0.3399,0.05,False,-1.0,-5.0
2026-01-03,2025-26,PHI,NYK,226.5,249,OVER,1,0.291,0.6212,0.2424,0.05,True,0.9,4.5
2026-01-03,2025-26,ATL,TOR,225.5,251,UNDER,1,-0.412,0.3315,0.3369,0,False,-1.0,0
2026-01-03,2025-26,HOU,DAL,227.5,214,OVER,1,0.384,0.6577,0.3153,0.05,False,-1.0,-5.0
2026-01-06,2025-26,CLE,IND,236.5,236,OVER,1,0.449,0.6822,0.3644,0.05,False,-1.0,-5.0
2026-01-07,2025-26,DEN,BOS,231.5,224,UNDER,1,-0.66,0.2456,0.5088,0,True,0.9,0.0
2026-01-07,2025-26,HOU,POR,222.5,205,OVER,1,0.446,0.681,0.362,0.05,False,-1.0,-5.0
