num,date,league,matchup,away,away_score,home,home_score,actual_total,market_total,market_spread,abs_spread,favorite,underdog,ud_score,pick,tier,ensemble,win_prob,rule,base_line,scaled_over,scaled_under,zone_width,flat,primary_result,dual_result,both_hit
1,2025-10-21,NBA,GSW@LAL,GSW,119,LAL,109,228,227.5,2.5,2.5,GSW,LAL,109,UNDER,C,0.0,20.7,Rule4:UnderDefault,112.5,97.9,127.1,29.2,12,HIT,HIT,True
2,2025-10-21,NBA,HOU@OKC,HOU,124,OKC,125,249,226.0,6.5,6.5,OKC,HOU,124,UNDER,A,0.0,7.4,Rule1:UpsetClause,109.8,98.6,120.9,22.3,5,MISS,HIT,False
3,2025-10-22,NBA,BKN@CHA,BKN,117,CHA,136,253,228.0,5.0,5.0,CHA,BKN,117,UNDER,B,0.0,11.4,Rule1:UpsetClause,111.5,99.5,123.5,24.0,7,HIT,HIT,True
4,2025-10-22,NBA,CLE@NYK,CLE,111,NYK,119,230,229.0,2.0,2.0,CLE,NYK,119,UNDER,C,0.0,22.8,Rule4:UnderDefault,113.5,99.4,127.6,28.2,12,HIT,HIT,True
5,2025-10-22,NBA,DET@CHI,DET,111,CHI,115,226,236.5,-2.5,2.5,DET,CHI,115,UNDER,C,0.0,40.1,Rule4:UnderDefault,117.0,102.4,131.6,29.2,12,HIT,HIT,True
6,2025-10-22,NBA,LAC@UTA,LAC,108,UTA,129,237,225.0,-9.5,9.5,LAC,UTA,129,UNDER,A,0.0,49.0,Rule4:UnderDefault,107.8,93.7,121.8,28.1,5,MISS,HIT,False
7,2025-10-22,NBA,MIA@ORL,MIA,121,ORL,125,246,215.0,8.5,8.5,ORL,MIA,121,UNDER,A,0.0,4.0,Rule1:UpsetClause,103.2,90.2,116.3,26.2,5,MISS,HIT,False
8,2025-10-22,NBA,MIN@POR,MIN,118,POR,114,232,222.5,-4.5,4.5,MIN,POR,114,UNDER,B,0.0,44.5,Rule4:UnderDefault,109.0,97.5,120.5,23.0,7,HIT,HIT,True
9,2025-10-22,NBA,NOP@MEM,NOP,122,MEM,128,250,236.0,4.0,4.0,MEM,NOP,122,UNDER,B,0.0,14.7,Rule1:UpsetClause,116.0,105.0,127.0,22.0,7,HIT,HIT,True
10,2025-10-22,NBA,PHI@BOS,PHI,117,BOS,116,233,230.5,6.0,6.0,BOS,PHI,117,UNDER,A,0.0,8.6,Rule1:UpsetClause,112.2,101.5,123.0,21.4,5,HIT,HIT,True
11,2025-10-22,NBA,SAS@DAL,SAS,125,DAL,92,217,224.5,-3.0,3.0,SAS,DAL,92,UNDER,C,0.0,41.4,Rule4:UnderDefault,110.8,95.6,125.9,30.3,12,HIT,MISS,False
12,2025-10-22,NBA,TOR@ATL,TOR,138,ATL,118,256,237.0,-5.5,5.5,TOR,ATL,118,UNDER,A,0.0,46.0,Rule4:UnderDefault,115.8,105.5,126.0,20.4,5,HIT,HIT,True
13,2025-10-22,NBA,WAS@MIL,WAS,120,MIL,133,253,228.5,10.0,10.0,MIL,WAS,120,UNDER,A,0.0,2.4,Rule1:UpsetClause,109.2,94.8,123.8,29.0,5,HIT,HIT,True
14,2025-10-23,NBA,DEN@GSW,DEN,131,GSW,137,268,232.5,2.0,2.0,GSW,DEN,131,UNDER,C,0.0,22.8,Rule4:UnderDefault,115.2,101.2,129.3,28.2,12,MISS,HIT,False
15,2025-10-23,NBA,OKC@IND,OKC,141,IND,135,276,231.5,7.5,7.5,OKC,IND,135,UNDER,A,0.0,5.5,Rule1:UpsetClause,112.0,99.9,124.1,24.2,5,MISS,HIT,False
16,2025-10-24,NBA,ATL@ORL,ATL,111,ORL,107,218,235.5,6.0,6.0,ORL,ATL,111,UNDER,A,0.0,8.6,Rule1:UpsetClause,114.8,104.0,125.5,21.4,5,HIT,HIT,True
17,2025-10-24,NBA,BOS@NYK,BOS,95,NYK,105,200,231.0,3.5,3.5,NYK,BOS,95,UNDER,B,0.0,16.6,Rule4:UnderDefault,113.8,103.2,124.2,21.0,7,HIT,MISS,False
18,2025-10-24,NBA,CLE@BKN,CLE,131,BKN,124,255,231.0,11.5,11.5,CLE,BKN,124,UNDER,A,0.0,1.5,Rule1:UpsetClause,109.8,93.8,125.7,31.8,5,HIT,HIT,True
19,2025-10-24,NBA,DET@HOU,DET,115,HOU,111,226,226.5,-6.5,6.5,DET,HOU,111,UNDER,A,0.0,47.1,Rule4:UnderDefault,110.0,98.8,121.2,22.3,5,HIT,HIT,True
20,2025-10-24,NBA,GSW@POR,GSW,119,POR,139,258,227.5,-2.5,2.5,GSW,POR,139,UNDER,C,0.0,40.1,Rule4:UnderDefault,112.5,97.9,127.1,29.2,12,MISS,HIT,False
21,2025-10-24,NBA,MIA@MEM,MIA,146,MEM,114,260,233.0,-3.0,3.0,MIA,MEM,114,UNDER,C,0.0,41.4,Rule4:UnderDefault,115.0,99.8,130.2,30.3,12,HIT,HIT,True
22,2025-10-24,NBA,MIL@TOR,MIL,122,TOR,116,238,235.5,2.0,2.0,TOR,MIL,122,UNDER,C,0.0,22.8,Rule4:UnderDefault,116.8,102.7,130.8,28.2,12,HIT,HIT,True
23,2025-10-24,NBA,MIN@LAL,MIN,110,LAL,128,238,225.5,-1.5,1.5,MIN,LAL,128,UNDER,C,0.0,37.0,Rule4:UnderDefault,112.0,98.4,125.6,27.2,12,MISS,HIT,False
24,2025-10-24,NBA,SAS@NOP,SAS,120,NOP,116,236,233.5,-4.0,4.0,SAS,NOP,116,UNDER,B,0.0,43.6,Rule4:UnderDefault,114.8,103.8,125.8,22.0,7,HIT,HIT,True
25,2025-10-24,NBA,UTA@SAC,UTA,104,SAC,105,209,234.5,-6.0,6.0,UTA,SAC,105,UNDER,A,0.0,46.6,Rule4:UnderDefault,114.2,103.5,125.0,21.4,5,HIT,HIT,True
26,2025-10-24,NBA,WAS@DAL,WAS,117,DAL,107,224,228.5,-9.5,9.5,WAS,DAL,107,UNDER,A,0.0,49.0,Rule4:UnderDefault,109.5,95.5,123.5,28.1,5,HIT,HIT,True
27,2025-10-25,NBA,CHA@PHI,CHA,121,PHI,125,246,236.0,5.0,5.0,PHI,CHA,121,UNDER,B,0.0,11.4,Rule1:UpsetClause,115.5,103.5,127.5,24.0,7,HIT,HIT,True
28,2025-10-25,NBA,CHI@ORL,CHI,110,ORL,98,208,232.5,6.0,6.0,ORL,CHI,110,UNDER,A,0.0,8.6,Rule1:UpsetClause,113.2,102.5,124.0,21.4,5,HIT,HIT,True
29,2025-10-25,NBA,IND@MEM,IND,103,MEM,128,231,240.5,2.0,2.0,MEM,IND,103,UNDER,C,0.0,22.8,Rule4:UnderDefault,119.2,105.2,133.3,28.2,12,HIT,MISS,False
30,2025-10-25,NBA,OKC@ATL,OKC,117,ATL,100,217,236.5,8.5,8.5,OKC,ATL,100,UNDER,A,0.0,4.0,Rule1:UpsetClause,114.0,100.9,127.1,26.2,5,HIT,MISS,False
31,2025-10-25,NBA,PHX@DEN,PHX,111,DEN,133,244,234.0,13.0,13.0,DEN,PHX,111,UNDER,A,0.0,0.9,Rule2:StructuralOutlier,110.5,93.2,127.8,34.7,5,HIT,HIT,True
32,2025-10-26,NBA,BKN@SAS,BKN,107,SAS,118,225,227.5,10.5,10.5,SAS,BKN,107,UNDER,A,0.0,2.1,Rule1:UpsetClause,108.5,93.5,123.5,29.9,5,HIT,HIT,True
33,2025-10-26,NBA,BOS@DET,BOS,113,DET,119,232,227.0,2.5,2.5,DET,BOS,113,UNDER,C,0.0,20.7,Rule4:UnderDefault,112.2,97.6,126.9,29.2,12,HIT,HIT,True
34,2025-10-26,NBA,CHA@WAS,CHA,139,WAS,113,252,240.0,1.5,1.5,WAS,CHA,139,UNDER,C,0.0,25.0,Rule4:UnderDefault,119.2,105.7,132.8,27.1,12,MISS,HIT,False
35,2025-10-26,NBA,IND@MIN,IND,110,MIN,114,224,228.5,12.0,12.0,MIN,IND,110,UNDER,A,0.0,1.2,Rule1:UpsetClause,108.2,91.8,124.7,32.8,5,HIT,HIT,True
36,2025-10-26,NBA,LAL@SAC,LAL,127,SAC,120,247,225.0,3.5,3.5,SAC,LAL,127,UNDER,B,0.0,16.6,Rule4:UnderDefault,110.8,100.2,121.2,21.0,7,MISS,HIT,False
37,2025-10-26,NBA,MIL@CLE,MIL,113,CLE,118,231,234.0,6.5,6.5,CLE,MIL,113,UNDER,A,0.0,7.4,Rule1:UpsetClause,113.8,102.6,124.9,22.3,5,HIT,HIT,True
38,2025-10-26,NBA,NYK@MIA,NYK,107,MIA,115,222,230.5,3.0,3.0,NYK,MIA,115,UNDER,C,0.0,18.6,Rule4:UnderDefault,113.8,98.6,128.9,30.3,12,HIT,HIT,True
39,2025-10-26,NBA,POR@LAC,POR,107,LAC,114,221,224.0,8.0,8.0,LAC,POR,107,UNDER,A,0.0,4.7,Rule1:UpsetClause,108.0,95.4,120.6,25.2,5,HIT,HIT,True
40,2025-10-26,NBA,TOR@DAL,TOR,129,DAL,139,268,231.5,1.0,1.0,TOR,DAL,139,UNDER,C,0.0,27.2,Rule4:UnderDefault,115.2,102.2,128.3,26.1,12,MISS,HIT,False
41,2025-10-27,NBA,ATL@CHI,ATL,123,CHI,128,251,244.5,2.5,2.5,CHI,ATL,123,UNDER,C,-43.83,20.7,Rule4:UnderExecution,121.0,106.4,135.6,29.2,12,HIT,HIT,True
42,2025-10-27,NBA,BKN@HOU,BKN,109,HOU,137,246,224.5,16.0,16.0,HOU,BKN,109,OVER,A,76.92,0.3,Rule2:StructuralOutlier,104.2,84.0,124.5,40.4,5,HIT,HIT,True
43,2025-10-27,NBA,BOS@NOP,BOS,122,NOP,90,212,231.5,4.5,4.5,BOS,NOP,90,UNDER,B,-23.5,13.0,Rule1:UpsetClause,113.5,102.0,125.0,23.0,7,HIT,MISS,False
44,2025-10-27,NBA,CLE@DET,CLE,116,DET,95,211,231.0,2.0,2.0,CLE,DET,95,OVER,C,21.0,22.8,Rule3:OverExecution,114.5,100.4,128.6,28.2,12,MISS,HIT,False
45,2025-10-27,NBA,DEN@MIN,DEN,127,MIN,114,241,229.5,6.5,6.5,MIN,DEN,127,OVER,A,8.75,7.4,Rule1:UpsetClause,111.5,100.3,122.7,22.3,5,HIT,MISS,False
46,2025-10-27,NBA,MEM@GSW,MEM,118,GSW,131,249,240.5,8.0,8.0,GSW,MEM,118,OVER,A,144.25,4.7,Rule1:UpsetClause,116.2,103.7,128.8,25.2,5,HIT,HIT,True
47,2025-10-27,NBA,OKC@DAL,OKC,101,DAL,94,195,226.5,8.5,8.5,DAL,OKC,101,OVER,A,72.5,4.0,Rule1:UpsetClause,109.0,95.9,122.1,26.2,5,HIT,HIT,True
48,2025-10-27,NBA,ORL@PHI,ORL,124,PHI,136,260,227.0,6.5,6.5,ORL,PHI,136,UNDER,A,-47.25,7.4,Rule1:UpsetClause,110.2,99.1,121.4,22.3,5,MISS,HIT,False
49,2025-10-27,NBA,PHX@UTA,PHX,134,UTA,138,272,229.5,2.0,2.0,UTA,PHX,134,UNDER,C,0.0,22.8,Rule4:UnderDefault,113.8,99.7,127.8,28.2,12,MISS,HIT,False
50,2025-10-27,NBA,POR@LAL,POR,122,LAL,108,230,228.0,3.0,3.0,LAL,POR,122,OVER,C,122.83,18.6,Rule3:OverExecution,112.5,97.3,127.7,30.3,12,HIT,HIT,True
51,2025-10-27,NBA,TOR@SAS,TOR,103,SAS,121,224,232.5,4.5,4.5,SAS,TOR,103,OVER,B,69.67,13.0,Rule1:UpsetClause,114.0,102.5,125.5,23.0,7,HIT,HIT,True
52,2025-10-28,NBA,CHA@MIA,CHA,117,MIA,144,261,239.5,4.5,4.5,MIA,CHA,117,OVER,B,96.5,13.0,Rule1:UpsetClause,117.5,106.0,129.0,23.0,7,HIT,HIT,True
53,2025-10-28,NBA,LAC@GSW,LAC,79,GSW,98,177,224.0,1.5,1.5,GSW,LAC,79,OVER,C,99.38,25.0,Rule3:OverExecution,111.2,97.7,124.8,27.2,12,MISS,HIT,False
54,2025-10-28,NBA,NYK@MIL,NYK,111,MIL,121,232,229.5,2.0,2.0,NYK,MIL,121,UNDER,C,-14.5,22.8,Rule4:UnderExecution,113.8,99.7,127.8,28.2,12,HIT,HIT,True
55,2025-10-28,NBA,PHI@WAS,PHI,139,WAS,134,273,239.5,4.5,4.5,PHI,WAS,134,OVER,B,77.5,13.0,Rule1:UpsetClause,117.5,106.0,129.0,23.0,7,HIT,MISS,False
56,2025-10-28,NBA,SAC@OKC,SAC,101,OKC,107,208,227.5,9.0,9.0,OKC,SAC,101,OVER,A,53.62,3.4,Rule1:UpsetClause,109.2,95.7,122.8,27.1,5,HIT,HIT,True
57,2025-10-29,NBA,ATL@BKN,ATL,117,BKN,112,229,238.5,8.5,8.5,ATL,BKN,112,OVER,A,71.12,4.0,Rule1:UpsetClause,115.0,101.9,128.1,26.1,5,HIT,HIT,True
58,2025-10-29,NBA,CLE@BOS,CLE,105,BOS,125,230,233.5,3.5,3.5,CLE,BOS,125,UNDER,B,-27.62,16.6,Rule4:UnderExecution,115.0,104.5,125.5,21.0,7,HIT,HIT,True
59,2025-10-29,NBA,HOU@TOR,HOU,139,TOR,121,260,233.5,5.5,5.5,HOU,TOR,121,OVER,A,81.12,9.9,Rule1:UpsetClause,114.0,103.8,124.2,20.4,5,HIT,HIT,True
60,2025-10-29,NBA,IND@DAL,IND,105,DAL,107,212,229.5,-6.0,6.0,IND,DAL,107,OVER,A,29.42,46.6,Rule3:OverExecution,111.8,101.0,122.5,21.4,5,HIT,HIT,True
61,2025-10-29,NBA,LAL@MIN,LAL,116,MIN,115,231,224.5,-7.5,7.5,LAL,MIN,115,OVER,A,49.5,47.9,Rule3:OverExecution,108.5,96.4,120.6,24.2,5,HIT,HIT,True
62,2025-10-29,NBA,MEM@PHX,MEM,114,PHX,113,227,242.0,-2.0,2.0,MEM,PHX,113,OVER,C,30.0,38.6,Rule3:OverExecution,120.0,105.9,134.1,28.2,12,HIT,HIT,True
63,2025-10-29,NBA,NOP@DEN,NOP,88,DEN,122,210,238.0,11.5,11.5,DEN,NOP,88,OVER,A,26.92,1.5,Rule1:UpsetClause,113.2,97.3,129.2,31.9,5,MISS,HIT,False
64,2025-10-29,NBA,ORL@DET,ORL,116,DET,135,251,227.5,2.0,2.0,ORL,DET,135,UNDER,C,-21.12,22.8,Rule4:UnderExecution,112.8,98.7,126.8,28.2,12,MISS,HIT,False
65,2025-10-29,NBA,POR@UTA,POR,136,UTA,134,270,235.0,-3.0,3.0,POR,UTA,134,OVER,C,58.25,41.4,Rule3:OverExecution,116.0,100.8,131.2,30.3,12,HIT,MISS,False
66,2025-10-29,NBA,SAC@CHI,SAC,113,CHI,126,239,238.0,4.5,4.5,CHI,SAC,113,UNDER,B,-51.5,13.0,Rule1:UpsetClause,116.8,105.2,128.2,23.0,7,HIT,HIT,True
67,2025-10-30,NBA,GSW@MIL,GSW,110,MIL,120,230,228.5,7.5,7.5,GSW,MIL,120,OVER,A,76.01,5.5,Rule1:UpsetClause,110.5,98.4,122.6,24.2,5,HIT,HIT,True
68,2025-10-30,NBA,MIA@SAS,MIA,101,SAS,107,208,228.0,5.5,5.5,SAS,MIA,101,OVER,A,58.75,9.9,Rule1:UpsetClause,111.2,101.0,121.5,20.4,5,MISS,HIT,False
69,2025-10-30,NBA,ORL@CHA,ORL,123,CHA,107,230,239.5,3.5,3.5,ORL,CHA,107,OVER,B,106.68,16.6,Rule3:OverExecution,118.0,107.5,128.5,21.0,7,MISS,HIT,False
70,2025-10-30,NBA,WAS@OKC,WAS,108,OKC,127,235,231.0,15.5,15.5,OKC,WAS,108,OVER,A,64.2,0.4,Rule2:StructuralOutlier,107.8,88.0,127.5,39.4,5,HIT,HIT,True
71,2025-10-31,NBA,ATL@IND,ATL,128,IND,108,236,232.5,2.0,2.0,ATL,IND,108,OVER,C,11.32,22.8,Rule3:OverExecution,115.2,101.2,129.3,28.2,12,HIT,HIT,True
72,2025-10-31,NBA,BOS@PHI,BOS,109,PHI,108,217,233.5,2.0,2.0,BOS,PHI,108,OVER,C,31.35,22.8,Rule3:OverExecution,115.8,101.7,129.8,28.2,12,HIT,HIT,True
73,2025-10-31,NBA,DEN@POR,DEN,107,POR,109,216,240.0,-5.5,5.5,DEN,POR,109,OVER,A,116.15,46.0,Rule3:OverExecution,117.2,107.0,127.5,20.4,5,HIT,HIT,True
74,2025-10-31,NBA,LAL@MEM,LAL,117,MEM,112,229,238.5,2.0,2.0,MEM,LAL,117,OVER,C,100.27,22.8,Rule3:OverExecution,118.2,104.2,132.3,28.2,12,HIT,HIT,True
75,2025-10-31,NBA,NOP@LAC,NOP,124,LAC,126,250,223.5,-11.0,11.0,NOP,LAC,126,UNDER,A,-61.25,49.4,Rule4:UnderExecution,106.2,90.8,121.7,30.9,5,MISS,HIT,False
76,2025-10-31,NBA,NYK@CHI,NYK,125,CHI,135,260,233.5,5.0,5.0,NYK,CHI,135,UNDER,B,-92.21,11.4,Rule1:UpsetClause,114.2,102.2,126.2,24.0,7,MISS,HIT,False
77,2025-10-31,NBA,TOR@CLE,TOR,112,CLE,101,213,237.0,4.5,4.5,CLE,TOR,112,OVER,B,33.7,13.0,Rule1:UpsetClause,116.2,104.8,127.8,23.0,7,HIT,HIT,True
78,2025-10-31,NBA,UTA@PHX,UTA,96,PHX,118,214,237.5,3.0,3.0,PHX,UTA,96,OVER,C,85.5,18.6,Rule3:OverExecution,117.2,102.1,132.4,30.3,12,MISS,HIT,False
79,2025-11-01,NBA,DAL@DET,DAL,110,DET,122,232,227.5,7.5,7.5,DET,DAL,110,UNDER,A,-28.6,5.5,Rule1:UpsetClause,110.0,97.9,122.1,24.2,5,HIT,HIT,True
80,2025-11-01,NBA,GSW@IND,GSW,109,IND,114,223,230.0,11.0,11.0,GSW,IND,114,OVER,A,37.33,1.7,Rule1:UpsetClause,109.5,94.0,125.0,30.9,5,HIT,HIT,True
81,2025-11-01,NBA,HOU@BOS,HOU,128,BOS,101,229,226.5,4.5,4.5,BOS,HOU,128,OVER,B,5.81,13.0,Rule1:UpsetClause,111.0,99.5,122.5,23.0,7,HIT,MISS,False
82,2025-11-01,NBA,MIN@CHA,MIN,122,CHA,105,227,235.5,4.5,4.5,MIN,CHA,105,OVER,B,62.32,13.0,Rule1:UpsetClause,115.5,104.0,127.0,23.0,7,HIT,HIT,True
83,2025-11-01,NBA,ORL@WAS,ORL,125,WAS,94,219,233.5,9.0,9.0,ORL,WAS,94,OVER,A,88.24,3.4,Rule1:UpsetClause,112.2,98.7,125.8,27.1,5,MISS,HIT,False
84,2025-11-01,NBA,SAC@MIL,SAC,135,MIL,133,268,233.0,6.5,6.5,MIL,SAC,135,UNDER,A,-35.12,7.4,Rule1:UpsetClause,113.2,102.1,124.4,22.3,5,MISS,HIT,False
85,2025-11-02,NBA,ATL@CLE,ATL,109,CLE,117,226,231.0,6.5,6.5,CLE,ATL,109,UNDER,A,-72.15,7.4,Rule1:UpsetClause,112.2,101.1,123.4,22.3,5,HIT,HIT,True
86,2025-11-02,NBA,CHI@NYK,CHI,116,NYK,128,244,235.5,7.5,7.5,NYK,CHI,116,UNDER,A,-6.72,5.5,Rule1:UpsetClause,114.0,101.9,126.1,24.2,5,HIT,HIT,True
87,2025-11-02,NBA,MEM@TOR,MEM,104,TOR,117,221,238.5,4.5,4.5,TOR,MEM,104,OVER,B,71.81,13.0,Rule1:UpsetClause,117.0,105.5,128.5,23.0,7,MISS,HIT,False
88,2025-11-02,NBA,MIA@LAL,MIA,120,LAL,130,250,232.0,5.0,5.0,LAL,MIA,120,OVER,B,63.73,11.4,Rule1:UpsetClause,113.5,101.5,125.5,24.0,7,HIT,HIT,True
89,2025-11-02,NBA,NOP@OKC,NOP,106,OKC,137,243,228.5,13.0,13.0,OKC,NOP,106,UNDER,A,-43.68,0.9,Rule2:StructuralOutlier,107.8,90.4,125.1,34.7,5,HIT,HIT,True
90,2025-11-02,NBA,PHI@BKN,PHI,129,BKN,105,234,233.0,4.5,4.5,PHI,BKN,105,OVER,B,97.6,13.0,Rule1:UpsetClause,114.2,102.8,125.8,23.0,7,HIT,HIT,True
91,2025-11-02,NBA,SAS@PHX,SAS,118,PHX,130,248,227.5,5.0,5.0,SAS,PHX,130,OVER,B,16.07,11.4,Rule1:UpsetClause,111.2,99.2,123.2,24.0,7,HIT,MISS,False
92,2025-11-02,NBA,UTA@CHA,UTA,103,CHA,126,229,233.0,1.5,1.5,UTA,CHA,126,OVER,C,52.82,25.0,Rule3:OverExecution,115.8,102.2,129.3,27.1,12,HIT,HIT,True
93,2025-11-03,NBA,DAL@HOU,DAL,102,HOU,110,212,225.5,12.5,12.5,HOU,DAL,102,OVER,A,27.8,1.0,Rule2:StructuralOutlier,106.5,89.6,123.4,33.8,5,HIT,HIT,True
94,2025-11-03,NBA,DET@MEM,DET,114,MEM,106,220,236.0,4.0,4.0,MEM,DET,114,UNDER,B,-10.95,14.7,Rule1:UpsetClause,116.0,105.0,127.0,22.0,7,HIT,HIT,True
95,2025-11-03,NBA,LAL@POR,LAL,123,POR,115,238,228.0,9.5,9.5,POR,LAL,123,OVER,A,81.87,2.9,Rule1:UpsetClause,109.2,95.2,123.3,28.1,5,HIT,HIT,True
96,2025-11-03,NBA,MIA@LAC,MIA,120,LAC,119,239,227.0,7.5,7.5,LAC,MIA,120,OVER,A,39.09,5.5,Rule1:UpsetClause,109.8,97.6,121.9,24.2,5,HIT,HIT,True
97,2025-11-03,NBA,MIL@IND,MIL,117,IND,115,232,235.0,6.0,6.0,MIL,IND,115,OVER,A,19.93,8.6,Rule1:UpsetClause,114.5,103.8,125.2,21.4,5,HIT,HIT,True
98,2025-11-03,NBA,MIN@BKN,MIN,125,BKN,109,234,226.0,9.5,9.5,MIN,BKN,109,OVER,A,47.27,2.9,Rule1:UpsetClause,108.2,94.2,122.3,28.1,5,HIT,HIT,True
99,2025-11-03,NBA,SAC@DEN,SAC,124,DEN,130,254,237.0,11.5,11.5,DEN,SAC,124,UNDER,A,-3.57,1.5,Rule1:UpsetClause,112.8,96.8,128.7,31.9,5,HIT,HIT,True
100,2025-11-03,NBA,UTA@BOS,UTA,105,BOS,103,208,233.0,10.5,10.5,BOS,UTA,105,UNDER,A,-2.96,2.1,Rule1:UpsetClause,111.2,96.3,126.2,29.9,5,HIT,HIT,True
101,2025-11-03,NBA,WAS@NYK,WAS,102,NYK,119,221,234.0,13.0,13.0,NYK,WAS,102,OVER,A,19.11,0.9,Rule2:StructuralOutlier,110.5,93.2,127.8,34.7,5,HIT,HIT,True
102,2025-11-04,NBA,CHA@NOP,CHA,112,NOP,116,228,229.5,2.5,2.5,NOP,CHA,112,OVER,C,25.96,20.7,Rule3:OverExecution,113.5,98.9,128.1,29.2,12,HIT,HIT,True
103,2025-11-04,NBA,MIL@TOR,MIL,100,TOR,128,228,237.5,2.0,2.0,TOR,MIL,100,OVER,C,88.42,22.8,Rule3:OverExecution,117.8,103.7,131.8,28.2,12,MISS,HIT,False
104,2025-11-04,NBA,ORL@ATL,ORL,112,ATL,127,239,240.0,3.5,3.5,ORL,ATL,127,UNDER,B,-32.48,16.6,Rule4:UnderExecution,118.2,107.8,128.8,21.0,7,HIT,HIT,True
105,2025-11-05,NBA,BKN@IND,BKN,112,IND,103,215,232.5,6.5,6.5,IND,BKN,112,OVER,A,31.79,7.4,Rule1:UpsetClause,113.0,101.8,124.2,22.3,5,HIT,HIT,True
106,2025-11-05,NBA,GSW@SAC,GSW,116,SAC,121,237,226.0,3.0,3.0,SAC,GSW,116,OVER,C,24.92,18.6,Rule3:OverExecution,111.5,96.3,126.7,30.3,12,HIT,HIT,True
107,2025-11-05,NBA,HOU@MEM,HOU,124,MEM,109,233,232.5,7.5,7.5,MEM,HOU,124,OVER,A,45.85,5.5,Rule1:UpsetClause,112.5,100.4,124.6,24.2,5,HIT,HIT,True
108,2025-11-05,NBA,MIA@DEN,MIA,112,DEN,122,234,241.5,9.0,9.0,DEN,MIA,112,OVER,A,52.14,3.4,Rule1:UpsetClause,116.2,102.7,129.8,27.1,5,HIT,HIT,True
109,2025-11-05,NBA,MIN@NYK,MIN,114,NYK,137,251,229.0,3.5,3.5,NYK,MIN,114,UNDER,B,-2.63,16.6,Rule4:UnderExecution,112.8,102.2,123.2,21.0,7,HIT,HIT,True
110,2025-11-05,NBA,NOP@DAL,NOP,101,DAL,99,200,226.0,-8.5,8.5,NOP,DAL,99,UNDER,A,-28.17,48.5,Rule4:UnderExecution,108.8,95.7,121.8,26.2,5,HIT,HIT,True
111,2025-11-05,NBA,OKC@POR,OKC,119,POR,121,240,232.0,-3.5,3.5,OKC,POR,121,OVER,B,71.25,42.6,Rule3:OverExecution,114.2,103.8,124.8,21.0,7,HIT,HIT,True
112,2025-11-05,NBA,PHI@CLE,PHI,121,CLE,132,253,234.0,12.0,12.0,CLE,PHI,121,OVER,A,25.69,1.2,Rule1:UpsetClause,111.0,94.6,127.4,32.8,5,HIT,HIT,True
113,2025-11-05,NBA,SAS@LAL,SAS,116,LAL,118,234,227.5,-2.0,2.0,SAS,LAL,118,OVER,C,74.7,38.6,Rule3:OverExecution,112.8,98.7,126.8,28.2,12,HIT,HIT,True
114,2025-11-05,NBA,UTA@DET,UTA,103,DET,114,217,233.5,10.0,10.0,DET,UTA,103,OVER,A,19.19,2.4,Rule1:UpsetClause,111.8,97.2,126.2,29.0,5,HIT,HIT,True
115,2025-11-05,NBA,WAS@BOS,WAS,107,BOS,136,243,232.5,13.0,13.0,BOS,WAS,107,UNDER,A,-53.53,0.9,Rule2:StructuralOutlier,109.8,92.4,127.1,34.7,5,HIT,HIT,True
116,2025-11-06,NBA,LAC@PHX,LAC,102,PHX,115,217,224.5,2.5,2.5,PHX,LAC,102,OVER,C,21.0,20.7,Rule3:OverExecution,111.0,96.4,125.6,29.2,12,HIT,HIT,True
117,2025-11-07,NBA,BOS@ORL,BOS,110,ORL,123,233,226.5,3.5,3.5,ORL,BOS,110,UNDER,B,-33.23,16.6,Rule4:UnderExecution,111.5,101.0,122.0,21.0,7,HIT,HIT,True
118,2025-11-07,NBA,CHA@MIA,CHA,108,MIA,126,234,235.0,7.0,7.0,MIA,CHA,108,OVER,A,33.82,6.4,Rule1:UpsetClause,114.0,102.3,125.7,23.3,5,HIT,HIT,True
119,2025-11-07,NBA,CHI@MIL,CHI,110,MIL,126,236,240.0,4.5,4.5,MIL,CHI,110,OVER,B,85.74,13.0,Rule1:UpsetClause,117.8,106.2,129.2,23.0,7,HIT,HIT,True
120,2025-11-07,NBA,CLE@WAS,CLE,148,WAS,115,263,240.5,13.5,13.5,CLE,WAS,115,UNDER,A,-4.23,0.7,Rule2:StructuralOutlier,113.5,95.7,131.3,35.6,5,HIT,HIT,True
121,2025-11-07,NBA,DAL@MEM,DAL,104,MEM,118,222,233.0,4.0,4.0,MEM,DAL,104,UNDER,B,-101.11,14.7,Rule1:UpsetClause,114.5,103.5,125.5,22.0,7,HIT,HIT,True
122,2025-11-07,NBA,DET@BKN,DET,125,BKN,107,232,227.5,10.5,10.5,BKN,DET,125,UNDER,A,-1.39,2.1,Rule1:UpsetClause,108.5,93.5,123.5,29.9,5,MISS,HIT,False
123,2025-11-07,NBA,GSW@DEN,GSW,104,DEN,129,233,230.0,9.5,9.5,DEN,GSW,104,UNDER,A,-16.31,2.9,Rule1:UpsetClause,110.2,96.2,124.3,28.1,5,HIT,HIT,True
124,2025-11-07,NBA,HOU@SAS,HOU,110,SAS,121,231,225.0,4.0,4.0,HOU,SAS,121,OVER,B,66.4,14.7,Rule1:UpsetClause,110.5,99.5,121.5,22.0,7,HIT,HIT,True
125,2025-11-07,NBA,OKC@SAC,OKC,132,SAC,101,233,229.5,11.5,11.5,SAC,OKC,132,OVER,A,19.19,1.5,Rule1:UpsetClause,109.0,93.1,124.9,31.8,5,HIT,MISS,False
126,2025-11-07,NBA,TOR@ATL,TOR,109,ATL,97,206,235.5,2.5,2.5,ATL,TOR,109,UNDER,C,-25.02,20.7,Rule4:UnderExecution,116.5,101.9,131.1,29.2,12,HIT,HIT,True
127,2025-11-07,NBA,UTA@MIN,UTA,97,MIN,137,234,233.5,12.5,12.5,MIN,UTA,97,OVER,A,9.4,1.0,Rule2:StructuralOutlier,110.5,93.6,127.4,33.8,5,HIT,HIT,True
128,2025-11-08,NBA,CHI@CLE,CHI,122,CLE,128,250,239.0,8.5,8.5,CLE,CHI,122,OVER,A,20.19,4.0,Rule1:UpsetClause,115.2,102.2,128.3,26.1,5,HIT,HIT,True
129,2025-11-08,NBA,DAL@WAS,DAL,111,WAS,105,216,234.0,4.5,4.5,DAL,WAS,105,UNDER,B,-5.09,13.0,Rule1:UpsetClause,114.8,103.2,126.2,23.0,7,HIT,HIT,True
130,2025-11-08,NBA,IND@DEN,IND,100,DEN,117,217,235.0,9.0,9.0,DEN,IND,100,UNDER,A,-23.91,3.4,Rule1:UpsetClause,113.0,99.5,126.5,27.1,5,HIT,HIT,True
131,2025-11-08,NBA,LAL@ATL,LAL,102,ATL,122,224,228.5,-5.0,5.0,LAL,ATL,122,UNDER,B,-8.75,45.3,Rule4:UnderExecution,111.8,99.8,123.8,24.0,7,HIT,HIT,True
132,2025-11-08,NBA,NOP@SAS,NOP,119,SAS,126,245,223.5,-11.0,11.0,NOP,SAS,126,UNDER,A,-22.68,49.4,Rule4:UnderExecution,106.2,90.8,121.7,30.9,5,MISS,HIT,False
133,2025-11-08,NBA,PHX@LAC,PHX,114,LAC,103,217,226.0,-4.5,4.5,PHX,LAC,103,UNDER,B,-31.43,44.5,Rule4:UnderExecution,110.8,99.2,122.2,23.0,7,HIT,HIT,True
134,2025-11-08,NBA,POR@MIA,POR,131,MIA,136,267,242.0,3.5,3.5,POR,MIA,136,OVER,B,52.29,16.6,Rule3:OverExecution,119.2,108.8,129.8,21.0,7,HIT,MISS,False
135,2025-11-08,NBA,TOR@PHI,TOR,120,PHI,130,250,237.0,5.0,5.0,PHI,TOR,120,OVER,B,54.96,11.4,Rule1:UpsetClause,116.0,104.0,128.0,24.0,7,HIT,HIT,True
136,2025-11-09,NBA,BKN@NYK,BKN,98,NYK,134,232,227.0,15.5,15.5,NYK,BKN,98,OVER,A,34.55,0.4,Rule2:StructuralOutlier,105.8,86.0,125.5,39.4,5,HIT,HIT,True
137,2025-11-09,NBA,BOS@ORL,BOS,111,ORL,107,218,228.0,4.0,4.0,ORL,BOS,111,UNDER,B,-28.17,14.7,Rule1:UpsetClause,112.0,101.0,123.0,22.0,7,HIT,HIT,True
138,2025-11-09,NBA,DET@PHI,DET,111,PHI,108,219,234.0,-4.5,4.5,DET,PHI,108,OVER,B,60.51,44.5,Rule3:OverExecution,114.8,103.2,126.2,23.0,7,HIT,HIT,True
139,2025-11-09,NBA,HOU@MIL,HOU,122,MIL,115,237,232.0,4.0,4.0,HOU,MIL,115,OVER,B,69.66,14.7,Rule1:UpsetClause,114.0,103.0,125.0,22.0,7,HIT,HIT,True
140,2025-11-09,NBA,IND@GSW,IND,83,GSW,114,197,221.5,13.0,13.0,GSW,IND,83,UNDER,A,-38.26,0.9,Rule2:StructuralOutlier,104.2,86.9,121.6,34.7,5,HIT,MISS,False
141,2025-11-09,NBA,MIN@SAC,MIN,144,SAC,117,261,238.0,4.5,4.5,SAC,MIN,144,OVER,B,34.64,13.0,Rule1:UpsetClause,116.8,105.2,128.2,23.0,7,HIT,MISS,False
142,2025-11-09,NBA,OKC@MEM,OKC,114,MEM,100,214,230.5,10.5,10.5,OKC,MEM,100,UNDER,A,-8.27,2.1,Rule1:UpsetClause,110.0,95.0,125.0,29.9,5,HIT,HIT,True
143,2025-11-10,NBA,ATL@LAC,ATL,105,LAC,102,207,221.0,-4.5,4.5,ATL,LAC,102,UNDER,B,-96.65,44.5,Rule4:UnderExecution,108.2,96.8,119.8,23.0,7,HIT,HIT,True
144,2025-11-10,NBA,CLE@MIA,CLE,138,MIA,140,278,248.0,7.5,7.5,CLE,MIA,140,OVER,A,70.51,5.5,Rule1:UpsetClause,120.2,108.1,132.4,24.2,5,HIT,MISS,False
145,2025-11-10,NBA,LAL@CHA,LAL,121,CHA,111,232,230.0,8.5,8.5,LAL,CHA,111,UNDER,A,-0.2,4.0,Rule1:UpsetClause,110.8,97.7,123.8,26.2,5,HIT,HIT,True
146,2025-11-10,NBA,MIL@DAL,MIL,116,DAL,114,230,229.5,-3.5,3.5,MIL,DAL,114,UNDER,B,-13.01,42.6,Rule4:UnderExecution,113.0,102.5,123.5,21.0,7,HIT,HIT,True
147,2025-11-10,NBA,MIN@UTA,MIN,120,UTA,113,233,234.5,-7.5,7.5,MIN,UTA,113,OVER,A,5.53,47.9,Rule3:OverExecution,113.5,101.4,125.6,24.2,5,HIT,HIT,True
148,2025-11-10,NBA,NOP@PHX,NOP,98,PHX,121,219,227.0,8.5,8.5,PHX,NOP,98,UNDER,A,-36.91,4.0,Rule1:UpsetClause,109.2,96.2,122.3,26.2,5,HIT,HIT,True
149,2025-11-10,NBA,POR@ORL,POR,112,ORL,115,227,235.0,2.0,2.0,ORL,POR,112,OVER,C,56.74,22.8,Rule3:OverExecution,116.5,102.4,130.6,28.2,12,HIT,HIT,True
150,2025-11-10,NBA,SAS@CHI,SAS,121,CHI,117,238,236.0,-5.0,5.0,SAS,CHI,117,OVER,B,47.98,45.3,Rule3:OverExecution,115.5,103.5,127.5,24.0,7,HIT,HIT,True
151,2025-11-10,NBA,WAS@DET,WAS,135,DET,137,272,236.0,11.0,11.0,DET,WAS,135,UNDER,A,-27.43,1.7,Rule1:UpsetClause,112.5,97.0,128.0,30.9,5,MISS,HIT,False
152,2025-11-11,NBA,BOS@PHI,BOS,100,PHI,102,202,231.5,1.5,1.5,BOS,PHI,102,OVER,C,7.01,25.0,Rule3:OverExecution,115.0,101.4,128.6,27.1,12,HIT,HIT,True
153,2025-11-11,NBA,DEN@SAC,DEN,122,SAC,108,230,244.0,8.0,8.0,SAC,DEN,122,OVER,A,14.79,4.7,Rule1:UpsetClause,118.0,105.4,130.6,25.2,5,HIT,HIT,True
154,2025-11-11,NBA,GSW@OKC,GSW,102,OKC,126,228,227.5,8.5,8.5,OKC,GSW,102,OVER,A,20.28,4.0,Rule1:UpsetClause,109.5,96.4,122.6,26.2,5,HIT,HIT,True
155,2025-11-11,NBA,IND@UTA,IND,128,UTA,152,280,233.0,2.0,2.0,UTA,IND,128,UNDER,C,-87.62,22.8,Rule4:UnderExecution,115.5,101.4,129.6,28.2,12,HIT,HIT,True
156,2025-11-11,NBA,MEM@NYK,MEM,120,NYK,133,253,233.5,10.0,10.0,NYK,MEM,120,UNDER,A,-26.17,2.4,Rule1:UpsetClause,111.8,97.2,126.2,29.0,5,HIT,HIT,True
157,2025-11-11,NBA,TOR@BKN,TOR,119,BKN,109,228,232.0,9.5,9.5,TOR,BKN,109,OVER,A,30.61,2.9,Rule1:UpsetClause,111.2,97.2,125.3,28.1,5,HIT,HIT,True
158,2025-11-12,NBA,ATL@SAC,ATL,133,SAC,100,233,229.5,4.0,4.0,SAC,ATL,133,UNDER,B,-44.38,14.7,Rule1:UpsetClause,112.8,101.8,123.8,22.0,7,MISS,HIT,False
159,2025-11-12,NBA,CHI@DET,CHI,113,DET,124,237,229.5,2.5,2.5,CHI,DET,124,OVER,C,34.73,20.7,Rule3:OverExecution,113.5,98.9,128.1,29.2,12,HIT,HIT,True
160,2025-11-12,NBA,CLE@MIA,CLE,130,MIA,116,246,239.5,4.5,4.5,MIA,CLE,130,OVER,B,156.94,13.0,Rule1:UpsetClause,117.5,106.0,129.0,23.0,7,HIT,MISS,False
161,2025-11-12,NBA,DEN@LAC,DEN,130,LAC,116,246,224.0,4.5,4.5,LAC,DEN,130,OVER,B,31.67,13.0,Rule1:UpsetClause,109.8,98.2,121.2,23.0,7,HIT,MISS,False
162,2025-11-12,NBA,LAL@OKC,LAL,92,OKC,121,213,229.0,8.0,8.0,OKC,LAL,92,OVER,A,98.66,4.7,Rule1:UpsetClause,110.5,97.9,123.1,25.2,5,MISS,HIT,False
163,2025-11-12,NBA,MIL@CHA,MIL,100,CHA,111,211,228.0,2.5,2.5,MIL,CHA,111,OVER,C,34.24,20.7,Rule3:OverExecution,112.8,98.1,127.4,29.2,12,HIT,HIT,True
164,2025-11-12,NBA,ORL@NYK,ORL,124,NYK,107,231,227.5,4.0,4.0,NYK,ORL,124,OVER,B,24.91,14.7,Rule1:UpsetClause,111.8,100.8,122.8,22.0,7,HIT,MISS,False
165,2025-11-12,NBA,PHX@DAL,PHX,123,DAL,114,237,227.0,2.0,2.0,DAL,PHX,123,OVER,C,1.85,22.8,Rule3:OverExecution,112.5,98.4,126.6,28.2,12,HIT,HIT,True
166,2025-11-12,NBA,POR@NOP,POR,125,NOP,117,242,232.0,-8.0,8.0,POR,NOP,117,OVER,A,6.02,48.3,Rule3:OverExecution,112.0,99.4,124.6,25.2,5,HIT,HIT,True
167,2025-11-12,NBA,WAS@HOU,WAS,112,HOU,135,247,237.5,17.0,17.0,HOU,WAS,112,OVER,A,77.95,0.2,Rule2:StructuralOutlier,110.2,89.1,131.4,42.3,5,HIT,HIT,True
168,2025-11-13,NBA,ATL@UTA,ATL,132,UTA,122,254,234.0,1.5,1.5,ATL,UTA,122,UNDER,C,-58.51,25.0,Rule4:UnderExecution,116.2,102.7,129.8,27.1,12,HIT,HIT,True
169,2025-11-13,NBA,IND@PHX,IND,98,PHX,133,231,233.5,3.5,3.5,PHX,IND,98,UNDER,B,-15.93,16.6,Rule4:UnderExecution,115.0,104.5,125.5,21.0,7,HIT,MISS,False
170,2025-11-13,NBA,TOR@CLE,TOR,126,CLE,113,239,238.5,7.5,7.5,CLE,TOR,126,OVER,A,9.08,5.5,Rule1:UpsetClause,115.5,103.4,127.6,24.2,5,HIT,HIT,True
171,2025-11-14,NBA,BKN@ORL,BKN,98,ORL,105,203,225.0,14.5,14.5,ORL,BKN,98,OVER,A,0.37,0.5,Rule2:StructuralOutlier,105.2,86.5,124.0,37.6,5,HIT,HIT,True
172,2025-11-14,NBA,CHA@MIL,CHA,134,MIL,147,281,238.0,9.0,9.0,MIL,CHA,134,OVER,A,1.21,3.4,Rule1:UpsetClause,114.5,101.0,128.1,27.1,5,HIT,MISS,False
173,2025-11-14,NBA,GSW@SAS,GSW,109,SAS,108,217,233.5,-2.5,2.5,GSW,SAS,108,OVER,C,14.75,40.1,Rule3:OverExecution,115.5,100.9,130.1,29.2,12,HIT,HIT,True
174,2025-11-14,NBA,LAC@DAL,LAC,133,DAL,127,260,221.5,3.0,3.0,DAL,LAC,133,UNDER,C,-127.63,18.6,Rule4:UnderExecution,109.2,94.1,124.4,30.3,12,MISS,HIT,False
175,2025-11-14,NBA,LAL@NOP,LAL,118,NOP,104,222,227.0,9.5,9.5,NOP,LAL,118,OVER,A,26.29,2.9,Rule1:UpsetClause,108.8,94.7,122.8,28.1,5,HIT,HIT,True
176,2025-11-14,NBA,MIA@NYK,MIA,132,NYK,140,272,240.5,6.5,6.5,NYK,MIA,132,OVER,A,99.5,7.4,Rule1:UpsetClause,117.0,105.8,128.2,22.4,5,HIT,MISS,False
177,2025-11-14,NBA,PHI@DET,PHI,105,DET,114,219,228.0,1.0,1.0,DET,PHI,105,OVER,C,17.62,27.2,Rule3:OverExecution,113.5,100.5,126.5,26.1,12,HIT,HIT,True
178,2025-11-14,NBA,POR@HOU,POR,116,HOU,140,256,236.5,7.5,7.5,HOU,POR,116,OVER,A,97.39,5.5,Rule1:UpsetClause,114.5,102.4,126.6,24.2,5,HIT,HIT,True
179,2025-11-14,NBA,SAC@MIN,SAC,110,MIN,124,234,240.0,11.5,11.5,MIN,SAC,110,OVER,A,67.12,1.5,Rule1:UpsetClause,114.2,98.3,130.2,31.9,5,HIT,HIT,True
180,2025-11-15,NBA,DEN@MIN,DEN,123,MIN,112,235,237.0,1.0,1.0,DEN,MIN,112,OVER,C,73.92,27.2,Rule3:OverExecution,118.0,105.0,131.1,26.1,12,HIT,HIT,True
181,2025-11-15,NBA,LAL@MIL,LAL,119,MIL,95,214,229.5,-2.0,2.0,LAL,MIL,95,OVER,C,20.43,38.6,Rule3:OverExecution,113.8,99.7,127.8,28.2,12,MISS,HIT,False
182,2025-11-15,NBA,MEM@CLE,MEM,100,CLE,108,208,241.5,10.5,10.5,CLE,MEM,100,OVER,A,9.55,2.1,Rule1:UpsetClause,115.5,100.5,130.5,29.9,5,MISS,HIT,False
183,2025-11-15,NBA,OKC@CHA,OKC,109,CHA,96,205,224.0,17.0,17.0,OKC,CHA,96,OVER,A,37.89,0.2,Rule2:StructuralOutlier,103.5,82.3,124.7,42.3,5,HIT,HIT,True
184,2025-11-15,NBA,TOR@IND,TOR,129,IND,111,240,235.5,6.0,6.0,TOR,IND,111,UNDER,A,-16.29,8.6,Rule1:UpsetClause,114.8,104.0,125.5,21.4,5,HIT,HIT,True
185,2025-11-16,NBA,ATL@PHX,ATL,124,PHX,122,246,226.5,-1.5,1.5,ATL,PHX,122,OVER,C,31.39,37.0,Rule3:OverExecution,112.5,98.9,126.1,27.2,12,HIT,HIT,True
186,2025-11-16,NBA,BKN@WAS,BKN,129,WAS,106,235,232.0,3.0,3.0,WAS,BKN,129,OVER,C,24.15,18.6,Rule3:OverExecution,114.5,99.3,129.7,30.3,12,HIT,HIT,True
187,2025-11-16,NBA,CHI@UTA,CHI,147,UTA,150,297,244.5,-4.5,4.5,CHI,UTA,150,OVER,B,40.71,44.5,Rule3:OverExecution,120.0,108.5,131.5,23.0,7,HIT,MISS,False
188,2025-11-16,NBA,GSW@NOP,GSW,124,NOP,106,230,229.0,10.5,10.5,GSW,NOP,106,UNDER,A,-49.03,2.1,Rule1:UpsetClause,109.2,94.3,124.2,29.9,5,HIT,HIT,True
189,2025-11-16,NBA,LAC@BOS,LAC,118,BOS,121,239,220.0,5.0,5.0,BOS,LAC,118,UNDER,B,-63.37,11.4,Rule1:UpsetClause,107.5,95.5,119.5,24.0,7,HIT,HIT,True
190,2025-11-16,NBA,ORL@HOU,ORL,113,HOU,117,230,223.0,-7.5,7.5,ORL,HOU,117,OVER,A,54.96,47.9,Rule3:OverExecution,107.8,95.6,119.9,24.2,5,HIT,HIT,True
191,2025-11-16,NBA,POR@DAL,POR,133,DAL,138,271,237.0,-4.0,4.0,POR,DAL,138,OVER,B,42.45,43.6,Rule3:OverExecution,116.5,105.5,127.5,22.0,7,HIT,MISS,False
192,2025-11-16,NBA,SAC@SAS,SAC,110,SAS,123,233,243.5,7.0,7.0,SAS,SAC,110,OVER,A,26.86,6.4,Rule1:UpsetClause,118.2,106.6,129.9,23.3,5,HIT,HIT,True
193,2025-11-17,NBA,CHA@TOR,CHA,108,TOR,110,218,240.0,-7.5,7.5,CHA,TOR,110,OVER,A,3.92,47.9,Rule3:OverExecution,116.2,104.1,128.4,24.2,5,HIT,HIT,True
194,2025-11-17,NBA,CHI@DEN,CHI,130,DEN,127,257,241.0,-12.5,12.5,CHI,DEN,127,OVER,A,134.43,49.6,Rule2:StructuralOutlier,114.2,97.4,131.1,33.8,5,HIT,HIT,True
195,2025-11-17,NBA,DAL@MIN,DAL,96,MIN,120,216,232.0,14.0,14.0,MIN,DAL,96,OVER,A,30.3,0.6,Rule2:StructuralOutlier,109.0,90.7,127.3,36.6,5,HIT,HIT,True
196,2025-11-17,NBA,IND@DET,IND,112,DET,127,239,231.0,8.5,8.5,DET,IND,112,UNDER,A,-18.07,4.0,Rule1:UpsetClause,111.2,98.2,124.3,26.2,5,HIT,HIT,True
197,2025-11-17,NBA,LAC@PHI,LAC,108,PHI,110,218,222.0,5.5,5.5,PHI,LAC,108,OVER,A,69.45,9.9,Rule1:UpsetClause,108.2,98.0,118.5,20.4,5,HIT,HIT,True
198,2025-11-17,NBA,MIL@CLE,MIL,106,CLE,118,224,234.5,6.0,6.0,CLE,MIL,106,OVER,A,5.82,8.6,Rule1:UpsetClause,114.2,103.5,125.0,21.4,5,HIT,HIT,True
199,2025-11-17,NBA,NYK@MIA,NYK,113,MIA,115,228,244.5,1.0,1.0,MIA,NYK,113,OVER,C,140.83,27.2,Rule3:OverExecution,121.8,108.7,134.8,26.1,12,HIT,HIT,True
200,2025-11-17,NBA,OKC@NOP,OKC,126,NOP,109,235,223.0,-18.5,18.5,OKC,NOP,109,UNDER,A,-25.27,50.0,Rule2:StructuralOutlier,102.2,79.7,124.8,45.2,5,HIT,HIT,True
201,2025-11-18,NBA,BOS@BKN,BOS,113,BKN,99,212,223.0,11.0,11.0,BOS,BKN,99,UNDER,A,-25.64,1.7,Rule1:UpsetClause,106.0,90.5,121.5,30.9,5,HIT,HIT,True
202,2025-11-18,NBA,DET@ATL,DET,120,ATL,112,232,227.0,1.5,1.5,DET,ATL,112,OVER,C,22.19,25.0,Rule3:OverExecution,112.8,99.2,126.3,27.2,12,HIT,HIT,True
203,2025-11-18,NBA,GSW@ORL,GSW,113,ORL,121,234,224.0,2.5,2.5,GSW,ORL,121,UNDER,C,-24.29,20.7,Rule4:UnderExecution,110.8,96.1,125.4,29.2,12,HIT,HIT,True
204,2025-11-18,NBA,MEM@SAS,MEM,101,SAS,111,212,234.0,6.0,6.0,SAS,MEM,101,UNDER,A,-40.7,8.6,Rule1:UpsetClause,114.0,103.3,124.7,21.4,5,HIT,MISS,False
205,2025-11-18,NBA,PHX@POR,PHX,127,POR,110,237,235.5,2.0,2.0,POR,PHX,127,OVER,C,148.75,22.8,Rule3:OverExecution,116.8,102.7,130.8,28.2,12,HIT,HIT,True
206,2025-11-18,NBA,UTA@LAL,UTA,126,LAL,140,266,240.0,13.0,13.0,LAL,UTA,126,OVER,A,51.84,0.9,Rule2:StructuralOutlier,113.5,96.2,130.8,34.7,5,HIT,HIT,True
207,2025-11-19,NBA,CHA@IND,CHA,118,IND,127,245,237.5,2.0,2.0,CHA,IND,127,UNDER,C,-9.41,22.8,Rule4:UnderExecution,117.8,103.7,131.8,28.2,12,HIT,HIT,True
208,2025-11-19,NBA,CHI@POR,CHI,122,POR,121,243,244.5,-3.5,3.5,CHI,POR,121,OVER,B,131.87,42.6,Rule3:OverExecution,120.5,110.0,131.0,21.0,7,HIT,HIT,True
209,2025-11-19,NBA,GSW@MIA,GSW,96,MIA,110,206,235.0,10.5,10.5,MIA,GSW,96,OVER,A,56.65,2.1,Rule1:UpsetClause,112.2,97.3,127.2,29.9,5,MISS,HIT,False
210,2025-11-19,NBA,HOU@CLE,HOU,114,CLE,104,218,232.5,1.5,1.5,HOU,CLE,104,OVER,C,64.38,25.0,Rule3:OverExecution,115.5,101.9,129.1,27.1,12,HIT,HIT,True
211,2025-11-19,NBA,NYK@DAL,NYK,113,DAL,111,224,232.5,-8.5,8.5,NYK,DAL,111,OVER,A,37.19,48.5,Rule3:OverExecution,112.0,98.9,125.1,26.2,5,HIT,HIT,True
212,2025-11-19,NBA,SAC@OKC,SAC,99,OKC,113,212,232.5,-18.5,18.5,SAC,OKC,113,UNDER,A,-48.05,50.0,Rule2:StructuralOutlier,107.0,84.4,129.6,45.1,5,HIT,HIT,True
213,2025-11-19,NBA,TOR@PHI,TOR,121,PHI,112,233,234.0,2.0,2.0,TOR,PHI,112,OVER,C,13.73,22.8,Rule3:OverExecution,116.0,101.9,130.1,28.2,12,HIT,HIT,True
214,2025-11-20,NBA,ATL@SAS,ATL,126,SAS,135,261,234.5,1.0,1.0,SAS,ATL,126,OVER,C,4.47,27.2,Rule3:OverExecution,116.8,103.7,129.8,26.1,12,HIT,HIT,True
215,2025-11-20,NBA,LAC@ORL,LAC,101,ORL,129,230,219.0,6.5,6.5,ORL,LAC,101,UNDER,A,-0.25,7.4,Rule1:UpsetClause,106.2,95.1,117.4,22.3,5,HIT,HIT,True
216,2025-11-20,NBA,PHI@MIL,PHI,123,MIL,114,237,223.0,1.5,1.5,PHI,MIL,114,OVER,C,15.01,25.0,Rule3:OverExecution,110.8,97.2,124.3,27.2,12,HIT,HIT,True
217,2025-11-20,NBA,SAC@MEM,SAC,96,MEM,137,233,234.5,3.0,3.0,MEM,SAC,96,UNDER,C,-63.23,18.6,Rule4:UnderExecution,115.8,100.6,130.9,30.3,12,HIT,MISS,False
218,2025-11-21,NBA,BKN@BOS,BKN,113,BOS,105,218,222.0,14.0,14.0,BOS,BKN,113,UNDER,A,-43.64,0.6,Rule2:StructuralOutlier,104.0,85.7,122.3,36.6,5,HIT,HIT,True
219,2025-11-21,NBA,DEN@HOU,DEN,112,HOU,109,221,234.5,-3.0,3.0,DEN,HOU,109,OVER,C,91.4,41.4,Rule3:OverExecution,115.8,100.6,130.9,30.3,12,HIT,HIT,True
220,2025-11-21,NBA,IND@CLE,IND,109,CLE,120,229,242.0,14.0,14.0,CLE,IND,109,UNDER,A,-13.49,0.6,Rule2:StructuralOutlier,114.0,95.7,132.3,36.6,5,HIT,HIT,True
221,2025-11-21,NBA,MIA@CHI,MIA,143,CHI,107,250,249.5,2.5,2.5,CHI,MIA,143,OVER,C,125.95,20.7,Rule3:OverExecution,123.5,108.9,138.1,29.2,12,HIT,MISS,False
222,2025-11-21,NBA,MIN@PHX,MIN,113,PHX,114,227,231.5,-4.5,4.5,MIN,PHX,114,OVER,B,82.91,44.5,Rule3:OverExecution,113.5,102.0,125.0,23.0,7,HIT,HIT,True
223,2025-11-21,NBA,NOP@DAL,NOP,115,DAL,118,233,234.0,-3.5,3.5,NOP,DAL,118,UNDER,B,-18.95,42.6,Rule4:UnderExecution,115.2,104.8,125.8,21.0,7,HIT,HIT,True
224,2025-11-21,NBA,OKC@UTA,OKC,144,UTA,112,256,233.5,17.0,17.0,UTA,OKC,144,OVER,A,109.81,0.2,Rule2:StructuralOutlier,108.2,87.1,129.4,42.3,5,HIT,MISS,False
225,2025-11-21,NBA,POR@GSW,POR,127,GSW,123,250,237.5,-10.5,10.5,POR,GSW,123,OVER,A,14.83,49.3,Rule3:OverExecution,113.5,98.5,128.5,29.9,5,HIT,HIT,True
226,2025-11-21,NBA,WAS@TOR,WAS,110,TOR,140,250,238.5,14.0,14.0,TOR,WAS,110,OVER,A,62.12,0.6,Rule2:StructuralOutlier,112.2,94.0,130.6,36.6,5,HIT,HIT,True
227,2025-11-22,NBA,ATL@NOP,ATL,115,NOP,98,213,233.0,9.5,9.5,ATL,NOP,98,OVER,A,10.77,2.9,Rule1:UpsetClause,111.8,97.7,125.8,28.1,5,HIT,HIT,True
228,2025-11-22,NBA,DET@MIL,DET,129,MIL,116,245,226.0,8.0,8.0,MIL,DET,129,OVER,A,83.04,4.7,Rule1:UpsetClause,109.0,96.4,121.6,25.2,5,HIT,MISS,False
229,2025-11-22,NBA,LAC@CHA,LAC,131,CHA,116,247,227.0,1.5,1.5,CHA,LAC,131,OVER,C,30.87,25.0,Rule3:OverExecution,112.8,99.2,126.3,27.2,12,HIT,MISS,False
230,2025-11-22,NBA,MEM@DAL,MEM,102,DAL,96,198,229.5,-1.0,1.0,MEM,DAL,96,UNDER,C,-34.23,35.3,Rule4:UnderExecution,114.2,101.2,127.3,26.1,12,HIT,MISS,False
231,2025-11-22,NBA,NYK@ORL,NYK,121,ORL,133,254,230.5,2.0,2.0,ORL,NYK,121,OVER,C,9.77,22.8,Rule3:OverExecution,114.2,100.2,128.3,28.2,12,HIT,HIT,True
232,2025-11-22,NBA,SAC@DEN,SAC,128,DEN,123,251,240.5,-11.0,11.0,SAC,DEN,123,OVER,A,26.04,49.4,Rule3:OverExecution,114.8,99.3,130.2,30.9,5,HIT,HIT,True
233,2025-11-22,NBA,WAS@CHI,WAS,120,CHI,121,241,247.0,12.5,12.5,CHI,WAS,120,OVER,A,82.0,1.0,Rule2:StructuralOutlier,117.2,100.4,134.1,33.8,5,HIT,HIT,True
234,2025-11-23,NBA,BKN@TOR,BKN,109,TOR,119,228,229.5,-11.5,11.5,BKN,TOR,119,UNDER,A,-20.32,49.5,Rule4:UnderExecution,109.0,93.1,124.9,31.8,5,HIT,HIT,True
235,2025-11-23,NBA,CHA@ATL,CHA,110,ATL,113,223,228.5,8.0,8.0,ATL,CHA,110,OVER,A,25.49,4.7,Rule1:UpsetClause,110.2,97.7,122.8,25.2,5,HIT,HIT,True
236,2025-11-23,NBA,LAC@CLE,LAC,105,CLE,120,225,229.5,7.5,7.5,CLE,LAC,105,OVER,A,8.14,5.5,Rule1:UpsetClause,111.0,98.9,123.1,24.2,5,HIT,HIT,True
237,2025-11-23,NBA,LAL@UTA,LAL,108,UTA,106,214,245.5,-9.0,9.0,LAL,UTA,106,OVER,A,98.76,48.8,Rule3:OverExecution,118.2,104.7,131.8,27.1,5,HIT,HIT,True
238,2025-11-23,NBA,MIA@PHI,MIA,127,PHI,117,244,241.0,1.0,1.0,PHI,MIA,127,OVER,C,101.73,27.2,Rule3:OverExecution,120.0,107.0,133.1,26.1,12,HIT,HIT,True
239,2025-11-23,NBA,ORL@BOS,ORL,129,BOS,138,267,223.0,4.0,4.0,BOS,ORL,129,UNDER,B,-34.49,14.7,Rule1:UpsetClause,109.5,98.5,120.5,22.0,7,MISS,HIT,False
240,2025-11-23,NBA,POR@OKC,POR,95,OKC,122,217,233.5,16.5,16.5,OKC,POR,95,OVER,A,63.98,0.3,Rule2:StructuralOutlier,108.5,87.8,129.2,41.4,5,HIT,HIT,True
241,2025-11-23,NBA,SAS@PHX,SAS,102,PHX,111,213,234.0,1.5,1.5,PHX,SAS,102,OVER,C,58.43,25.0,Rule3:OverExecution,116.2,102.7,129.8,27.1,12,MISS,HIT,False
242,2025-11-24,NBA,CHI@NOP,CHI,130,NOP,143,273,244.5,5.0,5.0,NOP,CHI,130,OVER,B,17.41,11.4,Rule1:UpsetClause,119.8,107.8,131.8,24.0,7,HIT,HIT,True
243,2025-11-24,NBA,CLE@TOR,CLE,99,TOR,110,209,231.5,1.5,1.5,TOR,CLE,99,OVER,C,2.79,25.0,Rule3:OverExecution,115.0,101.4,128.6,27.1,12,MISS,HIT,False
244,2025-11-24,NBA,DAL@MIA,DAL,102,MIA,106,208,240.0,7.5,7.5,MIA,DAL,102,UNDER,A,-3.47,5.5,Rule1:UpsetClause,116.2,104.1,128.4,24.2,5,HIT,MISS,False
245,2025-11-24,NBA,DEN@MEM,DEN,125,MEM,115,240,235.5,6.5,6.5,MEM,DEN,125,OVER,A,48.56,7.4,Rule1:UpsetClause,114.5,103.3,125.7,22.3,5,HIT,HIT,True
246,2025-11-24,NBA,DET@IND,DET,122,IND,117,239,237.0,10.0,10.0,DET,IND,117,OVER,A,2.35,2.4,Rule1:UpsetClause,113.5,99.0,128.0,29.0,5,HIT,HIT,True
247,2025-11-24,NBA,HOU@PHX,HOU,114,PHX,92,206,223.5,6.5,6.5,PHX,HOU,114,OVER,A,64.53,7.4,Rule1:UpsetClause,108.5,97.3,119.7,22.3,5,HIT,HIT,True
248,2025-11-24,NBA,MIN@SAC,MIN,112,SAC,117,229,238.0,10.0,10.0,SAC,MIN,112,UNDER,A,-17.44,2.4,Rule1:UpsetClause,114.0,99.5,128.5,29.0,5,HIT,HIT,True
249,2025-11-24,NBA,NYK@BKN,NYK,113,BKN,100,213,228.5,12.5,12.5,NYK,BKN,100,OVER,A,22.19,1.0,Rule2:StructuralOutlier,108.0,91.1,124.9,33.8,5,HIT,HIT,True
250,2025-11-24,NBA,POR@MIL,POR,115,MIL,103,218,231.0,1.0,1.0,MIL,POR,115,OVER,C,76.75,27.2,Rule3:OverExecution,115.0,102.0,128.1,26.1,12,HIT,HIT,True
251,2025-11-24,NBA,UTA@GSW,UTA,117,GSW,134,251,239.0,13.5,13.5,GSW,UTA,117,OVER,A,41.59,0.7,Rule2:StructuralOutlier,112.8,94.9,130.6,35.6,5,HIT,HIT,True
252,2025-11-25,NBA,ATL@WAS,ATL,113,WAS,132,245,240.5,11.0,11.0,WAS,ATL,113,OVER,A,13.16,1.7,Rule1:UpsetClause,114.8,99.3,130.2,30.9,5,HIT,HIT,True
253,2025-11-25,NBA,LAC@LAL,LAC,118,LAL,135,253,228.0,5.5,5.5,LAL,LAC,118,OVER,A,2.34,9.9,Rule1:UpsetClause,111.2,101.0,121.5,20.4,5,HIT,HIT,True
254,2025-11-25,NBA,ORL@PHI,ORL,144,PHI,103,247,229.5,4.5,4.5,ORL,PHI,103,OVER,B,34.1,13.0,Rule1:UpsetClause,112.5,101.0,124.0,23.0,7,HIT,HIT,True
255,2025-11-26,NBA,DET@BOS,DET,114,BOS,117,231,233.0,2.0,2.0,DET,BOS,117,UNDER,C,-2.35,22.8,Rule4:UnderExecution,115.5,101.4,129.6,28.2,12,HIT,HIT,True
256,2025-11-26,NBA,HOU@GSW,HOU,104,GSW,100,204,225.0,3.5,3.5,GSW,HOU,104,OVER,B,43.05,16.6,Rule3:OverExecution,110.8,100.2,121.2,21.0,7,HIT,HIT,True
257,2025-11-26,NBA,IND@TOR,IND,95,TOR,97,192,234.0,10.5,10.5,TOR,IND,95,OVER,A,2.59,2.1,Rule1:UpsetClause,111.8,96.8,126.7,29.9,5,MISS,HIT,False
258,2025-11-26,NBA,MEM@NOP,MEM,133,NOP,128,261,235.5,3.5,3.5,NOP,MEM,133,UNDER,B,-66.1,16.6,Rule4:UnderExecution,116.0,105.5,126.5,21.0,7,MISS,HIT,False
259,2025-11-26,NBA,MIL@MIA,MIL,103,MIA,106,209,237.0,10.0,10.0,MIA,MIL,103,UNDER,A,-10.61,2.4,Rule1:UpsetClause,113.5,99.0,128.0,29.0,5,HIT,HIT,True
260,2025-11-26,NBA,MIN@OKC,MIN,105,OKC,113,218,226.5,10.5,10.5,OKC,MIN,105,OVER,A,27.2,2.1,Rule1:UpsetClause,108.0,93.0,123.0,29.9,5,HIT,HIT,True
261,2025-11-26,NBA,NYK@CHA,NYK,129,CHA,101,230,242.0,6.5,6.5,NYK,CHA,101,OVER,A,15.66,7.4,Rule1:UpsetClause,117.8,106.6,128.9,22.4,5,MISS,HIT,False
262,2025-11-26,NBA,PHX@SAC,PHX,112,SAC,100,212,234.0,4.0,4.0,SAC,PHX,112,UNDER,B,-5.61,14.7,Rule1:UpsetClause,115.0,104.0,126.0,22.0,7,HIT,HIT,True
263,2025-11-26,NBA,SAS@POR,SAS,115,POR,102,217,239.5,1.0,1.0,POR,SAS,115,OVER,C,24.88,27.2,Rule3:OverExecution,119.2,106.2,132.3,26.1,12,HIT,HIT,True
264,2025-11-27,NBA,CHI@CHA,CHI,116,CHA,123,239,249.5,3.0,3.0,CHA,CHI,116,OVER,C,50.35,18.6,Rule3:OverExecution,123.2,108.1,138.4,30.3,12,HIT,HIT,True
265,2025-11-27,NBA,CLE@ATL,CLE,123,ATL,130,253,236.0,6.5,6.5,CLE,ATL,130,UNDER,A,-13.06,7.4,Rule1:UpsetClause,114.8,103.6,125.9,22.3,5,MISS,HIT,False
266,2025-11-27,NBA,DAL@LAL,DAL,119,LAL,129,248,232.5,9.5,9.5,LAL,DAL,119,UNDER,A,-54.14,2.9,Rule1:UpsetClause,111.5,97.5,125.5,28.1,5,HIT,HIT,True
267,2025-11-27,NBA,MEM@LAC,MEM,112,LAC,107,219,224.5,6.5,6.5,LAC,MEM,112,UNDER,A,-16.78,7.4,Rule1:UpsetClause,109.0,97.8,120.2,22.3,5,HIT,HIT,True
268,2025-11-27,NBA,MIL@NYK,MIL,109,NYK,118,227,232.0,7.5,7.5,NYK,MIL,109,UNDER,A,-13.95,5.5,Rule1:UpsetClause,112.2,100.1,124.4,24.2,5,HIT,HIT,True
269,2025-11-27,NBA,ORL@DET,ORL,112,DET,109,221,230.5,3.5,3.5,DET,ORL,112,OVER,B,123.26,16.6,Rule3:OverExecution,113.5,103.0,124.0,21.0,7,HIT,HIT,True
270,2025-11-27,NBA,PHI@BKN,PHI,115,BKN,103,218,221.5,7.0,7.0,PHI,BKN,103,OVER,A,37.42,6.4,Rule1:UpsetClause,107.2,95.6,118.9,23.3,5,HIT,HIT,True
271,2025-11-27,NBA,PHX@OKC,PHX,119,OKC,123,242,223.0,14.5,14.5,OKC,PHX,119,OVER,A,22.63,0.5,Rule2:StructuralOutlier,104.2,85.5,123.0,37.6,5,HIT,HIT,True
272,2025-11-27,NBA,SAC@UTA,SAC,119,UTA,128,247,242.0,3.0,3.0,UTA,SAC,119,OVER,C,18.04,18.6,Rule3:OverExecution,119.5,104.3,134.7,30.3,12,HIT,HIT,True
273,2025-11-27,NBA,SAS@DEN,SAS,139,DEN,136,275,239.0,6.5,6.5,DEN,SAS,139,UNDER,A,-15.84,7.4,Rule1:UpsetClause,116.2,105.1,127.4,22.3,5,MISS,HIT,False
274,2025-11-27,NBA,WAS@IND,WAS,86,IND,119,205,240.5,6.5,6.5,IND,WAS,86,OVER,A,17.2,7.4,Rule1:UpsetClause,117.0,105.8,128.2,22.4,5,MISS,HIT,False
275,2025-11-28,NBA,CHI@CHA,CHI,116,CHA,123,239,249.5,3.0,3.0,CHA,CHI,116,OVER,C,29.63,18.6,Rule3:OverExecution,123.2,108.1,138.4,30.3,12,HIT,HIT,True
276,2025-11-28,NBA,CLE@ATL,CLE,123,ATL,130,253,236.0,6.5,6.5,ATL,CLE,123,UNDER,A,-39.23,7.4,Rule1:UpsetClause,114.8,103.6,125.9,22.3,5,HIT,HIT,True
277,2025-11-28,NBA,DAL@LAL,DAL,119,LAL,129,248,232.5,9.5,9.5,LAL,DAL,119,UNDER,A,-26.68,2.9,Rule1:UpsetClause,111.5,97.5,125.5,28.1,5,HIT,HIT,True
278,2025-11-28,NBA,MEM@LAC,MEM,112,LAC,107,219,224.5,6.5,6.5,LAC,MEM,112,UNDER,A,-19.27,7.4,Rule1:UpsetClause,109.0,97.8,120.2,22.3,5,HIT,HIT,True
279,2025-11-28,NBA,MIL@NYK,MIL,109,NYK,118,227,232.0,7.5,7.5,NYK,MIL,109,UNDER,A,-13.54,5.5,Rule1:UpsetClause,112.2,100.1,124.4,24.2,5,HIT,HIT,True
280,2025-11-28,NBA,ORL@DET,ORL,112,DET,109,221,230.5,3.5,3.5,DET,ORL,112,OVER,B,87.6,16.6,Rule3:OverExecution,113.5,103.0,124.0,21.0,7,HIT,HIT,True
281,2025-11-28,NBA,PHI@BKN,PHI,115,BKN,103,218,221.5,7.0,7.0,BKN,PHI,115,UNDER,A,-3.34,6.4,Rule1:UpsetClause,107.2,95.6,118.9,23.3,5,HIT,HIT,True
282,2025-11-28,NBA,PHX@OKC,PHX,119,OKC,123,242,223.0,14.5,14.5,OKC,PHX,119,OVER,A,39.99,0.5,Rule2:StructuralOutlier,104.2,85.5,123.0,37.6,5,HIT,HIT,True
283,2025-11-28,NBA,SAC@UTA,SAC,119,UTA,128,247,242.0,3.0,3.0,UTA,SAC,119,OVER,C,18.6,18.6,Rule3:OverExecution,119.5,104.3,134.7,30.3,12,HIT,HIT,True
284,2025-11-28,NBA,SAS@DEN,SAS,139,DEN,136,275,239.0,6.5,6.5,DEN,SAS,139,OVER,A,46.14,7.4,Rule1:UpsetClause,116.2,105.1,127.4,22.3,5,HIT,MISS,False
285,2025-11-28,NBA,WAS@IND,WAS,86,IND,119,205,240.5,6.5,6.5,IND,WAS,86,UNDER,A,-86.94,7.4,Rule1:UpsetClause,117.0,105.8,128.2,22.4,5,HIT,MISS,False
286,2025-11-29,NBA,BKN@MIL,BKN,99,MIL,116,215,218.5,11.5,11.5,MIL,BKN,99,UNDER,A,-9.72,1.5,Rule1:UpsetClause,103.5,87.6,119.4,31.8,5,HIT,HIT,True
287,2025-11-29,NBA,BOS@MIN,BOS,115,MIN,119,234,229.5,6.0,6.0,MIN,BOS,115,UNDER,A,-15.11,8.6,Rule1:UpsetClause,111.8,101.0,122.5,21.4,5,HIT,HIT,True
288,2025-11-29,NBA,CHI@IND,CHI,101,IND,103,204,240.0,2.5,2.5,CHI,IND,103,UNDER,C,-52.95,20.7,Rule4:UnderExecution,118.8,104.1,133.4,29.2,12,HIT,MISS,False
289,2025-11-29,NBA,DET@MIA,DET,138,MIA,135,273,240.0,4.0,4.0,MIA,DET,138,OVER,B,23.76,14.7,Rule1:UpsetClause,118.0,107.0,129.0,22.0,7,HIT,MISS,False
290,2025-11-29,NBA,NOP@GSW,NOP,96,GSW,104,200,228.0,10.0,10.0,GSW,NOP,96,UNDER,A,-19.23,2.4,Rule1:UpsetClause,109.0,94.5,123.5,29.0,5,HIT,HIT,True
291,2025-11-29,NBA,TOR@CHA,TOR,111,CHA,118,229,234.5,7.0,7.0,CHA,TOR,111,UNDER,A,-33.05,6.4,Rule1:UpsetClause,113.8,102.1,125.4,23.3,5,HIT,HIT,True
292,2025-11-30,NBA,ATL@PHI,ATL,142,PHI,134,276,232.5,3.0,3.0,PHI,ATL,142,OVER,C,67.82,18.6,Rule3:OverExecution,114.8,99.6,129.9,30.3,12,HIT,MISS,False
293,2025-11-30,NBA,BOS@CLE,BOS,117,CLE,115,232,235.0,-7.5,7.5,BOS,CLE,115,UNDER,A,-18.57,47.9,Rule4:UnderExecution,113.8,101.6,125.9,24.2,5,HIT,HIT,True
294,2025-11-30,NBA,HOU@UTA,HOU,129,UTA,101,230,232.5,11.5,11.5,HOU,UTA,101,OVER,A,49.18,1.5,Rule1:UpsetClause,110.5,94.6,126.4,31.8,5,HIT,HIT,True
295,2025-11-30,NBA,MEM@SAC,MEM,115,SAC,107,222,233.5,3.0,3.0,SAC,MEM,115,UNDER,C,-76.43,18.6,Rule4:UnderExecution,115.2,100.1,130.4,30.3,12,HIT,HIT,True
296,2025-11-30,NBA,NOP@LAL,NOP,121,LAL,133,254,228.0,-15.5,15.5,NOP,LAL,133,OVER,A,54.62,49.9,Rule2:StructuralOutlier,106.2,86.5,126.0,39.4,5,HIT,MISS,False
297,2025-11-30,NBA,OKC@POR,OKC,123,POR,115,238,233.5,11.5,11.5,OKC,POR,115,OVER,A,25.29,1.5,Rule1:UpsetClause,111.0,95.1,126.9,31.8,5,HIT,HIT,True
298,2025-11-30,NBA,SAS@MIN,SAS,112,MIN,125,237,234.0,4.5,4.5,MIN,SAS,112,OVER,B,52.77,13.0,Rule1:UpsetClause,114.8,103.2,126.2,23.0,7,HIT,HIT,True
299,2025-11-30,NBA,TOR@NYK,TOR,94,NYK,116,210,229.5,8.5,8.5,NYK,TOR,94,UNDER,A,-27.76,4.0,Rule1:UpsetClause,110.5,97.4,123.6,26.2,5,HIT,MISS,False
300,2025-12-01,NBA,ATL@DET,ATL,98,DET,99,197,232.5,9.5,9.5,DET,ATL,98,OVER,A,64.24,2.9,Rule1:UpsetClause,111.5,97.5,125.5,28.1,5,HIT,HIT,True
301,2025-12-01,NBA,CHA@BKN,CHA,103,BKN,116,219,228.0,-4.5,4.5,CHA,BKN,116,UNDER,B,-33.09,44.5,Rule4:UnderExecution,111.8,100.2,123.2,23.0,7,HIT,HIT,True
302,2025-12-01,NBA,CHI@ORL,CHI,120,ORL,125,245,239.0,-9.5,9.5,CHI,ORL,125,OVER,A,51.96,49.0,Rule3:OverExecution,114.8,100.7,128.8,28.1,5,HIT,HIT,True
303,2025-12-01,NBA,CLE@IND,CLE,135,IND,119,254,232.0,5.0,5.0,CLE,IND,119,UNDER,B,-88.82,11.4,Rule1:UpsetClause,113.5,101.5,125.5,24.0,7,HIT,HIT,True
304,2025-12-01,NBA,DAL@DEN,DAL,131,DEN,121,252,235.5,-11.0,11.0,DAL,DEN,121,OVER,A,73.84,49.4,Rule3:OverExecution,112.2,96.8,127.7,30.9,5,HIT,HIT,True
305,2025-12-01,NBA,HOU@UTA,HOU,125,UTA,133,258,235.0,-11.5,11.5,HOU,UTA,133,OVER,A,31.21,49.5,Rule3:OverExecution,111.8,95.8,127.7,31.8,5,HIT,MISS,False
306,2025-12-01,NBA,LAC@MIA,LAC,123,MIA,140,263,235.5,6.0,6.0,MIA,LAC,123,OVER,A,24.78,8.6,Rule1:UpsetClause,114.8,104.0,125.5,21.4,5,HIT,HIT,True
307,2025-12-01,NBA,MIL@WAS,MIL,126,WAS,129,255,232.5,10.0,10.0,MIL,WAS,129,UNDER,A,-33.07,2.4,Rule1:UpsetClause,111.2,96.8,125.8,29.0,5,MISS,HIT,False
308,2025-12-01,NBA,PHX@LAL,PHX,125,LAL,108,233,231.5,-5.5,5.5,PHX,LAL,108,OVER,A,51.2,46.0,Rule3:OverExecution,113.0,102.8,123.2,20.4,5,HIT,HIT,True
309,2025-12-02,NBA,MEM@SAS,MEM,119,SAS,126,245,232.5,5.0,5.0,SAS,MEM,119,UNDER,B,-4.55,11.4,Rule1:UpsetClause,113.8,101.8,125.8,24.0,7,HIT,HIT,True
310,2025-12-02,NBA,MIN@NOP,MIN,149,NOP,142,291,229.5,12.5,12.5,MIN,NOP,142,UNDER,A,-15.03,1.0,Rule2:StructuralOutlier,108.5,91.6,125.4,33.8,5,MISS,HIT,False
311,2025-12-02,NBA,NYK@BOS,NYK,117,BOS,123,240,231.0,1.0,1.0,BOS,NYK,117,UNDER,C,-16.75,27.2,Rule4:UnderExecution,115.0,102.0,128.1,26.1,12,HIT,HIT,True
312,2025-12-02,NBA,OKC@GSW,OKC,124,GSW,112,236,223.5,11.0,11.0,OKC,GSW,112,UNDER,A,-6.93,1.7,Rule1:UpsetClause,106.2,90.8,121.7,30.9,5,HIT,HIT,True
313,2025-12-02,NBA,POR@TOR,POR,118,TOR,121,239,231.5,5.0,5.0,TOR,POR,118,UNDER,B,-16.65,11.4,Rule1:UpsetClause,113.2,101.2,125.2,24.0,7,HIT,HIT,True
314,2025-12-02,NBA,WAS@PHI,WAS,102,PHI,121,223,235.5,13.0,13.0,PHI,WAS,102,OVER,A,44.75,0.9,Rule2:StructuralOutlier,111.2,93.9,128.6,34.7,5,HIT,HIT,True
315,2025-12-03,NBA,BKN@CHI,BKN,113,CHI,103,216,231.0,8.0,8.0,CHI,BKN,113,UNDER,A,-32.97,4.7,Rule1:UpsetClause,111.5,98.9,124.1,25.2,5,HIT,HIT,True
316,2025-12-03,NBA,CHA@NYK,CHA,104,NYK,119,223,235.5,9.0,9.0,NYK,CHA,104,UNDER,A,-27.33,3.4,Rule1:UpsetClause,113.2,99.7,126.8,27.1,5,HIT,HIT,True
317,2025-12-03,NBA,DEN@IND,DEN,135,IND,120,255,237.5,8.0,8.0,DEN,IND,120,UNDER,A,-18.61,4.7,Rule1:UpsetClause,114.8,102.2,127.3,25.2,5,HIT,HIT,True
318,2025-12-03,NBA,DET@MIL,DET,109,MIL,113,222,228.0,4.5,4.5,MIL,DET,109,OVER,B,61.82,13.0,Rule1:UpsetClause,111.8,100.2,123.2,23.0,7,HIT,HIT,True
319,2025-12-03,NBA,LAC@ATL,LAC,115,ATL,92,207,225.5,2.0,2.0,ATL,LAC,115,OVER,C,44.75,22.8,Rule3:OverExecution,111.8,97.7,125.8,28.2,12,HIT,HIT,True
320,2025-12-03,NBA,MIA@DAL,MIA,108,DAL,118,226,239.0,4.5,4.5,DAL,MIA,108,OVER,B,47.33,13.0,Rule1:UpsetClause,117.2,105.8,128.8,23.0,7,HIT,HIT,True
321,2025-12-03,NBA,POR@CLE,POR,122,CLE,110,232,245.0,10.0,10.0,CLE,POR,122,OVER,A,17.01,2.4,Rule1:UpsetClause,117.5,103.0,132.0,29.0,5,HIT,HIT,True
322,2025-12-03,NBA,SAC@HOU,SAC,95,HOU,121,216,231.0,15.5,15.5,HOU,SAC,95,OVER,A,5.91,0.4,Rule2:StructuralOutlier,107.8,88.0,127.5,39.4,5,HIT,HIT,True
323,2025-12-03,NBA,SAS@ORL,SAS,114,ORL,112,226,236.0,8.0,8.0,ORL,SAS,114,OVER,A,85.08,4.7,Rule1:UpsetClause,114.0,101.4,126.6,25.2,5,HIT,HIT,True
324,2025-12-04,NBA,BOS@WAS,BOS,146,WAS,101,247,232.0,11.0,11.0,BOS,WAS,101,UNDER,A,-19.56,1.7,Rule1:UpsetClause,110.5,95.0,126.0,30.9,5,HIT,HIT,True
325,2025-12-04,NBA,GSW@PHI,GSW,98,PHI,99,197,223.5,4.0,4.0,PHI,GSW,98,OVER,B,50.34,14.7,Rule1:UpsetClause,109.8,98.8,120.8,22.0,7,MISS,HIT,False
326,2025-12-04,NBA,LAL@TOR,LAL,123,TOR,120,243,228.5,2.0,2.0,TOR,LAL,123,OVER,C,50.26,22.8,Rule3:OverExecution,113.2,99.2,127.3,28.2,12,HIT,HIT,True
327,2025-12-04,NBA,MIN@NOP,MIN,125,NOP,116,241,233.5,12.0,12.0,NOP,MIN,125,OVER,A,84.23,1.2,Rule1:UpsetClause,110.8,94.3,127.2,32.8,5,HIT,HIT,True
328,2025-12-04,NBA,UTA@BKN,UTA,123,BKN,110,233,231.0,5.0,5.0,UTA,BKN,110,OVER,B,18.78,11.4,Rule1:UpsetClause,113.0,101.0,125.0,24.0,7,HIT,HIT,True
329,2025-12-05,NBA,CHA@TOR,CHA,111,TOR,86,197,230.5,-6.0,6.0,CHA,TOR,86,UNDER,A,-71.72,46.6,Rule4:UnderExecution,112.2,101.5,123.0,21.4,5,HIT,MISS,False
330,2025-12-05,NBA,DAL@OKC,DAL,111,OKC,132,243,229.0,15.5,15.5,OKC,DAL,111,UNDER,A,-1.29,0.4,Rule2:StructuralOutlier,106.8,87.0,126.5,39.4,5,HIT,HIT,True
331,2025-12-05,NBA,DEN@ATL,DEN,134,ATL,133,267,239.5,-3.5,3.5,DEN,ATL,133,OVER,B,89.59,42.6,Rule3:OverExecution,118.0,107.5,128.5,21.0,7,HIT,MISS,False
332,2025-12-05,NBA,IND@CHI,IND,120,CHI,105,225,235.5,-4.5,4.5,IND,CHI,105,UNDER,B,-87.1,44.5,Rule4:UnderExecution,115.5,104.0,127.0,23.0,7,HIT,HIT,True
333,2025-12-05,NBA,LAC@MEM,LAC,98,MEM,107,205,223.5,-2.0,2.0,LAC,MEM,107,UNDER,C,-22.28,38.6,Rule4:UnderExecution,110.8,96.7,124.8,28.2,12,HIT,HIT,True
334,2025-12-05,NBA,LAL@BOS,LAL,105,BOS,126,231,227.5,9.0,9.0,BOS,LAL,105,OVER,A,76.72,3.4,Rule1:UpsetClause,109.2,95.7,122.8,27.1,5,HIT,HIT,True
335,2025-12-05,NBA,MIA@ORL,MIA,105,ORL,106,211,241.0,7.0,7.0,ORL,MIA,105,OVER,A,54.43,6.4,Rule1:UpsetClause,117.0,105.3,128.7,23.3,5,MISS,HIT,False
336,2025-12-05,NBA,PHI@MIL,PHI,116,MIL,101,217,221.5,1.0,1.0,MIL,PHI,116,OVER,C,10.84,27.2,Rule3:OverExecution,110.2,97.2,123.3,26.1,12,HIT,HIT,True
337,2025-12-05,NBA,PHX@HOU,PHX,98,HOU,117,215,219.0,8.5,8.5,HOU,PHX,98,OVER,A,72.37,4.0,Rule1:UpsetClause,105.2,92.2,118.3,26.2,5,HIT,HIT,True
338,2025-12-05,NBA,POR@DET,POR,116,DET,122,238,235.5,-8.5,8.5,POR,DET,122,OVER,A,42.45,48.5,Rule3:OverExecution,113.5,100.4,126.6,26.2,5,HIT,HIT,True
339,2025-12-05,NBA,SAS@CLE,SAS,117,CLE,130,247,238.5,5.5,5.5,CLE,SAS,117,OVER,A,60.67,9.9,Rule1:UpsetClause,116.5,106.3,126.7,20.4,5,HIT,HIT,True
340,2025-12-05,NBA,UTA@NYK,UTA,112,NYK,146,258,243.0,16.0,16.0,NYK,UTA,112,OVER,A,38.61,0.3,Rule2:StructuralOutlier,113.5,93.3,133.7,40.4,5,HIT,HIT,True
341,2025-12-06,NBA,ATL@WAS,ATL,131,WAS,116,247,237.5,9.5,9.5,ATL,WAS,116,UNDER,A,-18.9,2.9,Rule1:UpsetClause,114.0,100.0,128.0,28.1,5,HIT,HIT,True
342,2025-12-06,NBA,GSW@CLE,GSW,99,CLE,94,193,230.5,9.5,9.5,CLE,GSW,99,UNDER,A,-18.64,2.9,Rule1:UpsetClause,110.5,96.5,124.5,28.1,5,HIT,HIT,True
343,2025-12-06,NBA,HOU@DAL,HOU,109,DAL,122,231,221.5,6.5,6.5,DAL,HOU,109,OVER,A,25.8,7.4,Rule1:UpsetClause,107.5,96.3,118.7,22.3,5,HIT,HIT,True
344,2025-12-06,NBA,LAC@MIN,LAC,106,MIN,109,215,228.0,8.0,8.0,MIN,LAC,106,OVER,A,48.73,4.7,Rule1:UpsetClause,110.0,97.4,122.6,25.2,5,HIT,HIT,True
345,2025-12-06,NBA,MIL@DET,MIL,112,DET,124,236,223.5,12.5,12.5,DET,MIL,112,UNDER,A,-31.21,1.0,Rule2:StructuralOutlier,105.5,88.6,122.4,33.8,5,HIT,HIT,True
346,2025-12-06,NBA,NOP@BKN,NOP,101,BKN,119,220,227.5,4.0,4.0,BKN,NOP,101,UNDER,B,-49.33,14.7,Rule1:UpsetClause,111.8,100.8,122.8,22.0,7,HIT,HIT,True
347,2025-12-06,NBA,SAC@MIA,SAC,127,MIA,111,238,241.5,8.5,8.5,MIA,SAC,127,UNDER,A,-18.55,4.0,Rule1:UpsetClause,116.5,103.4,129.6,26.1,5,HIT,HIT,True
348,2025-12-07,NBA,BOS@TOR,BOS,121,TOR,113,234,224.5,3.5,3.5,BOS,TOR,113,UNDER,B,-42.55,16.6,Rule4:UnderExecution,110.5,100.0,121.0,21.0,7,HIT,HIT,True
349,2025-12-07,NBA,DEN@CHA,DEN,115,CHA,106,221,235.5,10.5,10.5,DEN,CHA,106,OVER,A,25.86,2.1,Rule1:UpsetClause,112.5,97.5,127.5,29.9,5,HIT,HIT,True
350,2025-12-07,NBA,GSW@CHI,GSW,123,CHI,91,214,229.5,1.0,1.0,GSW,CHI,91,UNDER,C,-65.89,27.2,Rule4:UnderExecution,114.2,101.2,127.3,26.1,12,HIT,MISS,False
351,2025-12-07,NBA,LAL@PHI,LAL,112,PHI,108,220,234.0,2.5,2.5,LAL,PHI,108,OVER,C,33.51,20.7,Rule3:OverExecution,115.8,101.1,130.4,29.2,12,HIT,HIT,True
352,2025-12-07,NBA,OKC@UTA,OKC,131,UTA,101,232,234.0,11.5,11.5,OKC,UTA,101,OVER,A,75.67,1.5,Rule1:UpsetClause,111.2,95.3,127.2,31.8,5,HIT,HIT,True
353,2025-12-07,NBA,ORL@NYK,ORL,100,NYK,106,206,229.5,1.0,1.0,NYK,ORL,100,OVER,C,44.03,27.2,Rule3:OverExecution,114.2,101.2,127.3,26.1,12,MISS,HIT,False
354,2025-12-07,NBA,POR@MEM,POR,96,MEM,119,215,232.5,2.0,2.0,MEM,POR,96,UNDER,C,-21.37,22.8,Rule4:UnderExecution,115.2,101.2,129.3,28.2,12,HIT,MISS,False
355,2025-12-08,NBA,PHX@MIN,PHX,108,MIN,105,213,225.5,8.0,8.0,MIN,PHX,108,OVER,A,81.82,4.7,Rule1:UpsetClause,108.8,96.2,121.3,25.2,5,HIT,HIT,True
356,2025-12-08,NBA,SAC@IND,SAC,105,IND,116,221,232.0,4.0,4.0,IND,SAC,105,UNDER,B,-80.96,14.7,Rule1:UpsetClause,114.0,103.0,125.0,22.0,7,HIT,HIT,True
357,2025-12-08,NBA,SAS@NOP,SAS,135,NOP,132,267,238.5,8.0,8.0,SAS,NOP,132,OVER,A,35.92,4.7,Rule1:UpsetClause,115.2,102.7,127.8,25.2,5,HIT,MISS,False
358,2025-12-09,NBA,MIA@ORL,MIA,108,ORL,117,225,235.0,1.5,1.5,ORL,MIA,108,OVER,C,16.96,25.0,Rule3:OverExecution,116.8,103.2,130.3,27.1,12,HIT,HIT,True
359,2025-12-09,NBA,NYK@TOR,NYK,117,TOR,101,218,226.5,6.0,6.0,NYK,TOR,101,UNDER,A,-46.27,8.6,Rule1:UpsetClause,110.2,99.5,121.0,21.4,5,HIT,HIT,True
360,2025-12-10,NBA,PHX@OKC,PHX,89,OKC,138,227,221.5,15.5,15.5,OKC,PHX,89,OVER,A,73.1,0.4,Rule2:StructuralOutlier,103.0,83.3,122.7,39.4,5,HIT,HIT,True
361,2025-12-10,NBA,SAS@LAL,SAS,132,LAL,119,251,243.0,7.0,7.0,LAL,SAS,132,OVER,A,69.15,6.4,Rule1:UpsetClause,118.0,106.3,129.7,23.3,5,HIT,MISS,False
362,2025-12-11,NBA,BOS@MIL,BOS,101,MIL,116,217,222.5,9.5,9.5,BOS,MIL,116,OVER,A,7.07,2.9,Rule1:UpsetClause,106.5,92.5,120.5,28.1,5,HIT,HIT,True
363,2025-12-11,NBA,DEN@SAC,DEN,136,SAC,105,241,240.0,10.5,10.5,DEN,SAC,105,OVER,A,15.81,2.1,Rule1:UpsetClause,114.8,99.8,129.7,29.9,5,HIT,HIT,True
364,2025-12-11,NBA,LAC@HOU,LAC,113,HOU,115,228,221.5,9.0,9.0,HOU,LAC,113,OVER,A,30.73,3.4,Rule1:UpsetClause,106.2,92.7,119.8,27.1,5,HIT,HIT,True
365,2025-12-11,NBA,POR@NOP,POR,120,NOP,143,263,242.5,4.0,4.0,NOP,POR,120,OVER,B,47.08,14.7,Rule1:UpsetClause,119.2,108.2,130.2,22.0,7,HIT,HIT,True
366,2025-12-12,NBA,ATL@DET,ATL,115,DET,142,257,233.0,7.0,7.0,DET,ATL,115,OVER,A,36.15,6.4,Rule1:UpsetClause,113.0,101.3,124.7,23.3,5,HIT,HIT,True
367,2025-12-12,NBA,BKN@DAL,BKN,111,DAL,119,230,219.0,7.5,7.5,DAL,BKN,111,UNDER,A,-15.8,5.5,Rule1:UpsetClause,105.8,93.6,117.9,24.2,5,HIT,HIT,True
368,2025-12-12,NBA,CHI@CHA,CHI,129,CHA,126,255,229.5,2.5,2.5,CHI,CHA,126,UNDER,C,-80.63,20.7,Rule4:UnderExecution,113.5,98.9,128.1,29.2,12,HIT,HIT,True
369,2025-12-12,NBA,CLE@WAS,CLE,130,WAS,126,256,246.0,17.0,17.0,CLE,WAS,126,UNDER,A,-19.74,0.2,Rule2:StructuralOutlier,114.5,93.3,135.7,42.3,5,HIT,HIT,True
370,2025-12-12,NBA,IND@PHI,IND,105,PHI,115,220,221.0,5.0,5.0,PHI,IND,105,UNDER,B,-15.2,11.4,Rule1:UpsetClause,108.0,96.0,120.0,24.0,7,HIT,HIT,True
371,2025-12-12,NBA,MIN@GSW,MIN,127,GSW,120,247,229.0,5.0,5.0,GSW,MIN,127,OVER,B,0.58,11.4,Rule1:UpsetClause,112.0,100.0,124.0,24.0,7,HIT,MISS,False
372,2025-12-12,NBA,UTA@MEM,UTA,130,MEM,126,256,244.0,7.5,7.5,MEM,UTA,130,UNDER,A,-4.62,5.5,Rule1:UpsetClause,118.2,106.1,130.4,24.2,5,HIT,HIT,True
373,2025-12-13,NBA,NYK@ORL,NYK,132,ORL,120,252,225.0,4.0,4.0,NYK,ORL,120,OVER,B,9.03,14.7,Rule1:UpsetClause,110.5,99.5,121.5,22.0,7,HIT,HIT,True
374,2025-12-13,NBA,SAS@OKC,SAS,111,OKC,109,220,234.0,10.0,10.0,OKC,SAS,111,OVER,A,86.51,2.4,Rule1:UpsetClause,112.0,97.5,126.5,29.0,5,HIT,HIT,True
375,2025-12-14,NBA,CHA@CLE,CHA,119,CLE,111,230,233.0,12.5,12.5,CLE,CHA,119,UNDER,A,-41.94,1.0,Rule2:StructuralOutlier,110.2,93.4,127.1,33.8,5,HIT,HIT,True
376,2025-12-14,NBA,GSW@POR,GSW,131,POR,136,267,238.0,5.0,5.0,POR,GSW,131,UNDER,B,-34.21,11.4,Rule1:UpsetClause,116.5,104.5,128.5,24.0,7,MISS,HIT,False
377,2025-12-14,NBA,LAL@PHX,LAL,116,PHX,114,230,232.0,1.5,1.5,PHX,LAL,116,OVER,C,43.5,25.0,Rule3:OverExecution,115.2,101.7,128.8,27.1,12,HIT,HIT,True
378,2025-12-14,NBA,MIL@BKN,MIL,82,BKN,127,209,216.0,1.0,1.0,MIL,BKN,127,UNDER,C,-6.46,27.2,Rule4:UnderExecution,107.5,94.5,120.5,26.1,12,MISS,HIT,False
379,2025-12-14,NBA,NOP@CHI,NOP,114,CHI,104,218,247.5,4.5,4.5,CHI,NOP,114,OVER,B,28.89,13.0,Rule1:UpsetClause,121.5,110.0,133.0,23.0,7,HIT,HIT,True
380,2025-12-14,NBA,PHI@ATL,PHI,117,ATL,120,237,226.0,4.5,4.5,ATL,PHI,117,UNDER,B,-28.97,13.0,Rule1:UpsetClause,110.8,99.2,122.2,23.0,7,HIT,HIT,True
381,2025-12-14,NBA,SAC@MIN,SAC,103,MIN,117,220,235.5,10.0,10.0,MIN,SAC,103,UNDER,A,-4.73,2.4,Rule1:UpsetClause,112.8,98.2,127.2,29.0,5,HIT,HIT,True
382,2025-12-14,NBA,WAS@IND,WAS,108,IND,89,197,233.5,10.0,10.0,IND,WAS,108,UNDER,A,-24.06,2.4,Rule1:UpsetClause,111.8,97.2,126.2,29.0,5,HIT,HIT,True
383,2025-12-15,NBA,DAL@UTA,DAL,133,UTA,140,273,241.5,1.0,1.0,DAL,UTA,140,OVER,C,54.58,27.2,Rule3:OverExecution,120.2,107.2,133.3,26.1,12,HIT,MISS,False
384,2025-12-15,NBA,DET@BOS,DET,112,BOS,105,217,231.5,1.0,1.0,BOS,DET,112,OVER,C,61.39,27.2,Rule3:OverExecution,115.2,102.2,128.3,26.1,12,HIT,HIT,True
385,2025-12-15,NBA,HOU@DEN,HOU,125,DEN,128,253,237.5,1.0,1.0,DEN,HOU,125,OVER,C,74.46,27.2,Rule3:OverExecution,118.2,105.2,131.3,26.1,12,HIT,HIT,True
386,2025-12-15,NBA,MEM@LAC,MEM,121,LAC,103,224,229.5,-5.5,5.5,MEM,LAC,103,UNDER,A,-16.88,46.0,Rule4:UnderExecution,112.0,101.8,122.2,20.4,5,HIT,HIT,True
387,2025-12-15,NBA,TOR@MIA,TOR,106,MIA,96,202,233.0,5.0,5.0,MIA,TOR,106,UNDER,B,-45.8,11.4,Rule1:UpsetClause,114.0,102.0,126.0,24.0,7,HIT,HIT,True
388,2025-12-16,NBA,SAS@NYK,SAS,113,NYK,124,237,233.0,2.5,2.5,NYK,SAS,113,OVER,C,58.84,20.7,Rule3:OverExecution,115.2,100.6,129.9,29.2,12,HIT,HIT,True
389,2025-12-17,NBA,CLE@CHI,CLE,111,CHI,127,238,243.5,5.5,5.5,CLE,CHI,127,UNDER,A,-50.39,9.9,Rule1:UpsetClause,119.0,108.8,129.2,20.4,5,HIT,HIT,True
390,2025-12-17,NBA,MEM@MIN,MEM,116,MIN,110,226,227.0,6.5,6.5,MIN,MEM,116,UNDER,A,-25.68,7.4,Rule1:UpsetClause,110.2,99.1,121.4,22.3,5,HIT,HIT,True
391,2025-12-18,NBA,ATL@CHA,ATL,126,CHA,133,259,246.0,2.5,2.5,CHA,ATL,126,OVER,C,21.62,20.7,Rule3:OverExecution,121.8,107.1,136.4,29.2,12,HIT,HIT,True
392,2025-12-18,NBA,DET@DAL,DET,114,DAL,116,230,233.0,1.5,1.5,DAL,DET,114,OVER,C,73.94,25.0,Rule3:OverExecution,115.8,102.2,129.3,27.1,12,HIT,HIT,True
393,2025-12-18,NBA,GSW@PHX,GSW,98,PHX,99,197,231.0,2.0,2.0,PHX,GSW,98,UNDER,C,-31.02,22.8,Rule4:UnderExecution,114.5,100.4,128.6,28.2,12,HIT,MISS,False
394,2025-12-18,NBA,HOU@NOP,HOU,128,NOP,133,261,236.0,9.5,9.5,HOU,NOP,133,OVER,A,31.29,2.9,Rule1:UpsetClause,113.2,99.2,127.3,28.1,5,HIT,MISS,False
395,2025-12-18,NBA,LAC@OKC,LAC,101,OKC,122,223,222.5,17.0,17.0,OKC,LAC,101,OVER,A,9.66,0.2,Rule2:StructuralOutlier,102.8,81.6,123.9,42.3,5,HIT,HIT,True
396,2025-12-18,NBA,LAL@UTA,LAL,143,UTA,135,278,249.5,7.0,7.0,LAL,UTA,135,OVER,A,67.91,6.4,Rule1:UpsetClause,121.2,109.6,132.9,23.3,5,HIT,MISS,False
397,2025-12-18,NBA,MIA@BKN,MIA,106,BKN,95,201,236.0,11.5,11.5,MIA,BKN,95,UNDER,A,-49.61,1.5,Rule1:UpsetClause,112.2,96.3,128.2,31.9,5,HIT,MISS,False
398,2025-12-18,NBA,NYK@IND,NYK,114,IND,113,227,225.0,2.5,2.5,NYK,IND,113,UNDER,C,-16.49,20.7,Rule4:UnderExecution,111.2,96.6,125.9,29.2,12,HIT,HIT,True
399,2025-12-18,NBA,ORL@DEN,ORL,115,DEN,126,241,238.0,4.5,4.5,DEN,ORL,115,OVER,B,63.66,13.0,Rule1:UpsetClause,116.8,105.2,128.2,23.0,7,HIT,HIT,True
400,2025-12-18,NBA,TOR@MIL,TOR,111,MIL,105,216,218.0,4.5,4.5,TOR,MIL,105,UNDER,B,-30.58,13.0,Rule1:UpsetClause,106.8,95.2,118.2,23.0,7,HIT,HIT,True
401,2025-12-18,NBA,WAS@SAS,WAS,94,SAS,119,213,241.0,16.0,16.0,SAS,WAS,94,OVER,A,19.27,0.3,Rule2:StructuralOutlier,112.5,92.3,132.7,40.4,5,HIT,HIT,True
402,2025-12-19,NBA,CHI@CLE,CHI,136,CLE,125,261,240.0,8.0,8.0,CLE,CHI,136,UNDER,A,-49.57,4.7,Rule1:UpsetClause,116.0,103.4,128.6,25.2,5,MISS,HIT,False
403,2025-12-19,NBA,MIA@BOS,MIA,116,BOS,129,245,234.0,8.0,8.0,BOS,MIA,116,UNDER,A,-11.15,4.7,Rule1:UpsetClause,113.0,100.4,125.6,25.2,5,HIT,HIT,True
404,2025-12-19,NBA,OKC@MIN,OKC,107,MIN,112,219,231.0,7.0,7.0,OKC,MIN,112,OVER,A,48.99,6.4,Rule1:UpsetClause,112.0,100.3,123.7,23.3,5,HIT,HIT,True
405,2025-12-19,NBA,PHI@NYK,PHI,116,NYK,107,223,233.5,3.5,3.5,NYK,PHI,116,OVER,B,2.67,16.6,Rule3:OverExecution,115.0,104.5,125.5,21.0,7,HIT,HIT,True
406,2025-12-19,NBA,SAS@ATL,SAS,126,ATL,98,224,238.5,6.0,6.0,SAS,ATL,98,OVER,A,78.45,8.6,Rule1:UpsetClause,116.2,105.5,127.0,21.4,5,MISS,HIT,False
407,2025-12-20,NBA,BOS@TOR,BOS,112,TOR,96,208,216.5,4.0,4.0,TOR,BOS,112,UNDER,B,-25.51,14.7,Rule1:UpsetClause,106.2,95.2,117.2,22.0,7,HIT,HIT,True
408,2025-12-20,NBA,CHA@DET,CHA,86,DET,123,209,230.0,9.5,9.5,DET,CHA,86,UNDER,A,-7.17,2.9,Rule1:UpsetClause,110.2,96.2,124.3,28.1,5,HIT,MISS,False
409,2025-12-20,NBA,DAL@PHI,DAL,114,PHI,121,235,227.5,2.5,2.5,DAL,PHI,121,OVER,C,16.54,20.7,Rule3:OverExecution,112.5,97.9,127.1,29.2,12,HIT,HIT,True
410,2025-12-20,NBA,HOU@DEN,HOU,115,DEN,101,216,235.0,3.0,3.0,HOU,DEN,101,OVER,C,140.88,18.6,Rule3:OverExecution,116.0,100.8,131.2,30.3,12,HIT,HIT,True
411,2025-12-20,NBA,IND@NOP,IND,109,NOP,128,237,238.5,5.0,5.0,NOP,IND,109,UNDER,B,-20.58,11.4,Rule1:UpsetClause,116.8,104.8,128.8,24.0,7,HIT,HIT,True
412,2025-12-21,NBA,CHI@ATL,CHI,152,ATL,150,302,261.0,2.0,2.0,ATL,CHI,152,OVER,C,17.62,22.8,Rule3:OverExecution,129.5,115.4,143.6,28.2,12,HIT,MISS,False
413,2025-12-21,NBA,HOU@SAC,HOU,124,SAC,125,249,228.5,10.5,10.5,SAC,HOU,124,UNDER,A,-24.63,2.1,Rule1:UpsetClause,109.0,94.0,124.0,29.9,5,MISS,HIT,False
414,2025-12-21,NBA,MIA@NYK,MIA,125,NYK,132,257,231.0,5.0,5.0,NYK,MIA,125,OVER,B,20.13,11.4,Rule1:UpsetClause,113.0,101.0,125.0,24.0,7,HIT,PUSH,False
415,2025-12-21,NBA,MIL@MIN,MIL,100,MIN,103,203,222.5,7.5,7.5,MIN,MIL,100,UNDER,A,-17.36,5.5,Rule1:UpsetClause,107.5,95.4,119.6,24.2,5,HIT,HIT,True
416,2025-12-21,NBA,SAS@WAS,SAS,124,WAS,113,237,236.0,14.0,14.0,WAS,SAS,124,UNDER,A,-14.24,0.6,Rule2:StructuralOutlier,111.0,92.7,129.3,36.6,5,HIT,HIT,True
417,2025-12-21,NBA,TOR@BKN,TOR,81,BKN,96,177,215.5,4.0,4.0,BKN,TOR,81,UNDER,B,-114.4,14.7,Rule1:UpsetClause,105.8,94.8,116.8,22.0,7,HIT,MISS,False
418,2025-12-22,NBA,CHA@CLE,CHA,132,CLE,139,271,251.0,9.5,9.5,CLE,CHA,132,UNDER,A,-41.4,2.9,Rule1:UpsetClause,120.8,106.7,134.8,28.1,5,HIT,HIT,True
419,2025-12-22,NBA,DAL@NOP,DAL,113,NOP,119,232,244.0,4.0,4.0,NOP,DAL,113,OVER,B,42.96,14.7,Rule1:UpsetClause,120.0,109.0,131.0,22.0,7,HIT,HIT,True
420,2025-12-22,NBA,DET@POR,DET,110,POR,102,212,234.5,8.0,8.0,POR,DET,110,OVER,A,59.78,4.7,Rule1:UpsetClause,113.2,100.7,125.8,25.2,5,HIT,HIT,True
421,2025-12-22,NBA,IND@BOS,IND,95,BOS,103,198,232.0,11.0,11.0,BOS,IND,95,UNDER,A,-45.33,1.7,Rule1:UpsetClause,110.5,95.0,126.0,30.9,5,HIT,MISS,False
422,2025-12-22,NBA,MEM@OKC,MEM,103,OKC,119,222,233.5,11.5,11.5,OKC,MEM,103,UNDER,A,-27.16,1.5,Rule1:UpsetClause,111.0,95.1,126.9,31.8,5,HIT,HIT,True
423,2025-12-22,NBA,ORL@GSW,ORL,97,GSW,120,217,229.5,5.0,5.0,GSW,ORL,97,UNDER,B,-3.59,11.4,Rule1:UpsetClause,112.2,100.2,124.2,24.0,7,HIT,MISS,False
424,2025-12-22,NBA,UTA@DEN,UTA,112,DEN,135,247,250.0,20.5,20.5,DEN,UTA,112,OVER,A,93.54,0.1,Rule2:StructuralOutlier,114.8,90.3,139.2,48.9,5,HIT,HIT,True
425,2025-12-23,NBA,BKN@PHI,BKN,114,PHI,106,220,216.5,9.5,9.5,PHI,BKN,114,UNDER,A,-29.24,2.9,Rule1:UpsetClause,103.5,89.5,117.5,28.1,5,HIT,HIT,True
426,2025-12-23,NBA,CHI@ATL,CHI,126,ATL,123,249,254.5,3.5,3.5,ATL,CHI,126,OVER,B,67.16,16.6,Rule3:OverExecution,125.5,115.0,136.0,21.0,7,HIT,HIT,True
427,2025-12-23,NBA,MIL@IND,MIL,111,IND,94,205,217.0,1.5,1.5,MIL,IND,94,UNDER,C,-69.79,25.0,Rule4:UnderExecution,107.8,94.2,121.3,27.2,12,HIT,MISS,False
428,2025-12-23,NBA,NOP@CLE,NOP,118,CLE,141,259,248.5,10.0,10.0,CLE,NOP,118,OVER,A,10.16,2.4,Rule1:UpsetClause,119.2,104.8,133.8,29.0,5,HIT,HIT,True
429,2025-12-23,NBA,TOR@MIA,TOR,112,MIA,91,203,227.5,5.5,5.5,MIA,TOR,112,UNDER,A,-105.62,9.9,Rule1:UpsetClause,111.0,100.8,121.2,20.4,5,HIT,HIT,True
430,2025-12-23,NBA,WAS@CHA,WAS,109,CHA,126,235,229.5,8.0,8.0,CHA,WAS,109,UNDER,A,-32.1,4.7,Rule1:UpsetClause,110.8,98.2,123.3,25.2,5,HIT,HIT,True
431,2025-12-24,NBA,CLE@NYK,CLE,124,NYK,126,250,237.5,3.5,3.5,NYK,CLE,124,OVER,B,31.49,16.6,Rule3:OverExecution,117.0,106.5,127.5,21.0,7,HIT,HIT,True
432,2025-12-24,NBA,DAL@GSW,DAL,116,GSW,126,242,228.5,10.5,10.5,GSW,DAL,116,UNDER,A,-18.4,2.1,Rule1:UpsetClause,109.0,94.0,124.0,29.9,5,HIT,HIT,True
433,2025-12-24,NBA,HOU@LAL,HOU,119,LAL,96,215,233.0,5.0,5.0,HOU,LAL,96,OVER,B,86.63,11.4,Rule1:UpsetClause,114.0,102.0,126.0,24.0,7,MISS,HIT,False
434,2025-12-24,NBA,MIN@DEN,MIN,138,DEN,142,280,232.0,1.0,1.0,DEN,MIN,138,OVER,C,49.05,27.2,Rule3:OverExecution,115.5,102.5,128.6,26.1,12,HIT,MISS,False
435,2025-12-24,NBA,SAS@OKC,SAS,117,OKC,102,219,246.5,10.5,10.5,OKC,SAS,117,OVER,A,14.66,2.1,Rule1:UpsetClause,118.0,103.0,133.0,29.9,5,HIT,HIT,True
436,2025-12-25,NBA,CLE@NYK,CLE,124,NYK,126,250,237.5,3.5,3.5,NYK,CLE,124,OVER,B,41.3,16.6,Rule3:OverExecution,117.0,106.5,127.5,21.0,7,HIT,HIT,True
437,2025-12-25,NBA,DAL@GSW,DAL,116,GSW,126,242,228.5,10.5,10.5,GSW,DAL,116,UNDER,A,-1.91,2.1,Rule1:UpsetClause,109.0,94.0,124.0,29.9,5,HIT,HIT,True
438,2025-12-25,NBA,HOU@LAL,HOU,119,LAL,96,215,233.0,5.0,5.0,HOU,LAL,96,OVER,B,57.4,11.4,Rule1:UpsetClause,114.0,102.0,126.0,24.0,7,MISS,HIT,False
439,2025-12-25,NBA,SAS@OKC,SAS,117,OKC,102,219,246.5,10.5,10.5,OKC,SAS,117,UNDER,A,-17.18,2.1,Rule1:UpsetClause,118.0,103.0,133.0,29.9,5,HIT,HIT,True
440,2025-12-26,NBA,BOS@IND,BOS,140,IND,122,262,229.5,5.0,5.0,BOS,IND,122,UNDER,B,-86.8,11.4,Rule1:UpsetClause,112.2,100.2,124.2,24.0,7,HIT,HIT,True
441,2025-12-26,NBA,CHA@ORL,CHA,120,ORL,105,225,236.5,3.0,3.0,ORL,CHA,120,UNDER,C,-14.92,18.6,Rule4:UnderExecution,116.8,101.6,131.9,30.3,12,HIT,HIT,True
442,2025-12-26,NBA,DET@UTA,DET,129,UTA,131,260,249.0,-8.0,8.0,DET,UTA,131,OVER,A,52.03,48.3,Rule3:OverExecution,120.5,107.9,133.1,25.2,5,HIT,HIT,True
443,2025-12-26,NBA,LAC@POR,LAC,119,POR,103,222,228.5,-3.0,3.0,LAC,POR,103,UNDER,C,-18.89,41.4,Rule4:UnderExecution,112.8,97.6,127.9,30.3,12,HIT,HIT,True
444,2025-12-26,NBA,MIA@ATL,MIA,126,ATL,111,237,254.0,2.5,2.5,ATL,MIA,126,OVER,C,36.87,20.7,Rule3:OverExecution,125.8,111.1,140.4,29.2,12,HIT,HIT,True
445,2025-12-26,NBA,MIL@MEM,MIL,104,MEM,125,229,229.0,2.5,2.5,MEM,MIL,104,UNDER,C,-57.05,20.7,Rule4:UnderExecution,113.2,98.6,127.9,29.2,12,HIT,HIT,True
446,2025-12-26,NBA,PHI@CHI,PHI,102,CHI,109,211,240.0,-5.5,5.5,PHI,CHI,109,OVER,A,32.03,46.0,Rule3:OverExecution,117.2,107.0,127.5,20.4,5,HIT,HIT,True
447,2025-12-26,NBA,PHX@NOP,PHX,115,NOP,108,223,238.5,5.0,5.0,NOP,PHX,115,OVER,B,28.37,11.4,Rule1:UpsetClause,116.8,104.8,128.8,24.0,7,HIT,HIT,True
448,2025-12-26,NBA,TOR@WAS,TOR,117,WAS,138,255,223.0,8.0,8.0,WAS,TOR,117,UNDER,A,-127.48,4.7,Rule1:UpsetClause,107.5,94.9,120.1,25.2,5,HIT,HIT,True
449,2025-12-27,NBA,BKN@MIN,BKN,123,MIN,107,230,225.5,12.0,12.0,BKN,MIN,107,UNDER,A,-30.54,1.2,Rule1:UpsetClause,106.8,90.3,123.2,32.8,5,HIT,HIT,True
450,2025-12-27,NBA,CLE@HOU,CLE,100,HOU,117,217,228.5,2.0,2.0,HOU,CLE,100,OVER,C,49.11,22.8,Rule3:OverExecution,113.2,99.2,127.3,28.2,12,HIT,HIT,True
451,2025-12-27,NBA,DAL@SAC,DAL,107,SAC,113,220,236.5,1.0,1.0,SAC,DAL,107,UNDER,C,-41.03,27.2,Rule4:UnderExecution,117.8,104.7,130.8,26.1,12,HIT,HIT,True
452,2025-12-27,NBA,DEN@ORL,DEN,126,ORL,127,253,239.0,1.5,1.5,ORL,DEN,126,OVER,C,78.29,25.0,Rule3:OverExecution,118.8,105.2,132.3,27.1,12,HIT,HIT,True
453,2025-12-27,NBA,IND@MIA,IND,116,MIA,142,258,238.5,6.5,6.5,MIA,IND,116,UNDER,A,-81.97,7.4,Rule1:UpsetClause,116.0,104.8,127.2,22.3,5,HIT,HIT,True
454,2025-12-27,NBA,MIL@CHI,MIL,112,CHI,103,215,229.5,3.0,3.0,MIL,CHI,103,UNDER,C,-7.85,18.6,Rule4:UnderExecution,113.2,98.1,128.4,30.3,12,HIT,HIT,True
455,2025-12-27,NBA,NYK@ATL,NYK,128,ATL,125,253,243.5,4.5,4.5,NYK,ATL,125,OVER,B,61.82,13.0,Rule1:UpsetClause,119.5,108.0,131.0,23.0,7,HIT,HIT,True
456,2025-12-27,NBA,PHX@NOP,PHX,123,NOP,114,237,238.0,4.5,4.5,PHX,NOP,114,UNDER,B,-28.42,13.0,Rule1:UpsetClause,116.8,105.2,128.2,23.0,7,HIT,HIT,True
457,2025-12-27,NBA,UTA@SAS,UTA,127,SAS,114,241,243.5,13.0,13.0,UTA,SAS,114,OVER,A,55.87,0.9,Rule2:StructuralOutlier,115.2,97.9,132.6,34.7,5,HIT,HIT,True
458,2025-12-28,NBA,BOS@POR,BOS,108,POR,114,222,231.5,9.5,9.5,POR,BOS,108,UNDER,A,-1.62,2.9,Rule1:UpsetClause,111.0,97.0,125.0,28.1,5,HIT,HIT,True
459,2025-12-28,NBA,DET@LAC,DET,99,LAC,112,211,227.5,1.0,1.0,LAC,DET,99,UNDER,C,-11.56,27.2,Rule4:UnderExecution,113.2,100.2,126.3,26.1,12,HIT,MISS,False
460,2025-12-28,NBA,GSW@TOR,GSW,127,TOR,141,268,233.0,6.0,6.0,TOR,GSW,127,UNDER,A,-40.11,8.6,Rule1:UpsetClause,113.5,102.8,124.2,21.4,5,MISS,HIT,False
461,2025-12-28,NBA,MEM@WAS,MEM,112,WAS,116,228,244.5,8.0,8.0,WAS,MEM,112,UNDER,A,-36.62,4.7,Rule1:UpsetClause,118.2,105.7,130.8,25.2,5,HIT,HIT,True
462,2025-12-28,NBA,PHI@OKC,PHI,104,OKC,129,233,230.5,17.5,17.5,OKC,PHI,104,UNDER,A,-47.22,0.2,Rule2:StructuralOutlier,106.5,84.9,128.1,43.2,5,HIT,HIT,True
463,2025-12-28,NBA,SAC@LAL,SAC,101,LAL,125,226,231.5,12.0,12.0,LAL,SAC,101,UNDER,A,-23.79,1.2,Rule1:UpsetClause,109.8,93.3,126.2,32.8,5,HIT,HIT,True
464,2025-12-29,NBA,ATL@OKC,ATL,129,OKC,140,269,236.0,17.0,17.0,OKC,ATL,129,OVER,A,5.49,0.2,Rule2:StructuralOutlier,109.5,88.3,130.7,42.3,5,HIT,HIT,True
465,2025-12-29,NBA,CLE@SAS,CLE,113,SAS,101,214,239.5,1.5,1.5,SAS,CLE,113,UNDER,C,-2.26,25.0,Rule4:UnderExecution,119.0,105.4,132.6,27.1,12,HIT,HIT,True
466,2025-12-29,NBA,DAL@POR,DAL,122,POR,125,247,233.0,2.0,2.0,POR,DAL,122,OVER,C,1.2,22.8,Rule3:OverExecution,115.5,101.4,129.6,28.2,12,HIT,HIT,True
467,2025-12-29,NBA,DEN@MIA,DEN,123,MIA,147,270,245.0,1.5,1.5,MIA,DEN,123,OVER,C,70.99,25.0,Rule3:OverExecution,121.8,108.2,135.3,27.1,12,HIT,HIT,True
468,2025-12-29,NBA,GSW@BKN,GSW,120,BKN,107,227,233.0,2.0,2.0,BKN,GSW,120,UNDER,C,-70.91,22.8,Rule4:UnderExecution,115.5,101.4,129.6,28.2,12,HIT,HIT,True
469,2025-12-29,NBA,IND@HOU,IND,119,HOU,126,245,220.5,15.5,15.5,HOU,IND,119,UNDER,A,-31.41,0.4,Rule2:StructuralOutlier,102.5,82.8,122.2,39.4,5,HIT,HIT,True
470,2025-12-29,NBA,MIL@CHA,MIL,123,CHA,113,236,226.5,4.0,4.0,MIL,CHA,113,UNDER,B,-42.07,14.7,Rule1:UpsetClause,111.2,100.2,122.2,22.0,7,HIT,HIT,True
471,2025-12-29,NBA,MIN@CHI,MIN,136,CHI,101,237,230.0,6.0,6.0,CHI,MIN,136,OVER,A,31.02,8.6,Rule1:UpsetClause,112.0,101.3,122.7,21.4,5,HIT,MISS,False
472,2025-12-29,NBA,NYK@NOP,NYK,130,NOP,125,255,253.0,9.5,9.5,NOP,NYK,130,OVER,A,27.62,2.9,Rule1:UpsetClause,121.8,107.7,135.8,28.1,5,HIT,HIT,True
473,2025-12-29,NBA,ORL@TOR,ORL,106,TOR,107,213,216.5,6.0,6.0,TOR,ORL,106,OVER,A,25.62,8.6,Rule1:UpsetClause,105.2,94.5,116.0,21.4,5,HIT,HIT,True
474,2025-12-29,NBA,PHX@WAS,PHX,115,WAS,101,216,230.0,11.0,11.0,PHX,WAS,101,UNDER,A,-52.69,1.7,Rule1:UpsetClause,109.5,94.0,125.0,30.9,5,HIT,HIT,True
475,2025-12-30,NBA,BOS@UTA,BOS,129,UTA,119,248,247.0,4.0,4.0,BOS,UTA,119,OVER,B,60.59,14.7,Rule1:UpsetClause,121.5,110.5,132.5,22.0,7,HIT,HIT,True
476,2025-12-30,NBA,DET@LAL,DET,128,LAL,106,234,238.5,3.0,3.0,DET,LAL,106,UNDER,C,-5.37,18.6,Rule4:UnderExecution,117.8,102.6,132.9,30.3,12,HIT,HIT,True
477,2025-12-30,NBA,PHI@MEM,PHI,139,MEM,136,275,237.5,3.5,3.5,PHI,MEM,136,UNDER,B,-40.35,16.6,Rule4:UnderExecution,117.0,106.5,127.5,21.0,7,MISS,HIT,False
478,2025-12-30,NBA,SAC@LAC,SAC,90,LAC,131,221,216.5,10.0,10.0,LAC,SAC,90,UNDER,A,-62.34,2.4,Rule1:UpsetClause,103.2,88.8,117.8,29.0,5,HIT,HIT,True
479,2025-12-31,NBA,DEN@TOR,DEN,106,TOR,103,209,230.5,6.0,6.0,TOR,DEN,106,OVER,A,93.79,8.6,Rule1:UpsetClause,112.2,101.5,123.0,21.4,5,HIT,HIT,True
480,2025-12-31,NBA,GSW@CHA,GSW,132,CHA,125,257,239.0,8.0,8.0,CHA,GSW,132,UNDER,A,-4.33,4.7,Rule1:UpsetClause,115.5,102.9,128.1,25.2,5,MISS,HIT,False
481,2025-12-31,NBA,MIN@ATL,MIN,102,ATL,126,228,247.5,3.0,3.0,ATL,MIN,102,OVER,C,85.24,18.6,Rule3:OverExecution,122.2,107.1,137.4,30.3,12,MISS,HIT,False
482,2025-12-31,NBA,ORL@IND,ORL,112,IND,110,222,228.5,7.0,7.0,IND,ORL,112,UNDER,A,-40.03,6.4,Rule1:UpsetClause,110.8,99.1,122.4,23.3,5,HIT,HIT,True
483,2025-12-31,NBA,PHX@CLE,PHX,113,CLE,129,242,237.5,11.0,11.0,CLE,PHX,113,UNDER,A,-2.38,1.7,Rule1:UpsetClause,113.2,97.8,128.7,30.9,5,HIT,HIT,True
484,2025-12-31,NBA,POR@OKC,POR,95,OKC,124,219,230.5,18.5,18.5,OKC,POR,95,UNDER,A,-9.3,0.1,Rule2:StructuralOutlier,106.0,83.4,128.6,45.1,5,HIT,HIT,True
485,2025-12-31,NBA,WAS@MIL,WAS,114,MIL,113,227,233.0,15.0,15.0,MIL,WAS,114,UNDER,A,-37.62,0.4,Rule2:StructuralOutlier,109.0,89.8,128.2,38.5,5,HIT,HIT,True
486,2026-01-01,NBA,BOS@SAC,BOS,120,SAC,106,226,234.5,8.0,8.0,BOS,SAC,106,UNDER,A,-40.27,4.7,Rule1:UpsetClause,113.2,100.7,125.8,25.2,5,HIT,HIT,True
487,2026-01-01,NBA,HOU@BKN,HOU,120,BKN,96,216,217.5,17.0,17.0,HOU,BKN,96,UNDER,A,-22.41,0.2,Rule2:StructuralOutlier,100.2,79.1,121.4,42.3,5,HIT,HIT,True
488,2026-01-01,NBA,MIA@DET,MIA,118,DET,112,230,238.5,2.5,2.5,DET,MIA,118,OVER,C,11.74,20.7,Rule3:OverExecution,118.0,103.4,132.6,29.2,12,HIT,HIT,True
489,2026-01-01,NBA,PHI@DAL,PHI,123,DAL,108,231,234.0,1.0,1.0,DAL,PHI,123,OVER,C,19.17,27.2,Rule3:OverExecution,116.5,103.5,129.6,26.1,12,HIT,HIT,True
490,2026-01-01,NBA,UTA@LAC,UTA,101,LAC,118,219,225.0,20.0,20.0,LAC,UTA,101,OVER,A,32.67,0.1,Rule2:StructuralOutlier,102.5,78.5,126.5,48.0,5,HIT,HIT,True
491,2026-01-01,WNBA,LV@CHI,LV,83,CHI,84,167,184.0,5.5,5.5,LV,CHI,84,UNDER,A,-6.88,9.9,Rule1:UpsetClause,89.2,79.0,99.5,20.4,5,HIT,HIT,True
492,2026-01-01,WNBA,NY@PHO,NY,94,PHO,92,186,177.0,2.5,2.5,NY,PHO,92,UNDER,C,0.0,20.7,Rule4:UnderDefault,87.2,72.6,101.9,29.2,12,HIT,HIT,True
493,2026-01-01,WNBA,ATL@WAS,ATL,76,WAS,81,157,167.0,8.5,8.5,ATL,WAS,81,UNDER,A,-17.27,4.0,Rule1:UpsetClause,79.2,66.2,92.3,26.2,5,HIT,HIT,True
494,2026-01-01,WNBA,DAL@CON,DAL,86,CON,83,169,172.0,6.5,6.5,DAL,CON,83,OVER,A,9.67,7.4,Rule1:UpsetClause,82.8,71.6,93.9,22.3,5,HIT,HIT,True
495,2026-01-01,WNBA,SEA@PHO,SEA,67,PHO,90,157,170.5,4.5,4.5,SEA,PHO,90,UNDER,B,0.0,13.0,Rule1:UpsetClause,83.0,71.5,94.5,23.0,7,HIT,HIT,True
496,2026-01-02,NBA,ATL@NYK,ATL,111,NYK,99,210,247.5,6.0,6.0,NYK,ATL,111,OVER,A,67.59,8.6,Rule1:UpsetClause,120.8,110.0,131.4,21.4,5,HIT,HIT,True
497,2026-01-02,NBA,BKN@WAS,BKN,99,WAS,119,218,230.0,5.0,5.0,WAS,BKN,99,UNDER,B,-50.71,11.4,Rule1:UpsetClause,112.5,100.5,124.5,24.0,7,HIT,MISS,False
498,2026-01-02,NBA,CHA@MIL,CHA,121,MIL,122,243,240.5,5.0,5.0,MIL,CHA,121,UNDER,B,-19.91,11.4,Rule1:UpsetClause,117.8,105.8,129.8,24.0,7,HIT,HIT,True
499,2026-01-02,NBA,DEN@CLE,DEN,108,CLE,113,221,237.0,14.0,14.0,CLE,DEN,108,OVER,A,75.86,0.6,Rule2:StructuralOutlier,111.5,93.2,129.8,36.6,5,HIT,HIT,True
500,2026-01-02,NBA,MEM@LAL,MEM,121,LAL,128,249,240.5,8.0,8.0,LAL,MEM,121,UNDER,A,-5.53,4.7,Rule1:UpsetClause,116.2,103.7,128.8,25.2,5,HIT,HIT,True
501,2026-01-02,NBA,OKC@GSW,OKC,131,GSW,94,225,220.0,16.5,16.5,GSW,OKC,131,OVER,A,79.04,0.3,Rule2:StructuralOutlier,101.8,81.1,122.4,41.3,5,HIT,MISS,False
502,2026-01-02,NBA,ORL@CHI,ORL,114,CHI,121,235,225.0,8.5,8.5,CHI,ORL,114,UNDER,A,-37.46,4.0,Rule1:UpsetClause,108.2,95.2,121.3,26.2,5,HIT,HIT,True
503,2026-01-02,NBA,POR@NOP,POR,122,NOP,109,231,252.5,3.5,3.5,NOP,POR,122,UNDER,B,-10.46,16.6,Rule4:UnderExecution,124.5,114.0,135.0,21.0,7,HIT,HIT,True
504,2026-01-02,NBA,SAC@PHX,SAC,102,PHX,129,231,226.0,14.5,14.5,PHX,SAC,102,UNDER,A,-74.47,0.5,Rule2:StructuralOutlier,105.8,87.0,124.5,37.6,5,HIT,HIT,True
505,2026-01-02,NBA,SAS@IND,SAS,123,IND,113,236,243.0,1.0,1.0,SAS,IND,113,UNDER,C,-33.27,27.2,Rule4:UnderExecution,121.0,108.0,134.1,26.1,12,HIT,HIT,True
506,2026-01-02,WNBA,ATL@WAS,ATL,76,WAS,81,157,167.0,8.5,8.5,ATL,WAS,81,UNDER,A,-48.52,4.0,Rule1:UpsetClause,79.2,66.2,92.3,26.2,5,HIT,HIT,True
507,2026-01-02,WNBA,DAL@CON,DAL,86,CON,83,169,172.0,6.5,6.5,DAL,CON,83,OVER,A,3.87,7.4,Rule1:UpsetClause,82.8,71.6,93.9,22.3,5,HIT,HIT,True
508,2026-01-02,WNBA,SEA@PHO,SEA,67,PHO,90,157,170.5,4.5,4.5,SEA,PHO,90,UNDER,B,0.0,13.0,Rule1:UpsetClause,83.0,71.5,94.5,23.0,7,HIT,HIT,True
509,2026-01-03,NBA,ATL@TOR,ATL,117,TOR,134,251,226.5,4.0,4.0,TOR,ATL,117,OVER,B,15.7,14.7,Rule1:UpsetClause,111.2,100.2,122.2,22.0,7,HIT,HIT,True
510,2026-01-03,NBA,BOS@LAC,BOS,146,LAC,115,261,221.5,3.5,3.5,LAC,BOS,146,UNDER,B,-26.95,16.6,Rule4:UnderExecution,109.0,98.5,119.5,21.0,7,MISS,HIT,False
511,2026-01-03,NBA,CHA@CHI,CHA,112,CHI,99,211,244.0,2.5,2.5,CHI,CHA,112,UNDER,C,-45.15,20.7,Rule4:UnderExecution,120.8,106.1,135.4,29.2,12,HIT,HIT,True
512,2026-01-03,NBA,HOU@DAL,HOU,104,DAL,110,214,227.0,-9.5,9.5,HOU,DAL,110,UNDER,A,-1.52,49.0,Rule4:UnderExecution,108.8,94.7,122.8,28.1,5,HIT,HIT,True
513,2026-01-03,NBA,MIN@MIA,MIN,125,MIA,115,240,234.0,6.5,6.5,MIN,MIA,115,OVER,A,21.78,7.4,Rule1:UpsetClause,113.8,102.6,124.9,22.3,5,HIT,HIT,True
514,2026-01-03,NBA,PHI@NYK,PHI,130,NYK,119,249,227.5,4.0,4.0,NYK,PHI,130,OVER,B,8.23,14.7,Rule1:UpsetClause,111.8,100.8,122.8,22.0,7,HIT,MISS,False
515,2026-01-03,NBA,POR@SAS,POR,115,SAS,110,225,237.5,-5.0,5.0,POR,SAS,110,UNDER,B,-20.91,45.3,Rule4:UnderExecution,116.2,104.2,128.2,24.0,7,HIT,HIT,True
516,2026-01-03,NBA,UTA@GSW,UTA,114,GSW,123,237,249.5,9.0,9.0,GSW,UTA,114,OVER,A,46.12,3.4,Rule1:UpsetClause,120.2,106.7,133.8,27.1,5,HIT,HIT,True
517,2026-01-03,WNBA,MIN@NY,MIN,86,NY,99,185,175.0,2.5,2.5,NY,MIN,86,OVER,C,52.42,20.7,Rule3:OverExecution,86.2,71.6,100.9,29.2,12,HIT,HIT,True
518,2026-01-03,WNBA,CHI@LV,CHI,90,LV,98,188,180.0,4.5,4.5,LV,CHI,90,UNDER,B,-25.9,13.0,Rule1:UpsetClause,87.8,76.2,99.2,23.0,7,HIT,HIT,True
519,2026-01-04,NBA,DEN@BKN,DEN,115,BKN,127,242,223.5,1.5,1.5,BKN,DEN,115,OVER,C,17.09,25.0,Rule3:OverExecution,111.0,97.4,124.6,27.2,12,HIT,HIT,True
520,2026-01-04,NBA,DET@CLE,DET,114,CLE,110,224,240.5,3.5,3.5,CLE,DET,114,UNDER,B,-20.48,16.6,Rule4:UnderExecution,118.5,108.0,129.0,21.0,7,HIT,HIT,True
521,2026-01-04,NBA,IND@ORL,IND,127,ORL,135,262,234.0,5.5,5.5,ORL,IND,127,UNDER,A,-8.16,9.9,Rule1:UpsetClause,114.2,104.0,124.5,20.4,5,MISS,HIT,False
522,2026-01-04,NBA,MEM@LAL,MEM,114,LAL,120,234,241.0,3.5,3.5,LAL,MEM,114,UNDER,B,-3.85,16.6,Rule4:UnderExecution,118.8,108.2,129.2,21.0,7,HIT,HIT,True
523,2026-01-04,NBA,MIL@SAC,MIL,115,SAC,98,213,223.0,5.0,5.0,SAC,MIL,115,UNDER,B,-81.48,11.4,Rule1:UpsetClause,109.0,97.0,121.0,24.0,7,HIT,HIT,True
524,2026-01-04,NBA,MIN@WAS,MIN,141,WAS,115,256,245.0,12.0,12.0,WAS,MIN,141,OVER,A,8.99,1.2,Rule1:UpsetClause,116.5,100.1,132.9,32.8,5,HIT,MISS,False
525,2026-01-04,NBA,NOP@MIA,NOP,106,MIA,125,231,258.0,7.0,7.0,MIA,NOP,106,UNDER,A,-6.64,6.4,Rule1:UpsetClause,125.5,113.8,137.2,23.3,5,HIT,MISS,False
526,2026-01-04,NBA,OKC@PHX,OKC,105,PHX,108,213,227.0,-12.5,12.5,OKC,PHX,108,OVER,A,10.16,49.6,Rule2:StructuralOutlier,107.2,90.4,124.1,33.8,5,HIT,HIT,True
527,2026-01-04,WNBA,GS@ATL,GS,88,ATL,83,171,163.0,4.5,4.5,ATL,GS,88,UNDER,B,-20.73,13.0,Rule1:UpsetClause,79.2,67.8,90.8,23.0,7,HIT,HIT,True
528,2026-01-04,WNBA,PDX@SEA,PDX,77,SEA,72,149,173.5,4.5,4.5,SEA,PDX,77,UNDER,B,0.0,13.0,Rule1:UpsetClause,84.5,73.0,96.0,23.0,7,HIT,HIT,True
529,2026-01-05,NBA,ATL@TOR,ATL,100,TOR,118,218,237.0,2.5,2.5,TOR,ATL,100,OVER,C,44.89,20.7,Rule3:OverExecution,117.2,102.6,131.9,29.2,12,MISS,HIT,False
530,2026-01-05,NBA,CHA@OKC,CHA,124,OKC,97,221,235.0,16.0,16.0,OKC,CHA,124,UNDER,A,-26.98,0.3,Rule2:StructuralOutlier,109.5,89.3,129.7,40.4,5,HIT,HIT,True
531,2026-01-05,NBA,CHI@BOS,CHI,101,BOS,115,216,236.0,10.5,10.5,BOS,CHI,101,OVER,A,5.48,2.1,Rule1:UpsetClause,112.8,97.8,127.7,29.9,5,HIT,HIT,True
532,2026-01-05,NBA,DEN@PHI,DEN,125,PHI,124,249,228.0,15.0,15.0,PHI,DEN,125,OVER,A,85.18,0.4,Rule2:StructuralOutlier,106.5,87.2,125.8,38.5,5,HIT,HIT,True
533,2026-01-05,NBA,GSW@LAC,GSW,102,LAC,103,205,222.5,4.0,4.0,LAC,GSW,102,OVER,B,11.96,14.7,Rule1:UpsetClause,109.2,98.2,120.2,22.0,7,HIT,HIT,True
534,2026-01-05,NBA,NY@DET,NY,90,DET,121,211,233.0,1.0,1.0,NY,DET,121,UNDER,C,-2.38,27.2,Rule4:UnderExecution,116.0,103.0,129.1,26.1,12,HIT,HIT,True
535,2026-01-05,NBA,PHX@HOU,PHX,97,HOU,100,197,222.5,9.0,9.0,HOU,PHX,97,OVER,A,12.88,3.4,Rule1:UpsetClause,106.8,93.2,120.3,27.1,5,HIT,HIT,True
536,2026-01-05,NBA,UTA@POR,UTA,117,POR,137,254,242.0,5.5,5.5,POR,UTA,117,OVER,A,8.26,9.9,Rule1:UpsetClause,118.2,108.0,128.5,20.4,5,HIT,HIT,True
537,2026-01-05,WNBA,DAL@TOR,DAL,89,TOR,76,165,185.5,6.5,6.5,DAL,TOR,76,UNDER,A,-38.47,7.4,Rule1:UpsetClause,89.5,78.3,100.7,22.3,5,HIT,MISS,False
538,2026-01-05,WNBA,IND@LV,IND,84,LV,68,152,181.5,2.5,2.5,LV,IND,84,UNDER,C,-2.85,20.7,Rule4:UnderExecution,89.5,74.9,104.1,29.2,12,HIT,HIT,True
539,2026-01-06,NBA,CLE@IND,CLE,120,IND,116,236,236.5,6.5,6.5,CLE,IND,116,UNDER,A,-49.43,7.4,Rule1:UpsetClause,115.0,103.8,126.2,22.3,5,HIT,HIT,True
540,2026-01-06,NBA,DAL@SAC,DAL,100,SAC,98,198,234.0,5.0,5.0,SAC,DAL,100,UNDER,B,-73.0,11.4,Rule1:UpsetClause,114.5,102.5,126.5,24.0,7,HIT,MISS,False
541,2026-01-06,NBA,LAL@NOP,LAL,111,NOP,103,214,246.0,5.5,5.5,LAL,NOP,103,UNDER,A,-18.78,9.9,Rule1:UpsetClause,120.2,110.0,130.5,20.4,5,HIT,MISS,False
542,2026-01-06,NBA,MIA@MIN,MIA,94,MIN,122,216,238.0,5.5,5.5,MIN,MIA,94,OVER,A,31.95,9.9,Rule1:UpsetClause,116.2,106.0,126.5,20.4,5,MISS,HIT,False
543,2026-01-06,NBA,ORL@WAS,ORL,112,WAS,120,232,235.5,7.5,7.5,ORL,WAS,120,UNDER,A,-13.54,5.5,Rule1:UpsetClause,114.0,101.9,126.1,24.2,5,HIT,HIT,True
544,2026-01-06,NBA,SAS@MEM,SAS,105,MEM,106,211,238.0,6.0,6.0,MEM,SAS,105,UNDER,A,-11.47,8.6,Rule1:UpsetClause,116.0,105.3,126.7,21.4,5,HIT,MISS,False
545,2026-01-06,WNBA,GS@WAS,GS,62,WAS,49,111,155.0,7.5,7.5,GS,WAS,49,UNDER,A,-29.91,5.5,Rule1:UpsetClause,73.8,61.6,85.9,24.2,5,HIT,MISS,False
546,2026-01-06,WNBA,CON@MIN,CON,90,MIN,89,179,165.5,11.5,11.5,MIN,CON,90,UNDER,A,-1.66,1.5,Rule1:UpsetClause,77.0,61.1,92.9,31.8,5,HIT,HIT,True
547,2026-01-06,WNBA,SEA@LA,SEA,82,LA,64,146,177.0,4.5,4.5,SEA,LA,64,UNDER,B,-148.17,13.0,Rule1:UpsetClause,86.2,74.8,97.8,23.0,7,HIT,MISS,False
548,2026-01-07,NBA,CHI@DET,CHI,93,DET,108,201,227.0,8.0,8.0,DET,CHI,93,UNDER,A,-58.04,4.7,Rule1:UpsetClause,109.5,96.9,122.1,25.2,5,HIT,MISS,False
549,2026-01-07,NBA,DEN@BOS,DEN,114,BOS,110,224,229.5,9.5,9.5,BOS,DEN,114,OVER,A,79.55,2.9,Rule1:UpsetClause,110.0,96.0,124.0,28.1,5,HIT,HIT,True
550,2026-01-07,NBA,LAC@NYK,LAC,111,NYK,123,234,223.0,5.5,5.5,NYK,LAC,111,OVER,A,10.73,9.9,Rule1:UpsetClause,108.8,98.5,119.0,20.4,5,HIT,HIT,True
551,2026-01-07,NBA,LAL@SAS,LAL,91,SAS,107,198,233.5,8.5,8.5,SAS,LAL,91,UNDER,A,-24.79,4.0,Rule1:UpsetClause,112.5,99.4,125.6,26.2,5,HIT,MISS,False
552,2026-01-07,NBA,MIL@GSW,MIL,113,GSW,120,233,228.0,6.5,6.5,GSW,MIL,113,UNDER,A,-46.49,7.4,Rule1:UpsetClause,110.8,99.6,121.9,22.3,5,HIT,HIT,True
553,2026-01-07,NBA,NOP@ATL,NOP,100,ATL,117,217,247.0,10.5,10.5,ATL,NOP,100,UNDER,A,-54.92,2.1,Rule1:UpsetClause,118.2,103.3,133.2,29.9,5,HIT,MISS,False
554,2026-01-07,NBA,ORL@BKN,ORL,104,BKN,103,207,221.0,2.5,2.5,ORL,BKN,103,UNDER,C,-4.34,20.7,Rule4:UnderExecution,109.2,94.6,123.9,29.2,12,HIT,HIT,True
555,2026-01-07,NBA,PHX@MEM,PHX,117,MEM,98,215,231.5,6.0,6.0,PHX,MEM,98,UNDER,A,-46.24,8.6,Rule1:UpsetClause,112.8,102.0,123.5,21.4,5,HIT,MISS,False
556,2026-01-07,NBA,TOR@CHA,TOR,97,CHA,96,193,229.5,2.0,2.0,TOR,CHA,96,UNDER,C,-33.77,22.8,Rule4:UnderExecution,113.8,99.7,127.8,28.2,12,HIT,MISS,False
557,2026-01-07,NBA,UTA@OKC,UTA,125,OKC,129,254,243.5,19.5,19.5,OKC,UTA,125,OVER,A,11.16,0.1,Rule2:StructuralOutlier,112.0,88.5,135.5,47.1,5,HIT,HIT,True
558,2026-01-07,NBA,WAS@PHI,WAS,110,PHI,131,241,234.0,16.0,16.0,PHI,WAS,110,UNDER,A,-5.1,0.3,Rule2:StructuralOutlier,109.0,88.8,129.2,40.4,5,HIT,HIT,True
559,2026-01-07,WNBA,DAL@NY,DAL,88,NY,77,165,175.5,4.5,4.5,NY,DAL,88,UNDER,B,-59.03,13.0,Rule1:UpsetClause,85.5,74.0,97.0,23.0,7,HIT,HIT,True
560,2026-01-07,WNBA,CHI@PHO,CHI,77,PHO,66,143,172.5,4.5,4.5,PHO,CHI,77,UNDER,B,-56.88,13.0,Rule1:UpsetClause,84.0,72.5,95.5,23.0,7,HIT,HIT,True
561,2026-01-08,NBA,CLE@MIN,CLE,122,MIN,131,253,239.5,2.5,2.5,MIN,CLE,122,UNDER,C,-13.58,20.7,Rule4:UnderExecution,118.5,103.9,133.1,29.2,12,HIT,HIT,True
562,2026-01-08,NBA,DAL@UTA,DAL,114,UTA,116,230,243.5,5.0,5.0,DAL,UTA,116,OVER,B,9.47,11.4,Rule1:UpsetClause,119.2,107.2,131.2,24.0,7,HIT,HIT,True
563,2026-01-08,NBA,IND@CHA,IND,114,CHA,112,226,233.0,4.0,4.0,CHA,IND,114,UNDER,B,-50.5,14.7,Rule1:UpsetClause,114.5,103.5,125.5,22.0,7,HIT,HIT,True
564,2026-01-08,WNBA,GS@TOR,GS,83,TOR,75,158,165.0,8.5,8.5,TOR,GS,83,UNDER,A,-33.49,4.0,Rule1:UpsetClause,78.2,65.2,91.3,26.2,5,HIT,HIT,True
565,2026-01-08,WNBA,MIN@CON,MIN,86,CON,80,166,166.5,7.5,7.5,MIN,CON,80,OVER,A,47.88,5.5,Rule1:UpsetClause,79.5,67.4,91.6,24.2,5,HIT,HIT,True
566,2026-01-08,WNBA,IND@LA,IND,92,LA,106,198,183.0,6.5,6.5,IND,LA,106,UNDER,A,-58.79,7.4,Rule1:UpsetClause,88.2,77.1,99.4,22.3,5,MISS,HIT,False
567,2026-01-09,NBA,ATL@DEN,ATL,110,DEN,87,197,229.5,3.0,3.0,ATL,DEN,87,OVER,C,36.92,18.6,Rule3:OverExecution,113.2,98.1,128.4,30.3,12,MISS,HIT,False
568,2026-01-09,NBA,HOU@POR,HOU,105,POR,111,216,222.5,7.0,7.0,HOU,POR,111,UNDER,A,-26.93,6.4,Rule1:UpsetClause,107.8,96.1,119.4,23.3,5,HIT,HIT,True
569,2026-01-09,NBA,LAC@BKN,LAC,121,BKN,105,226,215.0,6.0,6.0,LAC,BKN,105,UNDER,A,-27.57,8.6,Rule1:UpsetClause,104.5,93.8,115.2,21.4,5,HIT,HIT,True
570,2026-01-09,NBA,MIL@LAL,MIL,105,LAL,101,206,228.5,3.0,3.0,LAL,MIL,105,UNDER,C,-38.57,18.6,Rule4:UnderExecution,112.8,97.6,127.9,30.3,12,HIT,HIT,True
571,2026-01-09,NBA,NOP@WAS,NOP,128,WAS,107,235,244.0,3.0,3.0,NOP,WAS,107,UNDER,C,-81.02,18.6,Rule4:UnderExecution,120.5,105.3,135.7,30.3,12,HIT,HIT,True
572,2026-01-09,NBA,NYK@PHX,NYK,107,PHX,112,219,229.0,1.0,1.0,NYK,PHX,112,OVER,C,2.89,27.2,Rule3:OverExecution,114.0,101.0,127.0,26.1,12,HIT,HIT,True
573,2026-01-09,NBA,OKC@MEM,OKC,117,MEM,116,233,230.0,6.0,6.0,OKC,MEM,116,UNDER,A,-42.67,8.6,Rule1:UpsetClause,112.0,101.3,122.7,21.4,5,HIT,HIT,True
574,2026-01-09,NBA,PHI@ORL,PHI,103,ORL,91,194,227.0,3.5,3.5,PHI,ORL,91,OVER,B,63.07,16.6,Rule3:OverExecution,111.8,101.2,122.2,21.0,7,MISS,HIT,False
575,2026-01-09,NBA,SAC@GSW,SAC,103,GSW,137,240,231.5,15.0,15.0,GSW,SAC,103,UNDER,A,-66.37,0.4,Rule2:StructuralOutlier,108.2,89.0,127.5,38.5,5,HIT,HIT,True
576,2026-01-09,NBA,TOR@BOS,TOR,117,BOS,125,242,223.5,9.5,9.5,BOS,TOR,117,UNDER,A,-51.09,2.9,Rule1:UpsetClause,107.0,93.0,121.0,28.1,5,HIT,HIT,True
577,2026-01-09,WNBA,SEA@ATL,SEA,78,ATL,89,167,170.5,12.5,12.5,ATL,SEA,78,UNDER,A,-89.48,1.0,Rule2:StructuralOutlier,79.0,62.1,95.9,33.8,5,HIT,HIT,True
578,2026-01-09,WNBA,IND@PHO,IND,92,PHO,89,181,172.0,1.5,1.5,IND,PHO,89,UNDER,C,-48.66,25.0,Rule4:UnderExecution,85.2,71.7,98.8,27.2,12,HIT,HIT,True
579,2026-01-09,WNBA,LV@PDX,LV,88,PDX,80,168,175.5,9.5,9.5,LV,PDX,80,UNDER,A,-88.5,2.9,Rule1:UpsetClause,83.0,69.0,97.0,28.1,5,HIT,HIT,True
580,2026-01-10,NBA,LAC@DET,LAC,98,DET,92,190,214.5,1.5,1.5,DET,LAC,98,UNDER,C,-14.6,25.0,Rule4:UnderExecution,106.5,92.9,120.1,27.2,12,HIT,HIT,True
581,2026-01-10,NBA,MIA@IND,MIA,99,IND,123,222,237.0,6.5,6.5,IND,MIA,99,UNDER,A,-43.29,7.4,Rule1:UpsetClause,115.2,104.1,126.4,22.3,5,HIT,MISS,False
582,2026-01-10,NBA,MIN@CLE,MIN,134,CLE,146,280,240.0,3.0,3.0,CLE,MIN,134,OVER,C,29.63,18.6,Rule3:OverExecution,118.5,103.3,133.7,30.3,12,HIT,MISS,False
583,2026-01-10,NBA,SA@BOS,SA,100,BOS,95,195,230.5,1.5,1.5,SA,BOS,95,OVER,C,21.68,25.0,Rule3:OverExecution,114.5,100.9,128.1,27.1,12,MISS,HIT,False
584,2026-01-10,NBA,SAS@BOS,SAS,100,BOS,95,195,230.5,1.5,1.5,SAS,BOS,95,UNDER,C,-44.69,25.0,Rule4:UnderExecution,114.5,100.9,128.1,27.1,12,HIT,MISS,False
585,2026-01-10,WNBA,DAL@TOR,DAL,108,TOR,95,203,179.5,8.5,8.5,DAL,TOR,95,UNDER,A,-94.74,4.0,Rule1:UpsetClause,85.5,72.4,98.6,26.2,5,HIT,HIT,True
586,2026-01-10,WNBA,GS@CON,GS,79,CON,64,143,153.0,6.5,6.5,GS,CON,64,UNDER,A,-20.25,7.4,Rule1:UpsetClause,73.2,62.1,84.4,22.3,5,HIT,HIT,True
587,2026-01-10,WNBA,CHI@LA,CHI,87,LA,102,189,177.5,1.5,1.5,LA,CHI,87,UNDER,C,-57.97,25.0,Rule4:UnderExecution,88.0,74.4,101.6,27.2,12,HIT,HIT,True
588,2026-01-11,NBA,ATL@GSW,ATL,124,GSW,111,235,237.5,7.5,7.5,GSW,ATL,124,UNDER,A,-18.07,5.5,Rule1:UpsetClause,115.0,102.9,127.1,24.2,5,HIT,HIT,True
589,2026-01-11,NBA,BKN@MEM,BKN,98,MEM,103,201,221.5,7.5,7.5,MEM,BKN,98,UNDER,A,-43.34,5.5,Rule1:UpsetClause,107.0,94.9,119.1,24.2,5,HIT,HIT,True
590,2026-01-11,NBA,HOU@SAC,HOU,98,SAC,111,209,223.0,14.0,14.0,HOU,SAC,111,UNDER,A,-54.02,0.6,Rule2:StructuralOutlier,104.5,86.2,122.8,36.6,5,HIT,HIT,True
591,2026-01-11,NBA,MIA@OKC,MIA,112,OKC,124,236,234.0,15.0,15.0,OKC,MIA,112,UNDER,A,-38.46,0.4,Rule2:StructuralOutlier,109.5,90.2,128.8,38.5,5,HIT,HIT,True
592,2026-01-11,NBA,MIL@DEN,MIL,104,DEN,108,212,219.0,6.0,6.0,MIL,DEN,108,OVER,A,19.2,8.6,Rule1:UpsetClause,106.5,95.8,117.2,21.4,5,HIT,HIT,True
593,2026-01-11,NBA,NOP@ORL,NOP,118,ORL,128,246,236.5,7.5,7.5,ORL,NOP,118,UNDER,A,-71.13,5.5,Rule1:UpsetClause,114.5,102.4,126.6,24.2,5,HIT,HIT,True
594,2026-01-11,NBA,NYK@POR,NYK,123,POR,114,237,230.5,5.0,5.0,NYK,POR,114,UNDER,B,-19.81,11.4,Rule1:UpsetClause,112.8,100.8,124.8,24.0,7,HIT,HIT,True
595,2026-01-11,NBA,PHI@TOR,PHI,115,TOR,116,231,220.0,1.0,1.0,PHI,TOR,116,UNDER,C,-23.96,27.2,Rule4:UnderExecution,109.5,96.5,122.5,26.1,12,HIT,HIT,True
596,2026-01-11,NBA,SAS@MIN,SAS,103,MIN,104,207,233.0,2.5,2.5,MIN,SAS,103,UNDER,C,-16.02,20.7,Rule4:UnderExecution,115.2,100.6,129.9,29.2,12,HIT,HIT,True
597,2026-01-11,NBA,WAS@PHX,WAS,93,PHX,112,205,230.5,15.0,15.0,PHX,WAS,93,UNDER,A,-86.28,0.4,Rule2:StructuralOutlier,107.8,88.5,127.0,38.5,5,HIT,HIT,True
598,2026-01-11,WNBA,NY@MIN,NY,85,MIN,90,175,173.5,4.5,4.5,MIN,NY,85,OVER,B,4.52,13.0,Rule1:UpsetClause,84.5,73.0,96.0,23.0,7,HIT,HIT,True
599,2026-01-11,WNBA,PDX@ATL,PDX,102,ATL,92,194,174.5,12.5,12.5,ATL,PDX,102,UNDER,A,-45.69,1.0,Rule2:StructuralOutlier,81.0,64.1,97.9,33.8,5,MISS,HIT,False
600,2026-01-11,WNBA,PHO@LV,PHO,58,LV,106,164,168.5,8.5,8.5,LV,PHO,58,UNDER,A,-72.6,4.0,Rule1:UpsetClause,80.0,66.9,93.1,26.2,5,HIT,MISS,False
601,2026-01-12,NBA,BKN@DAL,BKN,105,DAL,113,218,220.0,3.5,3.5,DAL,BKN,105,UNDER,B,-45.55,16.6,Rule4:UnderExecution,108.2,97.8,118.8,21.0,7,HIT,HIT,True
602,2026-01-12,NBA,BOS@IND,BOS,96,IND,98,194,227.0,5.0,5.0,BOS,IND,98,UNDER,B,-33.66,11.4,Rule1:UpsetClause,111.0,99.0,123.0,24.0,7,HIT,MISS,False
603,2026-01-12,NBA,CHA@LAC,CHA,109,LAC,117,226,222.5,4.5,4.5,LAC,CHA,109,UNDER,B,-52.64,13.0,Rule1:UpsetClause,109.0,97.5,120.5,23.0,7,HIT,HIT,True
604,2026-01-12,NBA,LAL@SAC,LAL,112,SAC,124,236,231.5,9.5,9.5,LAL,SAC,124,UNDER,A,-73.2,2.9,Rule1:UpsetClause,111.0,97.0,125.0,28.1,5,HIT,HIT,True
605,2026-01-12,NBA,PHI@TOR,PHI,115,TOR,102,217,221.5,3.0,3.0,PHI,TOR,102,UNDER,C,-2.84,18.6,Rule4:UnderExecution,109.2,94.1,124.4,30.3,12,HIT,HIT,True
606,2026-01-12,NBA,UTA@CLE,UTA,123,CLE,112,235,249.5,13.0,13.0,CLE,UTA,123,OVER,A,32.24,0.9,Rule2:StructuralOutlier,118.2,100.9,135.6,34.7,5,HIT,HIT,True
607,2026-01-12,WNBA,NY@TOR,NY,91,TOR,93,184,178.5,7.5,7.5,TOR,NY,91,UNDER,A,-2.74,5.5,Rule1:UpsetClause,85.5,73.4,97.6,24.2,5,HIT,HIT,True
608,2026-01-12,WNBA,SEA@WAS,SEA,79,WAS,84,163,162.5,5.5,5.5,SEA,WAS,84,UNDER,A,-198.44,9.9,Rule1:UpsetClause,78.5,68.3,88.7,20.4,5,HIT,HIT,True
609,2026-01-12,WNBA,CHI@DAL,CHI,91,DAL,96,187,178.0,9.5,9.5,DAL,CHI,91,UNDER,A,-58.34,2.9,Rule1:UpsetClause,84.2,70.2,98.3,28.1,5,HIT,HIT,True
610,2026-01-12,WNBA,IND@LV,IND,109,LV,75,184,180.5,5.5,5.5,IND,LV,75,UNDER,A,-79.4,9.9,Rule1:UpsetClause,87.5,77.3,97.7,20.4,5,HIT,MISS,False
611,2026-01-13,NBA,ATL@LAL,ATL,116,LAL,141,257,233.5,1.5,1.5,LAL,ATL,116,UNDER,C,-24.03,25.0,Rule4:UnderExecution,116.0,102.4,129.6,27.1,12,HIT,HIT,True
612,2026-01-13,NBA,CHI@HOU,CHI,113,HOU,119,232,224.0,12.0,12.0,HOU,CHI,113,UNDER,A,-60.71,1.2,Rule1:UpsetClause,106.0,89.6,122.4,32.8,5,HIT,HIT,True
613,2026-01-13,NBA,DEN@NOP,DEN,122,NOP,116,238,235.5,2.0,2.0,DEN,NOP,116,UNDER,C,-16.37,22.8,Rule4:UnderExecution,116.8,102.7,130.8,28.2,12,HIT,HIT,True
614,2026-01-13,NBA,MIN@MIL,MIN,139,MIL,106,245,229.5,1.5,1.5,MIL,MIN,139,OVER,C,36.47,25.0,Rule3:OverExecution,114.0,100.4,127.6,27.2,12,HIT,MISS,False
615,2026-01-13,NBA,PHX@MIA,PHX,121,MIA,127,248,232.5,1.5,1.5,MIA,PHX,121,UNDER,C,-52.56,25.0,Rule4:UnderExecution,115.5,101.9,129.1,27.1,12,HIT,HIT,True
616,2026-01-13,NBA,POR@GSW,POR,97,GSW,119,216,226.0,11.0,11.0,GSW,POR,97,UNDER,A,-41.57,1.7,Rule1:UpsetClause,107.5,92.0,123.0,30.9,5,HIT,HIT,True
617,2026-01-13,NBA,SAS@OKC,SAS,98,OKC,119,217,230.0,8.5,8.5,OKC,SAS,98,UNDER,A,-72.81,4.0,Rule1:UpsetClause,110.8,97.7,123.8,26.2,5,HIT,HIT,True
618,2026-01-13,WNBA,LA@ATL,LA,92,ATL,101,193,181.5,9.5,9.5,ATL,LA,92,UNDER,A,-16.86,2.9,Rule1:UpsetClause,86.0,72.0,100.0,28.1,5,HIT,HIT,True
619,2026-01-13,WNBA,PHO@MIN,PHO,100,MIN,104,204,170.0,11.5,11.5,MIN,PHO,100,UNDER,A,-17.57,1.5,Rule1:UpsetClause,79.2,63.3,95.2,31.8,5,MISS,HIT,False
620,2026-01-14,NBA,BKN@NOP,BKN,113,NOP,116,229,232.5,1.0,1.0,BKN,NOP,116,UNDER,C,-67.85,27.2,Rule4:UnderExecution,115.8,102.7,128.8,26.1,12,HIT,HIT,True
621,2026-01-14,NBA,CLE@PHI,CLE,133,PHI,107,240,237.0,1.0,1.0,PHI,CLE,133,OVER,C,15.95,27.2,Rule3:OverExecution,118.0,105.0,131.1,26.1,12,HIT,MISS,False
622,2026-01-14,NBA,TOR@IND,TOR,115,IND,101,216,220.5,1.5,1.5,IND,TOR,115,UNDER,C,-47.25,25.0,Rule4:UnderExecution,109.5,95.9,123.1,27.2,12,HIT,HIT,True
623,2026-01-14,NBA,UTA@CHI,UTA,126,CHI,128,254,241.0,5.0,5.0,CHI,UTA,126,UNDER,B,-12.59,11.4,Rule1:UpsetClause,118.0,106.0,130.0,24.0,7,HIT,HIT,True
624,2026-01-14,NBA,WAS@LAC,WAS,105,LAC,119,224,227.0,11.0,11.0,LAC,WAS,105,UNDER,A,-73.67,1.7,Rule1:UpsetClause,108.0,92.5,123.5,30.9,5,HIT,HIT,True
625,2026-01-14,WNBA,PDX@CON,PDX,87,CON,90,177,167.0,2.5,2.5,CON,PDX,87,OVER,C,3.2,20.7,Rule3:OverExecution,82.2,67.6,96.9,29.2,12,HIT,HIT,True
626,2026-01-14,WNBA,WAS@TOR,WAS,79,TOR,62,141,171.5,1.5,1.5,WAS,TOR,62,UNDER,C,-52.11,25.0,Rule4:UnderExecution,85.0,71.4,98.6,27.2,12,HIT,MISS,False
627,2026-01-15,NBA,ATL@POR,ATL,101,POR,117,218,229.5,4.0,4.0,ATL,POR,117,UNDER,B,-19.78,14.7,Rule1:UpsetClause,112.8,101.8,123.8,22.0,7,HIT,HIT,True
628,2026-01-15,NBA,BOS@MIA,BOS,119,MIA,114,233,235.5,3.0,3.0,BOS,MIA,114,UNDER,C,-40.13,18.6,Rule4:UnderExecution,116.2,101.1,131.4,30.3,12,HIT,HIT,True
629,2026-01-15,NBA,CHA@LAL,CHA,135,LAL,117,252,234.5,3.5,3.5,LAL,CHA,135,UNDER,B,-61.01,16.6,Rule4:UnderExecution,115.5,105.0,126.0,21.0,7,MISS,HIT,False
630,2026-01-15,NBA,MEM@ORL,MEM,111,ORL,118,229,228.0,5.5,5.5,ORL,MEM,111,UNDER,A,-45.28,9.9,Rule1:UpsetClause,111.2,101.0,121.5,20.4,5,HIT,HIT,True
631,2026-01-15,NBA,MIL@SAS,MIL,101,SAS,119,220,225.5,7.0,7.0,SAS,MIL,101,UNDER,A,-92.66,6.4,Rule1:UpsetClause,109.2,97.6,120.9,23.3,5,HIT,HIT,True
632,2026-01-15,NBA,NYK@GSW,NYK,113,GSW,126,239,228.5,7.5,7.5,GSW,NYK,113,OVER,A,10.81,5.5,Rule1:UpsetClause,110.5,98.4,122.6,24.2,5,HIT,HIT,True
633,2026-01-15,NBA,OKC@HOU,OKC,111,HOU,91,202,222.0,4.5,4.5,OKC,HOU,91,UNDER,B,-2.5,13.0,Rule1:UpsetClause,108.8,97.2,120.2,23.0,7,HIT,MISS,False
634,2026-01-15,NBA,PHX@DET,PHX,105,DET,108,213,219.0,7.0,7.0,DET,PHX,105,UNDER,A,-57.42,6.4,Rule1:UpsetClause,106.0,94.3,117.7,23.3,5,HIT,HIT,True
635,2026-01-15,NBA,UTA@DAL,UTA,122,DAL,144,266,237.0,2.5,2.5,DAL,UTA,122,OVER,C,31.22,20.7,Rule3:OverExecution,117.2,102.6,131.9,29.2,12,HIT,HIT,True
636,2026-01-15,WNBA,SEA@CHI,SEA,90,CHI,95,185,170.0,1.0,1.0,SEA,CHI,95,UNDER,C,-126.51,27.2,Rule4:UnderExecution,84.5,71.5,97.5,26.1,12,HIT,HIT,True
637,2026-01-15,WNBA,LA@MIN,LA,87,MIN,96,183,181.5,10.5,10.5,MIN,LA,87,OVER,A,32.39,2.1,Rule1:UpsetClause,85.5,70.5,100.5,29.9,5,HIT,HIT,True
638,2026-01-15,WNBA,GS@IND,GS,88,IND,75,163,166.0,2.5,2.5,IND,GS,88,UNDER,C,-83.03,20.7,Rule4:UnderExecution,81.8,67.1,96.4,29.2,12,HIT,HIT,True
639,2026-01-16,NBA,CHI@BKN,CHI,109,BKN,112,221,224.5,1.0,1.0,BKN,CHI,109,UNDER,C,-36.58,27.2,Rule4:UnderExecution,111.8,98.7,124.8,26.1,12,HIT,HIT,True
640,2026-01-16,NBA,CLE@PHI,CLE,117,PHI,115,232,233.5,2.5,2.5,PHI,CLE,117,OVER,C,19.86,20.7,Rule3:OverExecution,115.5,100.9,130.1,29.2,12,HIT,HIT,True
641,2026-01-16,NBA,LAC@TOR,LAC,121,TOR,117,238,213.5,2.5,2.5,TOR,LAC,121,UNDER,C,-19.0,20.7,Rule4:UnderExecution,105.5,90.9,120.1,29.2,12,MISS,HIT,False
642,2026-01-16,NBA,MIN@HOU,MIN,105,HOU,110,215,221.0,4.0,4.0,HOU,MIN,105,OVER,B,45.43,14.7,Rule1:UpsetClause,108.5,97.5,119.5,22.0,7,HIT,HIT,True
643,2026-01-16,NBA,NOP@IND,NOP,119,IND,127,246,242.0,5.0,5.0,IND,NOP,119,UNDER,B,-70.05,11.4,Rule1:UpsetClause,118.5,106.5,130.5,24.0,7,HIT,HIT,True
644,2026-01-16,NBA,WAS@SAC,WAS,115,SAC,128,243,235.0,7.5,7.5,SAC,WAS,115,UNDER,A,-129.61,5.5,Rule1:UpsetClause,113.8,101.6,125.9,24.2,5,HIT,HIT,True
645,2026-01-16,WNBA,PDX@WAS,PDX,75,WAS,56,131,163.0,7.5,7.5,PDX,WAS,56,UNDER,A,-42.96,5.5,Rule1:UpsetClause,77.8,65.6,89.9,24.2,5,HIT,MISS,False
646,2026-01-17,NBA,BOS@ATL,BOS,132,ATL,106,238,230.5,3.5,3.5,BOS,ATL,106,OVER,B,7.25,16.6,Rule3:OverExecution,113.5,103.0,124.0,21.0,7,HIT,HIT,True
647,2026-01-17,NBA,CHA@GSW,CHA,116,GSW,136,252,237.5,7.5,7.5,GSW,CHA,116,UNDER,A,-27.78,5.5,Rule1:UpsetClause,115.0,102.9,127.1,24.2,5,HIT,HIT,True
648,2026-01-17,NBA,IND@DET,IND,78,DET,121,199,225.0,16.0,16.0,DET,IND,78,UNDER,A,-75.39,0.3,Rule2:StructuralOutlier,104.5,84.3,124.7,40.4,5,HIT,MISS,False
649,2026-01-17,NBA,LAL@POR,LAL,116,POR,132,248,223.5,3.5,3.5,POR,LAL,116,UNDER,B,-9.09,16.6,Rule4:UnderExecution,110.0,99.5,120.5,21.0,7,HIT,HIT,True
650,2026-01-17,NBA,MIN@SAS,MIN,123,SAS,126,249,234.5,5.0,5.0,SAS,MIN,123,OVER,B,10.79,11.4,Rule1:UpsetClause,114.8,102.8,126.8,24.0,7,HIT,HIT,True
651,2026-01-17,NBA,OKC@MIA,OKC,120,MIA,122,242,235.0,11.5,11.5,OKC,MIA,122,UNDER,A,-34.64,1.5,Rule1:UpsetClause,111.8,95.8,127.7,31.8,5,HIT,HIT,True
652,2026-01-17,NBA,PHX@NYK,PHX,106,NYK,99,205,224.0,1.0,1.0,NYK,PHX,106,OVER,C,16.99,27.2,Rule3:OverExecution,111.5,98.5,124.5,26.1,12,HIT,HIT,True
653,2026-01-17,NBA,UTA@DAL,UTA,120,DAL,138,258,240.5,3.0,3.0,DAL,UTA,120,OVER,C,56.21,18.6,Rule3:OverExecution,118.8,103.6,133.9,30.3,12,HIT,HIT,True
654,2026-01-17,NBA,WAS@DEN,WAS,115,DEN,121,236,227.0,10.0,10.0,DEN,WAS,115,UNDER,A,-30.76,2.4,Rule1:UpsetClause,108.5,94.0,123.0,29.0,5,HIT,HIT,True
655,2026-01-17,WNBA,ATL@TOR,ATL,111,TOR,92,203,181.0,10.5,10.5,ATL,TOR,92,UNDER,A,-36.8,2.1,Rule1:UpsetClause,85.2,70.3,100.2,29.9,5,HIT,HIT,True
656,2026-01-17,WNBA,SEA@IND,SEA,107,IND,110,217,178.0,8.5,8.5,IND,SEA,107,UNDER,A,-64.69,4.0,Rule1:UpsetClause,84.8,71.7,97.8,26.2,5,MISS,HIT,False
657,2026-01-17,WNBA,LA@CHI,LA,82,CHI,96,178,182.5,1.5,1.5,CHI,LA,82,UNDER,C,-5.16,25.0,Rule4:UnderExecution,90.5,76.9,104.1,27.2,12,HIT,HIT,True
658,2026-01-17,WNBA,CON@PHO,CON,96,PHO,83,179,162.5,4.5,4.5,CON,PHO,83,OVER,B,19.18,13.0,Rule1:UpsetClause,79.0,67.5,90.5,23.0,7,HIT,HIT,True
659,2026-01-18,NBA,BKN@CHI,BKN,102,CHI,124,226,223.5,7.0,7.0,CHI,BKN,102,UNDER,A,-42.75,6.4,Rule1:UpsetClause,108.2,96.6,119.9,23.3,5,HIT,HIT,True
660,2026-01-18,NBA,CHA@DEN,CHA,110,DEN,87,197,226.0,2.5,2.5,CHA,DEN,87,OVER,C,11.89,20.7,Rule3:OverExecution,111.8,97.1,126.4,29.2,12,MISS,HIT,False
661,2026-01-18,NBA,NOP@HOU,NOP,110,HOU,119,229,232.5,14.0,14.0,HOU,NOP,110,UNDER,A,-34.94,0.6,Rule2:StructuralOutlier,109.2,91.0,127.5,36.6,5,HIT,HIT,True
662,2026-01-18,NBA,ORL@MEM,ORL,109,MEM,126,235,229.5,3.0,3.0,ORL,MEM,126,UNDER,C,-51.18,18.6,Rule4:UnderExecution,113.2,98.1,128.4,30.3,12,HIT,HIT,True
663,2026-01-18,NBA,POR@SAC,POR,117,SAC,110,227,230.5,1.0,1.0,POR,SAC,110,UNDER,C,-21.83,27.2,Rule4:UnderExecution,114.8,101.7,127.8,26.1,12,HIT,HIT,True
664,2026-01-18,NBA,TOR@LAL,TOR,93,LAL,110,203,227.0,2.5,2.5,LAL,TOR,93,UNDER,C,-1.72,20.7,Rule4:UnderExecution,112.2,97.6,126.9,29.2,12,HIT,MISS,False
665,2026-01-18,WNBA,NY@IND,NY,88,IND,108,196,185.0,1.5,1.5,IND,NY,88,UNDER,C,-19.85,25.0,Rule4:UnderExecution,91.8,78.2,105.3,27.2,12,HIT,HIT,True
666,2026-01-18,WNBA,PDX@MIN,PDX,93,MIN,101,194,174.5,13.5,13.5,MIN,PDX,93,OVER,A,24.49,0.7,Rule2:StructuralOutlier,80.5,62.7,98.3,35.7,5,HIT,HIT,True
667,2026-01-18,WNBA,WAS@GS,WAS,69,GS,74,143,148.5,8.5,8.5,GS,WAS,69,UNDER,A,-79.64,4.0,Rule1:UpsetClause,70.0,56.9,83.1,26.2,5,HIT,HIT,True
668,2026-01-19,NBA,BOS@DET,BOS,103,DET,104,207,223.0,2.5,2.5,DET,BOS,103,UNDER,C,-97.12,20.7,Rule4:UnderExecution,110.2,95.6,124.9,29.2,12,HIT,HIT,True
669,2026-01-19,NBA,DAL@NYK,DAL,114,NYK,97,211,232.0,12.5,12.5,NYK,DAL,114,OVER,A,14.09,1.0,Rule2:StructuralOutlier,109.8,92.9,126.6,33.8,5,HIT,HIT,True
670,2026-01-19,NBA,IND@PHI,IND,104,PHI,113,217,229.5,7.0,7.0,PHI,IND,104,UNDER,A,-17.39,6.4,Rule1:UpsetClause,111.2,99.6,122.9,23.3,5,HIT,HIT,True
671,2026-01-19,NBA,LAC@WAS,LAC,110,WAS,106,216,227.0,6.5,6.5,LAC,WAS,106,UNDER,A,-49.1,7.4,Rule1:UpsetClause,110.2,99.1,121.4,22.3,5,HIT,HIT,True
672,2026-01-19,NBA,MIA@GSW,MIA,112,GSW,135,247,239.5,5.0,5.0,GSW,MIA,112,OVER,B,12.56,11.4,Rule1:UpsetClause,117.2,105.2,129.2,24.0,7,HIT,HIT,True
673,2026-01-19,NBA,MIL@ATL,MIL,112,ATL,110,222,232.5,1.5,1.5,ATL,MIL,112,UNDER,C,-30.73,25.0,Rule4:UnderExecution,115.5,101.9,129.1,27.1,12,HIT,HIT,True
674,2026-01-19,NBA,OKC@CLE,OKC,136,CLE,104,240,230.0,6.0,6.0,OKC,CLE,104,UNDER,A,-15.67,8.6,Rule1:UpsetClause,112.0,101.3,122.7,21.4,5,HIT,HIT,True
675,2026-01-19,NBA,PHX@BKN,PHX,126,BKN,117,243,214.5,9.5,9.5,PHX,BKN,117,UNDER,A,-63.98,2.9,Rule1:UpsetClause,102.5,88.5,116.5,28.1,5,MISS,HIT,False
676,2026-01-19,NBA,UTA@SAS,UTA,110,SAS,123,233,237.5,16.5,16.5,SAS,UTA,110,OVER,A,1.06,0.3,Rule2:StructuralOutlier,110.5,89.8,131.2,41.4,5,HIT,HIT,True
677,2026-01-19,WNBA,LA@DAL,LA,82,DAL,90,172,183.5,7.5,7.5,DAL,LA,82,OVER,A,33.26,5.5,Rule1:UpsetClause,88.0,75.9,100.1,24.2,5,HIT,HIT,True
678,2026-01-19,WNBA,CHI@ATL,CHI,91,ATL,93,184,179.0,8.0,8.0,ATL,CHI,91,UNDER,A,-20.43,4.7,Rule1:UpsetClause,85.5,72.9,98.1,25.2,5,HIT,HIT,True
679,2026-01-19,WNBA,CON@PHO,CON,63,PHO,72,135,165.5,4.5,4.5,CON,PHO,72,OVER,B,44.55,13.0,Rule1:UpsetClause,80.5,69.0,92.0,23.0,7,HIT,HIT,True
680,2026-01-20,NBA,LAC@CHI,LAC,110,CHI,138,248,224.0,2.5,2.5,CHI,LAC,110,UNDER,C,-8.84,20.7,Rule4:UnderExecution,110.8,96.1,125.4,29.2,12,HIT,HIT,True
681,2026-01-20,NBA,MIN@UTA,MIN,122,UTA,127,249,239.0,12.5,12.5,MIN,UTA,127,OVER,A,75.99,1.0,Rule2:StructuralOutlier,113.2,96.4,130.1,33.8,5,HIT,HIT,True
682,2026-01-20,NBA,PHO@PHI,PHO,116,PHI,110,226,223.5,2.5,2.5,PHO,PHI,110,OVER,C,9.94,20.7,Rule3:OverExecution,110.5,95.9,125.1,29.2,12,HIT,HIT,True
683,2026-01-20,NBA,PHX@PHI,PHX,116,PHI,110,226,223.5,2.5,2.5,PHX,PHI,110,UNDER,C,-13.79,20.7,Rule4:UnderExecution,110.5,95.9,125.1,29.2,12,HIT,HIT,True
684,2026-01-20,NBA,SA@HOU,SA,106,HOU,111,217,220.5,4.5,4.5,HOU,SA,106,UNDER,B,-25.91,13.0,Rule1:UpsetClause,108.0,96.5,119.5,23.0,7,HIT,HIT,True
685,2026-01-20,NBA,SAS@HOU,SAS,106,HOU,111,217,220.5,4.5,4.5,HOU,SAS,106,UNDER,B,-53.35,13.0,Rule1:UpsetClause,108.0,96.5,119.5,23.0,7,HIT,HIT,True
686,2026-01-20,WNBA,NY@DAL,NY,99,DAL,98,197,175.0,4.5,4.5,NY,DAL,98,UNDER,B,-42.32,13.0,Rule1:UpsetClause,85.2,73.8,96.8,23.0,7,MISS,HIT,False
687,2026-01-20,WNBA,LV@TOR,LV,109,TOR,83,192,181.5,10.5,10.5,LV,TOR,83,UNDER,A,-73.03,2.1,Rule1:UpsetClause,85.5,70.5,100.5,29.9,5,HIT,HIT,True
688,2026-01-20,WNBA,MIN@SEA,MIN,105,SEA,102,207,175.5,8.5,8.5,MIN,SEA,102,OVER,A,22.29,4.0,Rule1:UpsetClause,83.5,70.4,96.6,26.2,5,HIT,MISS,False
689,2026-01-20,WNBA,WAS@GS,WAS,90,GS,82,172,147.0,8.5,8.5,GS,WAS,90,UNDER,A,-122.73,4.0,Rule1:UpsetClause,69.2,56.2,82.3,26.2,5,MISS,HIT,False
690,2026-01-21,NBA,ATL@MEM,ATL,124,MEM,122,246,239.5,1.5,1.5,MEM,ATL,124,UNDER,C,-1.13,25.0,Rule4:UnderExecution,119.0,105.4,132.6,27.1,12,HIT,HIT,True
691,2026-01-21,NBA,BKN@NYK,BKN,66,NYK,120,186,220.0,12.5,12.5,NYK,BKN,66,UNDER,A,-19.82,1.0,Rule2:StructuralOutlier,103.8,86.9,120.6,33.8,5,HIT,MISS,False
692,2026-01-21,NBA,CLE@CHA,CLE,94,CHA,87,181,238.0,3.5,3.5,CLE,CHA,87,UNDER,B,-5.34,16.6,Rule4:UnderExecution,117.2,106.8,127.8,21.0,7,HIT,MISS,False
693,2026-01-21,NBA,DET@NOP,DET,112,NOP,104,216,232.5,7.5,7.5,DET,NOP,104,UNDER,A,-61.16,5.5,Rule1:UpsetClause,112.5,100.4,124.6,24.2,5,HIT,HIT,True
694,2026-01-21,NBA,IND@BOS,IND,104,BOS,119,223,225.0,10.0,10.0,BOS,IND,104,UNDER,A,-45.08,2.4,Rule1:UpsetClause,107.5,93.0,122.0,29.0,5,HIT,HIT,True
695,2026-01-21,NBA,OKC@MIL,OKC,122,MIL,102,224,224.5,12.5,12.5,OKC,MIL,102,UNDER,A,-66.05,1.0,Rule2:StructuralOutlier,106.0,89.1,122.9,33.8,5,HIT,HIT,True
696,2026-01-21,NBA,TOR@SAC,TOR,122,SAC,109,231,226.5,5.0,5.0,TOR,SAC,109,UNDER,B,-21.87,11.4,Rule1:UpsetClause,110.8,98.8,122.8,24.0,7,HIT,HIT,True
697,2026-01-22,NBA,CHA@ORL,CHA,124,ORL,97,221,224.5,4.0,4.0,ORL,CHA,124,UNDER,B,-49.9,14.7,Rule1:UpsetClause,110.2,99.2,121.2,22.0,7,MISS,HIT,False
698,2026-01-22,NBA,CHI@MIN,CHI,120,MIN,115,235,240.0,9.0,9.0,MIN,CHI,120,OVER,A,32.2,3.4,Rule1:UpsetClause,115.5,102.0,129.1,27.1,5,HIT,HIT,True
699,2026-01-22,NBA,DEN@WAS,DEN,107,WAS,97,204,227.5,6.0,6.0,DEN,WAS,97,UNDER,A,-27.76,8.6,Rule1:UpsetClause,110.8,100.0,121.5,21.4,5,HIT,MISS,False
700,2026-01-22,NBA,GSW@DAL,GSW,115,DAL,123,238,234.5,6.5,6.5,GSW,DAL,123,OVER,A,19.71,7.4,Rule1:UpsetClause,114.0,102.8,125.2,22.3,5,HIT,HIT,True
701,2026-01-22,NBA,HOU@PHI,HOU,122,PHI,128,250,221.0,2.0,2.0,HOU,PHI,128,UNDER,C,-19.6,22.8,Rule4:UnderExecution,109.5,95.4,123.6,28.2,12,MISS,HIT,False
702,2026-01-22,NBA,LAL@LAC,LAL,104,LAC,112,216,224.5,2.5,2.5,LAC,LAL,104,OVER,C,16.05,20.7,Rule3:OverExecution,111.0,96.4,125.6,29.2,12,HIT,HIT,True
703,2026-01-22,NBA,MIA@POR,MIA,110,POR,127,237,235.0,3.0,3.0,POR,MIA,110,OVER,C,21.86,18.6,Rule3:OverExecution,116.0,100.8,131.2,30.3,12,HIT,HIT,True
704,2026-01-22,NBA,SAS@UTA,SAS,126,UTA,109,235,239.5,12.0,12.0,SAS,UTA,109,OVER,A,25.33,1.2,Rule1:UpsetClause,113.8,97.3,130.2,32.8,5,HIT,HIT,True
705,2026-01-22,WNBA,PHO@LA,PHO,86,LA,82,168,176.0,1.5,1.5,PHO,LA,82,UNDER,C,-6.32,25.0,Rule4:UnderExecution,87.2,73.7,100.8,27.2,12,HIT,HIT,True
706,2026-01-22,WNBA,MIN@SEA,MIN,86,SEA,76,162,178.5,10.5,10.5,MIN,SEA,76,OVER,A,125.44,2.1,Rule1:UpsetClause,84.0,69.0,99.0,29.9,5,HIT,HIT,True
707,2026-01-22,WNBA,CHI@NY,CHI,94,NY,95,189,178.0,7.5,7.5,NY,CHI,94,UNDER,A,-4.41,5.5,Rule1:UpsetClause,85.2,73.1,97.4,24.2,5,HIT,HIT,True
708,2026-01-22,WNBA,LV@WAS,LV,99,WAS,100,199,164.5,5.5,5.5,LV,WAS,100,UNDER,A,-55.08,9.9,Rule1:UpsetClause,79.5,69.3,89.7,20.4,5,MISS,HIT,False
709,2026-01-23,NBA,BOS@BKN,BOS,130,BKN,126,256,215.0,8.0,8.0,BOS,BKN,126,UNDER,A,-41.68,4.7,Rule1:UpsetClause,103.5,90.9,116.1,25.2,5,MISS,HIT,False
710,2026-01-23,NBA,HOU@DET,HOU,111,DET,104,215,217.0,4.0,4.0,DET,HOU,111,UNDER,B,-27.5,14.7,Rule1:UpsetClause,106.5,95.5,117.5,22.0,7,HIT,HIT,True
711,2026-01-23,NBA,IND@OKC,IND,117,OKC,114,231,226.5,15.5,15.5,OKC,IND,117,UNDER,A,-50.68,0.4,Rule2:StructuralOutlier,105.5,85.8,125.2,39.4,5,HIT,HIT,True
712,2026-01-23,NBA,NOP@MEM,NOP,133,MEM,127,260,240.0,5.0,5.0,MEM,NOP,133,UNDER,B,-42.23,11.4,Rule1:UpsetClause,117.5,105.5,129.5,24.0,7,MISS,HIT,False
713,2026-01-23,NBA,PHX@ATL,PHX,103,ATL,110,213,234.0,2.5,2.5,PHX,ATL,110,OVER,C,19.29,20.7,Rule3:OverExecution,115.8,101.1,130.4,29.2,12,HIT,HIT,True
714,2026-01-23,NBA,SAC@CLE,SAC,118,CLE,123,241,233.0,13.0,13.0,CLE,SAC,118,UNDER,A,-65.02,0.9,Rule2:StructuralOutlier,110.0,92.7,127.3,34.7,5,HIT,HIT,True
715,2026-01-23,WNBA,CON@WAS,CON,84,WAS,92,176,161.0,6.5,6.5,CON,WAS,92,UNDER,A,-27.31,7.4,Rule1:UpsetClause,77.2,66.1,88.4,22.3,5,MISS,HIT,False
716,2026-01-23,WNBA,TOR@MIN,TOR,93,MIN,100,193,187.0,17.5,17.5,MIN,TOR,93,OVER,A,4.23,0.2,Rule2:StructuralOutlier,84.8,63.1,106.4,43.2,5,HIT,HIT,True
717,2026-01-23,WNBA,IND@SEA,IND,105,SEA,95,200,186.5,9.5,9.5,IND,SEA,95,OVER,A,54.32,2.9,Rule1:UpsetClause,88.5,74.5,102.5,28.1,5,HIT,HIT,True
718,2026-01-23,WNBA,NY@LA,NY,113,LA,109,222,182.5,4.5,4.5,NY,LA,109,UNDER,B,-11.86,13.0,Rule1:UpsetClause,89.0,77.5,100.5,23.0,7,MISS,HIT,False
719,2026-01-24,NBA,BOS@CHI,BOS,111,CHI,114,225,232.0,3.0,3.0,BOS,CHI,114,OVER,C,22.09,18.6,Rule3:OverExecution,114.5,99.3,129.7,30.3,12,HIT,HIT,True
720,2026-01-24,NBA,CLE@ORL,CLE,119,ORL,105,224,226.0,1.0,1.0,ORL,CLE,119,UNDER,C,-23.73,27.2,Rule4:UnderExecution,112.5,99.5,125.5,26.1,12,HIT,HIT,True
721,2026-01-24,NBA,LAL@DAL,LAL,116,DAL,110,226,234.0,4.0,4.0,DAL,LAL,116,OVER,B,21.15,14.7,Rule1:UpsetClause,115.0,104.0,126.0,22.0,7,HIT,HIT,True
722,2026-01-24,NBA,MIA@UTA,MIA,147,UTA,116,263,244.5,6.5,6.5,UTA,MIA,147,OVER,A,51.83,7.4,Rule1:UpsetClause,119.0,107.8,130.2,22.4,5,HIT,MISS,False
723,2026-01-24,NBA,NYK@PHI,NYK,112,PHI,109,221,228.0,1.0,1.0,NYK,PHI,109,OVER,C,3.64,27.2,Rule3:OverExecution,113.5,100.5,126.5,26.1,12,HIT,HIT,True
724,2026-01-24,NBA,WAS@CHA,WAS,115,CHA,119,234,232.5,11.5,11.5,CHA,WAS,115,UNDER,A,-32.35,1.5,Rule1:UpsetClause,110.5,94.6,126.4,31.8,5,HIT,HIT,True
725,2026-01-25,NBA,BKN@LAC,BKN,89,LAC,126,215,211.5,10.5,10.5,LAC,BKN,89,UNDER,A,-8.21,2.1,Rule1:UpsetClause,100.5,85.5,115.5,29.9,5,HIT,HIT,True
726,2026-01-25,NBA,GSW@MIN,GSW,111,MIN,85,196,236.5,6.0,6.0,GSW,MIN,85,OVER,A,84.71,8.6,Rule1:UpsetClause,115.2,104.5,126.0,21.4,5,MISS,HIT,False
727,2026-01-25,NBA,MIA@PHX,MIA,111,PHX,102,213,226.0,4.5,4.5,MIA,PHX,102,UNDER,B,-3.81,13.0,Rule1:UpsetClause,110.8,99.2,122.2,23.0,7,HIT,HIT,True
728,2026-01-25,NBA,NOP@SAS,NOP,104,SAS,95,199,239.5,11.5,11.5,NOP,SAS,95,UNDER,A,-43.67,1.5,Rule1:UpsetClause,114.0,98.1,129.9,31.9,5,HIT,MISS,False
729,2026-01-25,NBA,SAC@DET,SAC,116,DET,139,255,227.0,13.0,13.0,DET,SAC,116,UNDER,A,-68.29,0.9,Rule2:StructuralOutlier,107.0,89.7,124.3,34.7,5,HIT,HIT,True
730,2026-01-25,NBA,TOR@OKC,TOR,103,OKC,101,204,225.5,11.0,11.0,TOR,OKC,101,OVER,A,86.97,1.7,Rule1:UpsetClause,107.2,91.8,122.7,30.9,5,HIT,HIT,True
731,2026-01-26,NBA,GSW@MIN,GSW,83,MIN,108,191,226.5,8.0,8.0,MIN,GSW,83,UNDER,A,-7.38,4.7,Rule1:UpsetClause,109.2,96.7,121.8,25.2,5,HIT,MISS,False
732,2026-01-26,NBA,IND@ATL,IND,116,ATL,132,248,234.0,5.5,5.5,ATL,IND,116,UNDER,A,-28.65,9.9,Rule1:UpsetClause,114.2,104.0,124.5,20.4,5,HIT,HIT,True
733,2026-01-26,NBA,LAL@CHI,LAL,129,CHI,118,247,236.0,1.5,1.5,CHI,LAL,129,UNDER,C,-11.19,25.0,Rule4:UnderExecution,117.2,103.7,130.8,27.1,12,HIT,HIT,True
734,2026-01-26,NBA,MEM@HOU,MEM,99,HOU,108,207,225.5,11.0,11.0,HOU,MEM,99,UNDER,A,-11.01,1.7,Rule1:UpsetClause,107.2,91.8,122.7,30.9,5,HIT,HIT,True
735,2026-01-26,NBA,ORL@CLE,ORL,98,CLE,114,212,222.5,5.0,5.0,CLE,ORL,98,UNDER,B,-23.73,11.4,Rule1:UpsetClause,108.8,96.8,120.8,24.0,7,HIT,HIT,True
736,2026-01-26,NBA,PHI@CHA,PHI,93,CHA,130,223,229.5,2.0,2.0,CHA,PHI,93,UNDER,C,-25.49,22.8,Rule4:UnderExecution,113.8,99.7,127.8,28.2,12,HIT,MISS,False
737,2026-01-26,NBA,POR@BOS,POR,94,BOS,102,196,223.0,8.5,8.5,BOS,POR,94,UNDER,A,-6.73,4.0,Rule1:UpsetClause,107.2,94.2,120.3,26.2,5,HIT,MISS,False
738,2026-01-27,NBA,BKN@PHX,BKN,102,PHX,106,208,210.5,8.0,8.0,PHX,BKN,102,UNDER,A,-34.09,4.7,Rule1:UpsetClause,101.2,88.7,113.8,25.2,5,HIT,HIT,True
739,2026-01-27,NBA,DET@DEN,DET,109,DEN,107,216,216.0,7.5,7.5,DEN,DET,109,UNDER,A,-6.57,5.5,Rule1:UpsetClause,104.2,92.1,116.4,24.2,5,HIT,HIT,True
740,2026-01-27,NBA,LAC@UTA,LAC,115,UTA,103,218,234.5,8.5,8.5,UTA,LAC,115,OVER,A,52.69,4.0,Rule1:UpsetClause,113.0,99.9,126.1,26.2,5,HIT,HIT,True
741,2026-01-27,NBA,MIL@PHI,MIL,122,PHI,139,261,219.5,10.0,10.0,PHI,MIL,122,UNDER,A,-28.01,2.4,Rule1:UpsetClause,104.8,90.2,119.2,29.0,5,MISS,HIT,False
742,2026-01-27,NBA,NOP@OKC,NOP,95,OKC,104,199,233.0,14.5,14.5,OKC,NOP,95,UNDER,A,-57.7,0.5,Rule2:StructuralOutlier,109.2,90.5,128.0,37.6,5,HIT,HIT,True
743,2026-01-27,NBA,POR@WAS,POR,111,WAS,115,226,232.5,7.0,7.0,POR,WAS,115,OVER,A,9.63,6.4,Rule1:UpsetClause,112.8,101.1,124.4,23.3,5,HIT,HIT,True
744,2026-01-27,NBA,SAC@NYK,SAC,87,NYK,103,190,225.0,14.5,14.5,NYK,SAC,87,UNDER,A,-28.82,0.5,Rule2:StructuralOutlier,105.2,86.5,124.0,37.6,5,HIT,HIT,True
745,2026-01-28,NBA,ATL@BOS,ATL,117,BOS,106,223,232.0,5.5,5.5,BOS,ATL,117,OVER,A,3.72,9.9,Rule1:UpsetClause,113.2,103.0,123.5,20.4,5,HIT,HIT,True
746,2026-01-28,NBA,CHA@MEM,CHA,112,MEM,97,209,231.0,2.0,2.0,MEM,CHA,112,UNDER,C,-60.7,22.8,Rule4:UnderExecution,114.5,100.4,128.6,28.2,12,HIT,HIT,True
747,2026-01-28,NBA,CHI@IND,CHI,110,IND,113,223,236.0,2.0,2.0,CHI,IND,113,UNDER,C,-10.77,22.8,Rule4:UnderExecution,117.0,102.9,131.1,28.2,12,HIT,HIT,True
748,2026-01-28,NBA,GSW@UTA,GSW,140,UTA,124,264,242.0,9.0,9.0,UTA,GSW,140,UNDER,A,-19.06,3.4,Rule1:UpsetClause,116.5,103.0,130.1,27.1,5,MISS,HIT,False
749,2026-01-28,NBA,LAL@CLE,LAL,99,CLE,129,228,233.5,4.0,4.0,CLE,LAL,99,UNDER,B,-35.23,14.7,Rule1:UpsetClause,114.8,103.8,125.8,22.0,7,HIT,MISS,False
750,2026-01-28,NBA,MIN@DAL,MIN,118,DAL,105,223,229.0,8.5,8.5,DAL,MIN,118,OVER,A,18.81,4.0,Rule1:UpsetClause,110.2,97.2,123.3,26.2,5,HIT,HIT,True
751,2026-01-28,NBA,NYK@TOR,NYK,119,TOR,92,211,220.5,2.0,2.0,TOR,NYK,119,UNDER,C,-23.35,22.8,Rule4:UnderExecution,109.2,95.2,123.3,28.2,12,HIT,HIT,True
752,2026-01-28,NBA,ORL@MIA,ORL,133,MIA,124,257,232.5,3.0,3.0,MIA,ORL,133,UNDER,C,-4.69,18.6,Rule4:UnderExecution,114.8,99.6,129.9,30.3,12,MISS,HIT,False
753,2026-01-28,NBA,SAS@HOU,SAS,111,HOU,99,210,220.0,3.0,3.0,HOU,SAS,111,UNDER,C,-66.06,18.6,Rule4:UnderExecution,108.5,93.3,123.7,30.3,12,HIT,HIT,True
754,2026-01-29,NBA,BKN@DEN,BKN,103,DEN,107,210,209.0,6.0,6.0,DEN,BKN,103,OVER,A,2.71,8.6,Rule1:UpsetClause,101.5,90.8,112.2,21.4,5,HIT,HIT,True
755,2026-01-29,NBA,CHA@DAL,CHA,123,DAL,121,244,225.5,3.0,3.0,DAL,CHA,123,UNDER,C,-46.83,18.6,Rule4:UnderExecution,111.2,96.1,126.4,30.3,12,HIT,HIT,True
756,2026-01-29,NBA,DET@PHX,DET,96,PHX,114,210,214.5,3.0,3.0,PHX,DET,96,UNDER,C,-27.93,18.6,Rule4:UnderExecution,105.8,90.6,120.9,30.3,12,HIT,HIT,True
757,2026-01-29,NBA,HOU@ATL,HOU,104,ATL,86,190,225.0,6.5,6.5,HOU,ATL,86,UNDER,A,-11.08,7.4,Rule1:UpsetClause,109.2,98.1,120.4,22.3,5,HIT,MISS,False
758,2026-01-29,NBA,MIA@CHI,MIA,116,CHI,113,229,238.0,2.0,2.0,MIA,CHI,113,OVER,C,15.19,22.8,Rule3:OverExecution,118.0,103.9,132.1,28.2,12,HIT,HIT,True
759,2026-01-29,NBA,MIL@WAS,MIL,99,WAS,109,208,223.5,2.0,2.0,MIL,WAS,109,UNDER,C,-7.01,22.8,Rule4:UnderExecution,110.8,96.7,124.8,28.2,12,HIT,HIT,True
760,2026-01-29,NBA,OKC@MIN,OKC,111,MIN,123,234,228.0,5.5,5.5,MIN,OKC,111,OVER,A,13.7,9.9,Rule1:UpsetClause,111.2,101.0,121.5,20.4,5,HIT,HIT,True
761,2026-01-29,NBA,SAC@PHI,SAC,111,PHI,113,224,229.0,10.0,10.0,PHI,SAC,111,OVER,A,0.27,2.4,Rule1:UpsetClause,109.5,95.0,124.0,29.0,5,HIT,HIT,True
762,2026-01-30,NBA,BKN@UTA,BKN,109,UTA,99,208,226.0,4.0,4.0,UTA,BKN,109,OVER,B,4.99,14.7,Rule1:UpsetClause,111.0,100.0,122.0,22.0,7,HIT,HIT,True
763,2026-01-30,NBA,CLE@PHX,CLE,113,PHX,126,239,222.0,1.5,1.5,PHX,CLE,113,UNDER,C,-52.69,25.0,Rule4:UnderExecution,110.2,96.7,123.8,27.2,12,HIT,HIT,True
764,2026-01-30,NBA,DET@GSW,DET,131,GSW,124,255,226.5,2.5,2.5,GSW,DET,131,UNDER,C,-19.91,20.7,Rule4:UnderExecution,112.0,97.4,126.6,29.2,12,MISS,HIT,False
765,2026-01-30,NBA,LAC@DEN,LAC,109,DEN,122,231,219.0,2.5,2.5,DEN,LAC,109,OVER,C,19.17,20.7,Rule3:OverExecution,108.2,93.6,122.9,29.2,12,HIT,HIT,True
766,2026-01-30,NBA,LAL@WAS,LAL,142,WAS,111,253,230.0,10.5,10.5,LAL,WAS,111,UNDER,A,-19.37,2.1,Rule1:UpsetClause,109.8,94.8,124.7,29.9,5,HIT,HIT,True
767,2026-01-30,NBA,MEM@NOP,MEM,106,NOP,114,220,231.0,3.5,3.5,NOP,MEM,106,UNDER,B,-58.73,16.6,Rule4:UnderExecution,113.8,103.2,124.2,21.0,7,HIT,HIT,True
768,2026-01-30,NBA,POR@NYK,POR,97,NYK,127,224,224.0,6.5,6.5,NYK,POR,97,UNDER,A,-75.8,7.4,Rule1:UpsetClause,108.8,97.6,119.9,22.3,5,HIT,MISS,False
769,2026-01-30,NBA,SAC@BOS,SAC,93,BOS,112,205,216.5,12.0,12.0,BOS,SAC,93,UNDER,A,-35.3,1.2,Rule1:UpsetClause,102.2,85.8,118.7,32.8,5,HIT,HIT,True
770,2026-01-30,NBA,TOR@ORL,TOR,120,ORL,130,250,222.0,2.5,2.5,ORL,TOR,120,UNDER,C,-37.28,20.7,Rule4:UnderExecution,109.8,95.1,124.4,29.2,12,HIT,HIT,True
771,2026-01-31,NBA,ATL@IND,ATL,124,IND,129,253,235.0,1.5,1.5,ATL,IND,129,UNDER,C,-43.42,25.0,Rule4:UnderExecution,116.8,103.2,130.3,27.1,12,HIT,HIT,True
772,2026-01-31,NBA,CHI@MIA,CHI,125,MIA,118,243,232.5,-6.0,6.0,CHI,MIA,118,OVER,A,4.4,46.6,Rule3:OverExecution,113.2,102.5,124.0,21.4,5,HIT,HIT,True
773,2026-01-31,NBA,DAL@HOU,DAL,107,HOU,111,218,222.5,-10.5,10.5,DAL,HOU,111,OVER,A,13.58,49.3,Rule3:OverExecution,106.0,91.0,121.0,29.9,5,HIT,HIT,True
774,2026-01-31,NBA,MIN@MEM,MIN,131,MEM,114,245,229.5,11.0,11.0,MIN,MEM,114,UNDER,A,-40.04,1.7,Rule1:UpsetClause,109.2,93.8,124.7,30.9,5,HIT,HIT,True
775,2026-01-31,NBA,NOP@PHI,NOP,114,PHI,124,238,235.0,6.5,6.5,PHI,NOP,114,UNDER,A,-29.1,7.4,Rule1:UpsetClause,114.2,103.1,125.4,22.3,5,HIT,HIT,True
776,2026-01-31,NBA,SAS@CHA,SAS,106,CHA,111,217,218.5,4.0,4.0,CHA,SAS,106,UNDER,B,-62.76,14.7,Rule1:UpsetClause,107.2,96.2,118.2,22.0,7,HIT,HIT,True
777,2026-01-31,WNBA,SEA@ATL,SEA,89,ATL,98,187,180.0,12.5,12.5,ATL,SEA,89,OVER,A,49.14,1.0,Rule2:StructuralOutlier,83.8,66.9,100.6,33.8,5,HIT,HIT,True
778,2026-01-31,WNBA,DAL@WAS,DAL,75,WAS,81,156,166.5,3.5,3.5,DAL,WAS,81,UNDER,B,-2.5,16.6,Rule4:UnderExecution,81.5,71.0,92.0,21.0,7,HIT,HIT,True
779,2026-01-31,WNBA,IND@PDX,IND,112,PDX,98,210,189.0,7.5,7.5,IND,PDX,98,OVER,A,33.45,5.5,Rule1:UpsetClause,90.8,78.6,102.9,24.2,5,HIT,HIT,True
780,2026-02-01,NBA,BK@DET,BK,77,DET,130,207,214.0,14.0,14.0,DET,BK,77,UNDER,A,-7.89,0.6,Rule2:StructuralOutlier,100.0,81.7,118.3,36.6,5,HIT,MISS,False
781,2026-02-01,NBA,BKN@DET,BKN,77,DET,130,207,214.0,14.0,14.0,DET,BKN,77,UNDER,A,-13.21,0.6,Rule2:StructuralOutlier,100.0,81.7,118.3,36.6,5,HIT,MISS,False
782,2026-02-01,NBA,CHI@MIA,CHI,91,MIA,134,225,233.5,5.5,5.5,MIA,CHI,91,UNDER,A,-1.15,9.9,Rule1:UpsetClause,114.0,103.8,124.2,20.4,5,HIT,MISS,False
783,2026-02-01,NBA,LAL@NYK,LAL,100,NYK,112,212,227.5,6.0,6.0,NYK,LAL,100,UNDER,A,-40.67,8.6,Rule1:UpsetClause,110.8,100.0,121.5,21.4,5,HIT,MISS,False
784,2026-02-01,NBA,MIL@BOS,MIL,79,BOS,107,186,217.5,13.0,13.0,BOS,MIL,79,UNDER,A,-43.65,0.9,Rule2:StructuralOutlier,102.2,84.9,119.6,34.7,5,HIT,MISS,False
785,2026-02-01,NBA,SAC@WAS,SAC,112,WAS,116,228,227.0,1.5,1.5,SAC,WAS,116,UNDER,C,-66.08,25.0,Rule4:UnderExecution,112.8,99.2,126.3,27.2,12,HIT,HIT,True
786,2026-02-01,NBA,UTA@TOR,UTA,100,TOR,107,207,234.5,10.0,10.0,TOR,UTA,100,OVER,A,12.52,2.4,Rule1:UpsetClause,112.2,97.8,126.8,29.0,5,HIT,HIT,True
787,2026-02-02,NBA,HOU@IND,HOU,118,IND,114,232,218.5,6.5,6.5,HOU,IND,114,UNDER,A,-45.4,7.4,Rule1:UpsetClause,106.0,94.8,117.2,22.3,5,HIT,HIT,True
788,2026-02-02,NBA,MIN@MEM,MIN,128,MEM,137,265,232.0,7.5,7.5,MEM,MIN,128,UNDER,A,-1.21,5.5,Rule1:UpsetClause,112.2,100.1,124.4,24.2,5,MISS,HIT,False
789,2026-02-02,NBA,NOP@CHA,NOP,95,CHA,102,197,230.0,6.5,6.5,CHA,NOP,95,UNDER,A,-54.35,7.4,Rule1:UpsetClause,111.8,100.6,122.9,22.3,5,HIT,MISS,False
790,2026-02-02,NBA,PHI@LAC,PHI,128,LAC,113,241,220.0,1.0,1.0,PHI,LAC,113,OVER,C,35.86,27.2,Rule3:OverExecution,109.5,96.5,122.5,26.1,12,HIT,HIT,True
791,2026-02-03,NBA,ATL@MIA,ATL,127,MIA,115,242,236.5,1.0,1.0,MIA,ATL,127,UNDER,C,-6.47,27.2,Rule4:UnderExecution,117.8,104.7,130.8,26.1,12,HIT,HIT,True
792,2026-02-03,NBA,BOS@DAL,BOS,110,DAL,100,210,223.0,7.0,7.0,DAL,BOS,110,UNDER,A,-57.29,6.4,Rule1:UpsetClause,108.0,96.3,119.7,23.3,5,HIT,HIT,True
793,2026-02-03,NBA,CHI@MIL,CHI,115,MIL,131,246,222.5,1.5,1.5,MIL,CHI,115,UNDER,C,-43.1,25.0,Rule4:UnderExecution,110.5,96.9,124.1,27.2,12,HIT,HIT,True
794,2026-02-03,NBA,DEN@DET,DEN,121,DET,124,245,229.5,5.0,5.0,DET,DEN,121,UNDER,B,-5.46,11.4,Rule1:UpsetClause,112.2,100.2,124.2,24.0,7,HIT,HIT,True
795,2026-02-03,NBA,LAL@BKN,LAL,125,BKN,109,234,223.0,7.5,7.5,BKN,LAL,125,UNDER,A,-47.06,5.5,Rule1:UpsetClause,107.8,95.6,119.9,24.2,5,MISS,HIT,False
796,2026-02-03,NBA,NYK@WAS,NYK,132,WAS,101,233,228.0,13.0,13.0,NYK,WAS,101,UNDER,A,-38.59,0.9,Rule2:StructuralOutlier,107.5,90.2,124.8,34.7,5,HIT,HIT,True
797,2026-02-03,NBA,ORL@OKC,ORL,92,OKC,128,220,222.5,12.0,12.0,OKC,ORL,92,UNDER,A,-26.2,1.2,Rule1:UpsetClause,105.2,88.8,121.7,32.8,5,HIT,HIT,True
798,2026-02-03,NBA,PHI@GSW,PHI,113,GSW,94,207,222.5,4.5,4.5,GSW,PHI,113,OVER,B,25.68,13.0,Rule1:UpsetClause,109.0,97.5,120.5,23.0,7,HIT,HIT,True
799,2026-02-03,NBA,PHX@POR,PHX,130,POR,125,255,219.0,2.5,2.5,POR,PHX,130,UNDER,C,-14.41,20.7,Rule4:UnderExecution,108.2,93.6,122.9,29.2,12,MISS,HIT,False
800,2026-02-03,NBA,UTA@IND,UTA,131,IND,122,253,232.5,2.5,2.5,UTA,IND,122,UNDER,C,-2.1,20.7,Rule4:UnderExecution,115.0,100.4,129.6,29.2,12,HIT,HIT,True
801,2026-02-04,NBA,BOS@HOU,BOS,114,HOU,93,207,210.5,8.0,8.0,HOU,BOS,114,UNDER,A,-97.09,4.7,Rule1:UpsetClause,101.2,88.7,113.8,25.2,5,MISS,HIT,False
802,2026-02-04,NBA,CLE@LAC,CLE,124,LAC,91,215,221.0,2.5,2.5,LAC,CLE,124,OVER,C,7.87,20.7,Rule3:OverExecution,109.2,94.6,123.9,29.2,12,HIT,MISS,False
803,2026-02-04,NBA,DEN@NYK,DEN,127,NYK,134,261,228.0,4.5,4.5,NYK,DEN,127,UNDER,B,-5.9,13.0,Rule1:UpsetClause,111.8,100.2,123.2,23.0,7,MISS,HIT,False
804,2026-02-04,NBA,MEM@SAC,MEM,129,SAC,125,254,236.0,3.0,3.0,SAC,MEM,129,UNDER,C,-55.45,18.6,Rule4:UnderExecution,116.5,101.3,131.7,30.3,12,HIT,HIT,True
805,2026-02-04,NBA,MIN@TOR,MIN,128,TOR,126,254,228.5,2.0,2.0,MIN,TOR,126,UNDER,C,-23.31,22.8,Rule4:UnderExecution,113.2,99.2,127.3,28.2,12,HIT,HIT,True
806,2026-02-04,NBA,NOP@MIL,NOP,137,MIL,141,278,223.5,4.5,4.5,MIL,NOP,137,UNDER,B,-73.26,13.0,Rule1:UpsetClause,109.5,98.0,121.0,23.0,7,MISS,HIT,False
807,2026-02-04,NBA,OKC@SAS,OKC,106,SAS,116,222,221.0,10.0,10.0,SAS,OKC,106,UNDER,A,-6.51,2.4,Rule1:UpsetClause,105.5,91.0,120.0,29.0,5,HIT,HIT,True
808,2026-02-05,NBA,BKN@ORL,BKN,98,ORL,118,216,215.0,9.5,9.5,ORL,BKN,98,UNDER,A,-14.35,2.9,Rule1:UpsetClause,102.8,88.7,116.8,28.1,5,HIT,HIT,True
809,2026-02-05,NBA,CHA@HOU,CHA,109,HOU,99,208,218.5,4.5,4.5,HOU,CHA,109,UNDER,B,-76.84,13.0,Rule1:UpsetClause,107.0,95.5,118.5,23.0,7,HIT,HIT,True
810,2026-02-05,NBA,CHI@TOR,CHI,107,TOR,123,230,227.0,7.5,7.5,TOR,CHI,107,UNDER,A,-26.17,5.5,Rule1:UpsetClause,109.8,97.6,121.9,24.2,5,HIT,HIT,True
811,2026-02-05,NBA,GSW@PHX,GSW,101,PHX,97,198,213.0,5.5,5.5,PHX,GSW,101,UNDER,A,-8.86,9.9,Rule1:UpsetClause,103.8,93.5,114.0,20.4,5,HIT,HIT,True
812,2026-02-05,NBA,PHI@LAL,PHI,115,LAL,119,234,236.0,2.5,2.5,LAL,PHI,115,OVER,C,29.35,20.7,Rule3:OverExecution,116.8,102.1,131.4,29.2,12,HIT,HIT,True
813,2026-02-05,NBA,SAS@DAL,SAS,135,DAL,123,258,230.0,7.5,7.5,DAL,SAS,135,UNDER,A,-58.88,5.5,Rule1:UpsetClause,111.2,99.1,123.4,24.2,5,MISS,HIT,False
814,2026-02-05,NBA,UTA@ATL,UTA,119,ATL,121,240,245.5,8.5,8.5,ATL,UTA,119,OVER,A,2.0,4.0,Rule1:UpsetClause,118.5,105.4,131.6,26.1,5,HIT,HIT,True
815,2026-02-05,NBA,WAS@DET,WAS,126,DET,117,243,228.0,17.0,17.0,DET,WAS,126,UNDER,A,-4.89,0.2,Rule2:StructuralOutlier,105.5,84.3,126.7,42.3,5,HIT,HIT,True
816,2026-02-06,NBA,IND@MIL,IND,99,MIL,105,204,224.0,1.5,1.5,MIL,IND,99,OVER,C,29.39,25.0,Rule3:OverExecution,111.2,97.7,124.8,27.2,12,HIT,HIT,True
817,2026-02-06,NBA,LAC@SAC,LAC,114,SAC,111,225,222.5,3.0,3.0,SAC,LAC,114,UNDER,C,-24.96,18.6,Rule4:UnderExecution,109.8,94.6,124.9,30.3,12,HIT,HIT,True
818,2026-02-06,NBA,MEM@POR,MEM,115,POR,135,250,235.5,9.0,9.0,POR,MEM,115,OVER,A,27.41,3.4,Rule1:UpsetClause,113.2,99.7,126.8,27.1,5,HIT,HIT,True
819,2026-02-06,NBA,MIA@BOS,MIA,96,BOS,98,194,227.5,5.5,5.5,BOS,MIA,96,UNDER,A,-24.09,9.9,Rule1:UpsetClause,111.0,100.8,121.2,20.4,5,HIT,MISS,False
820,2026-02-06,NBA,NOP@MIN,NOP,119,MIN,115,234,237.0,8.5,8.5,MIN,NOP,119,OVER,A,5.98,4.0,Rule1:UpsetClause,114.2,101.2,127.3,26.2,5,HIT,HIT,True
821,2026-02-06,NBA,NYK@DET,NYK,80,DET,118,198,219.5,5.5,5.5,DET,NYK,80,OVER,A,32.99,9.9,Rule1:UpsetClause,107.0,96.8,117.2,20.4,5,MISS,HIT,False
822,2026-02-07,NBA,CHA@ATL,CHA,126,ATL,119,245,232.5,1.0,1.0,ATL,CHA,126,UNDER,C,-44.11,27.2,Rule4:UnderExecution,115.8,102.7,128.8,26.1,12,HIT,HIT,True
823,2026-02-07,NBA,CLE@SAC,CLE,132,SAC,126,258,229.5,-12.5,12.5,CLE,SAC,126,UNDER,A,-40.81,49.6,Rule2:StructuralOutlier,108.5,91.6,125.4,33.8,5,MISS,HIT,False
824,2026-02-07,NBA,DAL@SAS,DAL,125,SAS,138,263,234.5,11.0,11.0,SAS,DAL,125,UNDER,A,-27.69,1.7,Rule1:UpsetClause,111.8,96.3,127.2,30.9,5,HIT,HIT,True
825,2026-02-07,NBA,DEN@CHI,DEN,136,CHI,120,256,235.0,9.0,9.0,CHI,DEN,136,OVER,A,45.16,3.4,Rule1:UpsetClause,113.0,99.5,126.5,27.1,5,HIT,MISS,False
826,2026-02-07,NBA,GSW@LAL,GSW,99,LAL,105,204,220.0,2.0,2.0,LAL,GSW,99,OVER,C,2.59,22.8,Rule3:OverExecution,109.0,94.9,123.1,28.2,12,HIT,HIT,True
827,2026-02-07,NBA,HOU@OKC,HOU,112,OKC,106,218,214.0,4.0,4.0,OKC,HOU,112,UNDER,B,-43.65,14.7,Rule1:UpsetClause,105.0,94.0,116.0,22.0,7,HIT,HIT,True
828,2026-02-07,NBA,MEM@POR,MEM,115,POR,122,237,229.0,-9.5,9.5,MEM,POR,122,UNDER,A,-7.44,49.0,Rule4:UnderExecution,109.8,95.7,123.8,28.1,5,HIT,HIT,True
829,2026-02-07,NBA,PHI@PHX,PHI,109,PHX,103,212,225.0,-2.0,2.0,PHI,PHX,103,OVER,C,21.54,38.6,Rule3:OverExecution,111.5,97.4,125.6,28.2,12,HIT,HIT,True
830,2026-02-07,NBA,UTA@ORL,UTA,117,ORL,120,237,234.5,7.5,7.5,ORL,UTA,117,OVER,A,33.15,5.5,Rule1:UpsetClause,113.5,101.4,125.6,24.2,5,HIT,HIT,True
831,2026-02-07,NBA,WAS@BKN,WAS,113,BKN,127,240,216.5,8.0,8.0,BKN,WAS,113,UNDER,A,-6.89,4.7,Rule1:UpsetClause,104.2,91.7,116.8,25.2,5,HIT,HIT,True
832,2026-02-08,NBA,IND@TOR,IND,104,TOR,122,226,226.5,8.5,8.5,TOR,IND,104,OVER,A,2.18,4.0,Rule1:UpsetClause,109.0,95.9,122.1,26.2,5,HIT,HIT,True
833,2026-02-08,NBA,LAC@MIN,LAC,115,MIN,96,211,222.0,8.5,8.5,MIN,LAC,115,OVER,A,59.58,4.0,Rule1:UpsetClause,106.8,93.7,119.8,26.2,5,HIT,HIT,True
834,2026-02-08,NBA,MIA@WAS,MIA,132,WAS,101,233,236.0,13.5,13.5,MIA,WAS,101,OVER,A,1.25,0.7,Rule2:StructuralOutlier,111.2,93.4,129.1,35.6,5,HIT,HIT,True
835,2026-02-08,NBA,NYK@BOS,NYK,111,BOS,89,200,213.0,3.5,3.5,BOS,NYK,111,UNDER,B,-56.14,16.6,Rule4:UnderExecution,104.8,94.2,115.2,21.0,7,HIT,HIT,True
836,2026-02-09,NBA,ATL@MIN,ATL,116,MIN,138,254,239.0,9.0,9.0,MIN,ATL,116,OVER,A,50.51,3.4,Rule1:UpsetClause,115.0,101.5,128.6,27.1,5,HIT,HIT,True
837,2026-02-09,NBA,CHI@BKN,CHI,115,BKN,123,238,219.0,3.5,3.5,CHI,BKN,123,UNDER,B,-11.15,16.6,Rule4:UnderExecution,107.8,97.2,118.2,21.0,7,MISS,HIT,False
838,2026-02-09,NBA,CLE@DEN,CLE,119,DEN,117,236,242.5,3.0,3.0,DEN,CLE,119,OVER,C,66.98,18.6,Rule3:OverExecution,119.8,104.6,134.9,30.3,12,HIT,HIT,True
839,2026-02-09,NBA,DET@CHA,DET,110,CHA,104,214,222.5,2.5,2.5,DET,CHA,104,UNDER,C,-23.06,20.7,Rule4:UnderExecution,110.0,95.4,124.6,29.2,12,HIT,HIT,True
840,2026-02-09,NBA,MEM@GSW,MEM,113,GSW,114,227,219.0,9.0,9.0,GSW,MEM,113,OVER,A,25.73,3.4,Rule1:UpsetClause,105.0,91.5,118.5,27.1,5,HIT,HIT,True
841,2026-02-09,NBA,MIL@ORL,MIL,99,ORL,118,217,220.5,9.5,9.5,ORL,MIL,99,OVER,A,0.54,2.9,Rule1:UpsetClause,105.5,91.5,119.5,28.1,5,HIT,HIT,True
842,2026-02-09,NBA,OKC@LAL,OKC,119,LAL,110,229,223.0,6.5,6.5,LAL,OKC,119,OVER,A,48.56,7.4,Rule1:UpsetClause,108.2,97.1,119.4,22.3,5,HIT,HIT,True
843,2026-02-09,NBA,PHI@POR,PHI,118,POR,135,253,231.5,3.0,3.0,POR,PHI,118,OVER,C,24.17,18.6,Rule3:OverExecution,114.2,99.1,129.4,30.3,12,HIT,HIT,True
844,2026-02-09,NBA,SAC@NOP,SAC,94,NOP,120,214,229.0,9.5,9.5,NOP,SAC,94,UNDER,A,-23.48,2.9,Rule1:UpsetClause,109.8,95.7,123.8,28.1,5,HIT,MISS,False
845,2026-02-09,NBA,UTA@MIA,UTA,115,MIA,111,226,236.0,6.0,6.0,MIA,UTA,115,UNDER,A,-10.38,8.6,Rule1:UpsetClause,115.0,104.3,125.7,21.4,5,HIT,HIT,True
846,2026-02-10,NBA,DAL@PHX,DAL,111,PHX,120,231,230.0,8.5,8.5,PHX,DAL,111,OVER,A,3.35,4.0,Rule1:UpsetClause,110.8,97.7,123.8,26.2,5,HIT,HIT,True
847,2026-02-10,NBA,IND@NYK,IND,137,NYK,134,271,227.0,11.0,11.0,NYK,IND,137,UNDER,A,-8.3,1.7,Rule1:UpsetClause,108.0,92.5,123.5,30.9,5,MISS,HIT,False
848,2026-02-10,NBA,LAC@HOU,LAC,95,HOU,102,197,213.5,9.0,9.0,HOU,LAC,95,UNDER,A,-12.25,3.4,Rule1:UpsetClause,102.2,88.7,115.8,27.1,5,HIT,HIT,True
849,2026-02-10,NBA,SAS@LAL,SAS,136,LAL,108,244,226.0,13.5,13.5,SAS,LAL,108,UNDER,A,-16.8,0.7,Rule2:StructuralOutlier,106.2,88.4,124.1,35.7,5,HIT,HIT,True
850,2026-02-11,NBA,ATL@CHA,ATL,107,CHA,110,217,235.5,2.0,2.0,CHA,ATL,107,UNDER,C,-9.99,22.8,Rule4:UnderExecution,116.8,102.7,130.8,28.2,12,HIT,HIT,True
851,2026-02-11,NBA,CHI@BOS,CHI,105,BOS,124,229,227.0,14.0,14.0,BOS,CHI,105,UNDER,A,-48.8,0.6,Rule2:StructuralOutlier,106.5,88.2,124.8,36.6,5,HIT,HIT,True
852,2026-02-11,NBA,DET@TOR,DET,113,TOR,95,208,223.5,1.0,1.0,TOR,DET,113,UNDER,C,-2.67,27.2,Rule4:UnderExecution,111.2,98.2,124.3,26.1,12,HIT,HIT,True
853,2026-02-11,NBA,IND@BKN,IND,115,BKN,110,225,215.5,6.5,6.5,BKN,IND,115,OVER,A,32.07,7.4,Rule1:UpsetClause,104.5,93.3,115.7,22.3,5,HIT,HIT,True
854,2026-02-11,NBA,LAC@HOU,LAC,105,HOU,102,207,212.5,8.5,8.5,HOU,LAC,105,UNDER,A,-31.29,4.0,Rule1:UpsetClause,102.0,88.9,115.1,26.2,5,HIT,HIT,True
855,2026-02-11,NBA,MEM@DEN,MEM,116,DEN,122,238,239.5,14.0,14.0,DEN,MEM,116,OVER,A,79.84,0.6,Rule2:StructuralOutlier,112.8,94.5,131.1,36.6,5,HIT,HIT,True
856,2026-02-11,NBA,MIA@NOP,MIA,123,NOP,111,234,233.5,2.0,2.0,NOP,MIA,123,UNDER,C,-39.0,22.8,Rule4:UnderExecution,115.8,101.7,129.8,28.2,12,HIT,HIT,True
857,2026-02-11,NBA,MIL@ORL,MIL,116,ORL,108,224,220.0,11.0,11.0,ORL,MIL,116,UNDER,A,-4.2,1.7,Rule1:UpsetClause,104.5,89.0,120.0,30.9,5,HIT,HIT,True
858,2026-02-11,NBA,NYK@PHI,NYK,138,PHI,89,227,225.0,2.5,2.5,NYK,PHI,89,OVER,C,16.33,20.7,Rule3:OverExecution,111.2,96.6,125.9,29.2,12,MISS,HIT,False
859,2026-02-11,NBA,POR@MIN,POR,109,MIN,133,242,238.0,7.5,7.5,MIN,POR,109,OVER,A,32.77,5.5,Rule1:UpsetClause,115.2,103.1,127.4,24.2,5,HIT,HIT,True
860,2026-02-11,NBA,WAS@CLE,WAS,113,CLE,138,251,239.0,17.5,17.5,CLE,WAS,113,OVER,A,14.45,0.2,Rule2:StructuralOutlier,110.8,89.1,132.4,43.2,5,HIT,HIT,True
861,2026-02-12,NBA,DAL@LAL,DAL,104,LAL,124,228,237.0,6.0,6.0,LAL,DAL,104,OVER,A,24.01,8.6,Rule1:UpsetClause,115.5,104.8,126.2,21.4,5,MISS,HIT,False
862,2026-02-12,NBA,MIL@OKC,MIL,110,OKC,93,203,214.5,13.5,13.5,OKC,MIL,110,UNDER,A,-23.6,0.7,Rule2:StructuralOutlier,100.5,82.7,118.3,35.7,5,HIT,HIT,True
863,2026-02-12,NBA,POR@UTA,POR,135,UTA,119,254,236.5,6.0,6.0,POR,UTA,119,OVER,A,51.78,8.6,Rule1:UpsetClause,115.2,104.5,126.0,21.4,5,HIT,HIT,True
864,2026-02-13,NBA,ATL@PHI,ATL,117,PHI,107,224,241.5,1.0,1.0,ATL,PHI,107,UNDER,C,-5.6,27.2,Rule4:UnderExecution,120.2,107.2,133.3,26.1,12,HIT,MISS,False
865,2026-02-13,NBA,BKN@CLE,BKN,84,CLE,112,196,229.5,16.0,16.0,CLE,BKN,84,OVER,A,11.01,0.3,Rule2:StructuralOutlier,106.8,86.5,127.0,40.4,5,MISS,HIT,False
866,2026-02-13,NBA,BOS@GSW,BOS,121,GSW,110,231,211.5,5.5,5.5,BOS,GSW,110,UNDER,A,-62.63,9.9,Rule1:UpsetClause,103.0,92.8,113.2,20.4,5,HIT,HIT,True
867,2026-02-13,NBA,DEN@LAC,DEN,114,LAC,115,229,226.5,4.5,4.5,LAC,DEN,114,OVER,B,27.73,13.0,Rule1:UpsetClause,111.0,99.5,122.5,23.0,7,HIT,HIT,True
868,2026-02-13,NBA,DET@NYK,DET,126,NYK,111,237,218.5,4.0,4.0,DET,NYK,111,OVER,B,6.02,14.7,Rule1:UpsetClause,107.2,96.2,118.2,22.0,7,HIT,HIT,True
869,2026-02-13,NBA,HOU@CHA,HOU,105,CHA,101,206,218.0,5.0,5.0,HOU,CHA,101,UNDER,B,-81.44,11.4,Rule1:UpsetClause,106.5,94.5,118.5,24.0,7,HIT,HIT,True
870,2026-02-13,NBA,IND@WAS,IND,105,WAS,112,217,233.5,2.0,2.0,WAS,IND,105,OVER,C,33.39,22.8,Rule3:OverExecution,115.8,101.7,129.8,28.2,12,HIT,HIT,True
871,2026-02-13,NBA,ORL@SAC,ORL,131,SAC,94,225,226.5,8.0,8.0,ORL,SAC,94,UNDER,A,-4.19,4.7,Rule1:UpsetClause,109.2,96.7,121.8,25.2,5,HIT,MISS,False
872,2026-02-13,NBA,PHX@SAS,PHX,94,SAS,121,215,229.5,8.0,8.0,SAS,PHX,94,OVER,A,17.1,4.7,Rule1:UpsetClause,110.8,98.2,123.3,25.2,5,MISS,HIT,False
873,2026-02-13,NBA,TOR@CHI,TOR,110,CHI,101,211,234.5,6.0,6.0,TOR,CHI,101,UNDER,A,-0.15,8.6,Rule1:UpsetClause,114.2,103.5,125.0,21.4,5,HIT,MISS,False
874,2026-02-14,NBA,ATL@PHI,ATL,117,PHI,107,224,241.5,1.0,1.0,PHI,ATL,117,UNDER,C,-1.94,27.2,Rule4:UnderExecution,120.2,107.2,133.3,26.1,12,HIT,HIT,True
875,2026-02-14,NBA,BKN@CLE,BKN,84,CLE,112,196,229.5,16.0,16.0,CLE,BKN,84,UNDER,A,-37.57,0.3,Rule2:StructuralOutlier,106.8,86.5,127.0,40.4,5,HIT,MISS,False
876,2026-02-14,NBA,BOS@GSW,BOS,121,GSW,110,231,211.5,5.5,5.5,GSW,BOS,121,UNDER,A,-42.65,9.9,Rule1:UpsetClause,103.0,92.8,113.2,20.4,5,MISS,HIT,False
877,2026-02-14,NBA,DEN@LAC,DEN,114,LAC,115,229,226.5,-4.5,4.5,DEN,LAC,115,OVER,B,37.9,44.5,Rule3:OverExecution,111.0,99.5,122.5,23.0,7,HIT,HIT,True
878,2026-02-14,NBA,DET@NYK,DET,126,NYK,111,237,218.5,-4.0,4.0,DET,NYK,111,OVER,B,15.39,43.6,Rule3:OverExecution,107.2,96.2,118.2,22.0,7,HIT,HIT,True
879,2026-02-14,NBA,HOU@CHA,HOU,105,CHA,101,206,218.0,5.0,5.0,HOU,CHA,101,UNDER,B,-85.18,11.4,Rule1:UpsetClause,106.5,94.5,118.5,24.0,7,HIT,HIT,True
880,2026-02-14,NBA,IND@WAS,IND,105,WAS,112,217,233.5,2.0,2.0,WAS,IND,105,OVER,C,4.75,22.8,Rule3:OverExecution,115.8,101.7,129.8,28.2,12,HIT,HIT,True
881,2026-02-14,NBA,ORL@SAC,ORL,131,SAC,94,225,226.5,8.0,8.0,SAC,ORL,131,UNDER,A,-23.13,4.7,Rule1:UpsetClause,109.2,96.7,121.8,25.2,5,MISS,HIT,False
882,2026-02-14,NBA,PHX@SAS,PHX,94,SAS,121,215,229.5,8.0,8.0,SAS,PHX,94,UNDER,A,-4.12,4.7,Rule1:UpsetClause,110.8,98.2,123.3,25.2,5,HIT,MISS,False
883,2026-02-14,NBA,TOR@CHI,TOR,110,CHI,101,211,234.5,6.0,6.0,CHI,TOR,110,UNDER,A,-28.18,8.6,Rule1:UpsetClause,114.2,103.5,125.0,21.4,5,HIT,HIT,True
884,2026-02-15,NBA,ATL@PHI,ATL,117,PHI,107,224,241.5,1.0,1.0,PHI,ATL,117,UNDER,C,-21.31,27.2,Rule4:UnderExecution,120.2,107.2,133.3,26.1,12,HIT,HIT,True
885,2026-02-15,NBA,BK@CLE,BK,84,CLE,112,196,229.5,16.0,16.0,CLE,BK,84,UNDER,A,-23.62,0.3,Rule2:StructuralOutlier,106.8,86.5,127.0,40.4,5,HIT,MISS,False
886,2026-02-15,NBA,HOU@CHA,HOU,105,CHA,101,206,218.0,5.0,5.0,HOU,CHA,101,UNDER,B,-92.15,11.4,Rule1:UpsetClause,106.5,94.5,118.5,24.0,7,HIT,HIT,True
887,2026-02-15,NBA,IND@WAS,IND,105,WAS,112,217,233.5,2.0,2.0,IND,WAS,112,OVER,C,23.67,22.8,Rule3:OverExecution,115.8,101.7,129.8,28.2,12,HIT,HIT,True
888,2026-02-20,NBA,BKN@OKC,BKN,86,OKC,105,191,216.0,17.0,17.0,OKC,BKN,86,UNDER,A,-68.18,0.2,Rule2:StructuralOutlier,99.5,78.3,120.7,42.3,5,HIT,HIT,True
889,2026-02-20,NBA,CLE@CHA,CLE,118,CHA,113,231,229.0,6.0,6.0,CLE,CHA,113,UNDER,A,-81.51,8.6,Rule1:UpsetClause,111.5,100.8,122.2,21.4,5,HIT,HIT,True
890,2026-02-20,NBA,DAL@MIN,DAL,111,MIN,122,233,239.5,14.0,14.0,MIN,DAL,111,OVER,A,35.36,0.6,Rule2:StructuralOutlier,112.8,94.5,131.1,36.6,5,HIT,HIT,True
891,2026-02-20,NBA,DEN@POR,DEN,157,POR,103,260,241.5,1.5,1.5,POR,DEN,157,OVER,C,71.51,25.0,Rule3:OverExecution,120.0,106.4,133.6,27.1,12,HIT,MISS,False
892,2026-02-20,NBA,IND@WAS,IND,118,WAS,131,249,230.0,1.5,1.5,WAS,IND,118,UNDER,C,-25.79,25.0,Rule4:UnderExecution,114.2,100.7,127.8,27.2,12,HIT,HIT,True
893,2026-02-20,NBA,LAC@LAL,LAC,122,LAL,125,247,228.0,7.5,7.5,LAL,LAC,122,OVER,A,6.75,5.5,Rule1:UpsetClause,110.2,98.1,122.4,24.2,5,HIT,HIT,True
894,2026-02-20,NBA,MIA@ATL,MIA,128,ATL,97,225,244.0,3.5,3.5,MIA,ATL,97,UNDER,B,-53.66,16.6,Rule4:UnderExecution,120.2,109.8,130.8,21.0,7,HIT,MISS,False
895,2026-02-20,NBA,MIL@NOP,MIL,139,NOP,118,257,224.0,4.5,4.5,NOP,MIL,139,UNDER,B,-32.2,13.0,Rule1:UpsetClause,109.8,98.2,121.2,23.0,7,MISS,HIT,False
896,2026-02-20,NBA,UTA@MEM,UTA,114,MEM,123,237,237.5,2.5,2.5,MEM,UTA,114,OVER,C,25.38,20.7,Rule3:OverExecution,117.5,102.9,132.1,29.2,12,HIT,HIT,True
897,2026-02-21,NBA,DET@CHI,DET,126,CHI,110,236,234.5,10.5,10.5,DET,CHI,110,UNDER,A,-9.96,2.1,Rule1:UpsetClause,112.0,97.0,127.0,29.9,5,HIT,HIT,True
898,2026-02-21,NBA,HOU@NYK,HOU,106,NYK,108,214,220.5,3.5,3.5,NYK,HOU,106,OVER,B,22.9,16.6,Rule3:OverExecution,108.5,98.0,119.0,21.0,7,HIT,HIT,True
899,2026-02-21,NBA,MEM@MIA,MEM,120,MIA,136,256,238.0,12.0,12.0,MIA,MEM,120,UNDER,A,-15.0,1.2,Rule1:UpsetClause,113.0,96.6,129.4,32.8,5,HIT,HIT,True
900,2026-02-21,NBA,ORL@PHX,ORL,110,PHX,113,223,218.5,3.5,3.5,PHX,ORL,110,UNDER,B,-22.41,16.6,Rule4:UnderExecution,107.5,97.0,118.0,21.0,7,HIT,HIT,True
901,2026-02-21,NBA,PHI@NOP,PHI,111,NOP,126,237,235.0,4.0,4.0,PHI,NOP,126,UNDER,B,-8.22,14.7,Rule1:UpsetClause,115.5,104.5,126.5,22.0,7,HIT,HIT,True
902,2026-02-21,NBA,SAC@SAS,SAC,122,SAS,139,261,230.5,18.5,18.5,SAS,SAC,122,UNDER,A,-15.01,0.1,Rule2:StructuralOutlier,106.0,83.4,128.6,45.1,5,HIT,HIT,True
903,2026-02-22,NBA,BKN@ATL,BKN,104,ATL,115,219,228.0,9.5,9.5,ATL,BKN,104,UNDER,A,-101.35,2.9,Rule1:UpsetClause,109.2,95.2,123.3,28.1,5,HIT,HIT,True
904,2026-02-22,NBA,BOS@LAL,BOS,111,LAL,89,200,230.5,1.0,1.0,BOS,LAL,89,UNDER,C,-27.12,27.2,Rule4:UnderExecution,114.8,101.7,127.8,26.1,12,HIT,MISS,False
905,2026-02-22,NBA,CHA@WAS,CHA,129,WAS,112,241,224.5,10.5,10.5,CHA,WAS,112,UNDER,A,-27.19,2.1,Rule1:UpsetClause,107.0,92.0,122.0,29.9,5,HIT,HIT,True
906,2026-02-22,NBA,CLE@OKC,CLE,113,OKC,121,234,228.0,4.0,4.0,CLE,OKC,121,OVER,B,3.44,14.7,Rule1:UpsetClause,112.0,101.0,123.0,22.0,7,HIT,HIT,True
907,2026-02-22,NBA,DAL@IND,DAL,134,IND,130,264,237.5,1.0,1.0,DAL,IND,130,OVER,C,9.26,27.2,Rule3:OverExecution,118.2,105.2,131.3,26.1,12,HIT,HIT,True
908,2026-02-22,NBA,DEN@GSW,DEN,117,GSW,128,245,228.5,6.0,6.0,DEN,GSW,128,OVER,A,27.87,8.6,Rule1:UpsetClause,111.2,100.5,122.0,21.4,5,HIT,MISS,False
909,2026-02-22,NBA,NYK@CHI,NYK,105,CHI,99,204,234.0,9.0,9.0,NYK,CHI,99,OVER,A,6.75,3.4,Rule1:UpsetClause,112.5,99.0,126.0,27.1,5,HIT,HIT,True
910,2026-02-22,NBA,ORL@LAC,ORL,113,LAC,109,222,215.5,4.0,4.0,LAC,ORL,113,OVER,B,6.74,14.7,Rule1:UpsetClause,105.8,94.8,116.8,22.0,7,HIT,HIT,True
911,2026-02-22,NBA,PHI@MIN,PHI,135,MIN,108,243,239.0,9.5,9.5,MIN,PHI,135,UNDER,A,-10.91,2.9,Rule1:UpsetClause,114.8,100.7,128.8,28.1,5,MISS,HIT,False
912,2026-02-22,NBA,POR@PHX,POR,92,PHX,77,169,225.0,3.5,3.5,POR,PHX,77,OVER,B,8.51,16.6,Rule3:OverExecution,110.8,100.2,121.2,21.0,7,MISS,HIT,False
913,2026-02-22,NBA,TOR@MIL,TOR,122,MIL,94,216,219.0,4.0,4.0,TOR,MIL,94,UNDER,B,-44.16,14.7,Rule1:UpsetClause,107.5,96.5,118.5,22.0,7,HIT,MISS,False
914,2026-02-23,NBA,SAC@MEM,SAC,123,MEM,114,237,233.5,2.5,2.5,MEM,SAC,123,UNDER,C,-2.5,20.7,Rule4:UnderExecution,115.5,100.9,130.1,29.2,12,HIT,HIT,True
915,2026-02-23,NBA,SAS@DET,SAS,114,DET,103,217,232.5,1.5,1.5,DET,SAS,114,OVER,C,11.36,25.0,Rule3:OverExecution,115.5,101.9,129.1,27.1,12,HIT,HIT,True
916,2026-02-23,NBA,UTA@HOU,UTA,105,HOU,125,230,228.0,13.5,13.5,HOU,UTA,105,UNDER,A,-43.95,0.7,Rule2:StructuralOutlier,107.2,89.4,125.1,35.7,5,HIT,HIT,True
917,2026-02-24,NBA,BOS@PHX,BOS,97,PHX,81,178,207.0,5.5,5.5,PHX,BOS,97,UNDER,A,-56.21,9.9,Rule1:UpsetClause,100.8,90.5,111.0,20.4,5,HIT,HIT,True
918,2026-02-24,NBA,CHA@CHI,CHA,131,CHI,99,230,232.5,8.0,8.0,CHI,CHA,131,UNDER,A,-66.44,4.7,Rule1:UpsetClause,112.2,99.7,124.8,25.2,5,MISS,HIT,False
919,2026-02-24,NBA,DAL@BKN,DAL,123,BKN,114,237,226.5,1.5,1.5,DAL,BKN,114,UNDER,C,-50.55,25.0,Rule4:UnderExecution,112.5,98.9,126.1,27.2,12,HIT,HIT,True
920,2026-02-24,NBA,GSW@NOP,GSW,109,NOP,113,222,229.0,1.0,1.0,NOP,GSW,109,OVER,C,4.14,27.2,Rule3:OverExecution,114.0,101.0,127.0,26.1,12,HIT,HIT,True
921,2026-02-24,NBA,MIA@MIL,MIA,117,MIL,128,245,229.0,6.5,6.5,MIL,MIA,117,UNDER,A,-5.8,7.4,Rule1:UpsetClause,111.2,100.1,122.4,22.3,5,HIT,HIT,True
922,2026-02-24,NBA,MIN@POR,MIN,124,POR,121,245,235.5,6.5,6.5,POR,MIN,124,OVER,A,53.21,7.4,Rule1:UpsetClause,114.5,103.3,125.7,22.3,5,HIT,HIT,True
923,2026-02-24,NBA,NYK@CLE,NYK,94,CLE,109,203,231.5,4.0,4.0,CLE,NYK,94,UNDER,B,-31.94,14.7,Rule1:UpsetClause,113.8,102.8,124.8,22.0,7,HIT,MISS,False
924,2026-02-24,NBA,OKC@TOR,OKC,116,TOR,107,223,217.0,1.0,1.0,TOR,OKC,116,OVER,C,6.91,27.2,Rule3:OverExecution,108.0,95.0,121.0,26.1,12,HIT,HIT,True
925,2026-02-24,NBA,ORL@LAL,ORL,110,LAL,109,219,228.5,6.5,6.5,LAL,ORL,110,OVER,A,22.44,7.4,Rule1:UpsetClause,111.0,99.8,122.2,22.3,5,HIT,HIT,True
926,2026-02-24,NBA,PHI@IND,PHI,135,IND,114,249,234.0,11.0,11.0,PHI,IND,114,UNDER,A,-13.21,1.7,Rule1:UpsetClause,111.5,96.0,127.0,30.9,5,HIT,HIT,True
927,2026-02-24,NBA,WAS@ATL,WAS,98,ATL,119,217,236.5,12.0,12.0,ATL,WAS,98,UNDER,A,-20.17,1.2,Rule1:UpsetClause,112.2,95.8,128.7,32.8,5,HIT,HIT,True
928,2026-02-25,NBA,BOS@DEN,BOS,84,DEN,103,187,228.0,3.5,3.5,DEN,BOS,84,OVER,B,12.03,16.6,Rule3:OverExecution,112.2,101.8,122.8,21.0,7,MISS,HIT,False
929,2026-02-25,NBA,CLE@MIL,CLE,116,MIL,118,234,221.0,3.0,3.0,CLE,MIL,118,UNDER,C,-38.71,18.6,Rule4:UnderExecution,109.0,93.8,124.2,30.3,12,HIT,HIT,True
930,2026-02-25,NBA,GSW@MEM,GSW,133,MEM,112,245,226.5,4.0,4.0,GSW,MEM,112,OVER,B,42.43,14.7,Rule1:UpsetClause,111.2,100.2,122.2,22.0,7,HIT,HIT,True
931,2026-02-25,NBA,OKC@DET,OKC,116,DET,124,240,221.0,10.5,10.5,DET,OKC,116,OVER,A,55.79,2.1,Rule1:UpsetClause,105.2,90.3,120.2,29.9,5,HIT,HIT,True
932,2026-02-25,NBA,SAC@HOU,SAC,97,HOU,128,225,221.5,13.5,13.5,HOU,SAC,97,UNDER,A,-51.03,0.7,Rule2:StructuralOutlier,104.0,86.2,121.8,35.7,5,HIT,HIT,True
933,2026-02-25,NBA,SAS@TOR,SAS,110,TOR,107,217,230.5,6.0,6.0,SAS,TOR,107,UNDER,A,-32.49,8.6,Rule1:UpsetClause,112.2,101.5,123.0,21.4,5,HIT,HIT,True
934,2026-02-26,NBA,CHA@IND,CHA,133,IND,109,242,229.5,12.0,12.0,CHA,IND,109,UNDER,A,-3.05,1.2,Rule1:UpsetClause,108.8,92.3,125.2,32.8,5,HIT,HIT,True
935,2026-02-26,NBA,MIA@PHI,MIA,117,PHI,124,241,240.5,2.0,2.0,PHI,MIA,117,UNDER,C,-1.17,22.8,Rule4:UnderExecution,119.2,105.2,133.3,28.2,12,HIT,HIT,True
936,2026-02-26,NBA,SAS@BKN,SAS,126,BKN,110,236,223.5,10.5,10.5,SAS,BKN,110,UNDER,A,-67.4,2.1,Rule1:UpsetClause,106.5,91.5,121.5,29.9,5,HIT,HIT,True
937,2026-02-26,NBA,WAS@ATL,WAS,96,ATL,126,222,236.0,10.5,10.5,ATL,WAS,96,UNDER,A,-35.26,2.1,Rule1:UpsetClause,112.8,97.8,127.7,29.9,5,HIT,MISS,False
938,2026-02-27,NBA,BKN@BOS,BKN,111,BOS,148,259,209.5,16.5,16.5,BOS,BKN,111,UNDER,A,-89.99,0.3,Rule2:StructuralOutlier,96.5,75.8,117.2,41.3,5,HIT,HIT,True
939,2026-02-27,NBA,CLE@DET,CLE,119,DET,122,241,227.0,8.5,8.5,DET,CLE,119,OVER,A,2.67,4.0,Rule1:UpsetClause,109.2,96.2,122.3,26.2,5,HIT,HIT,True
940,2026-02-27,NBA,MEM@DAL,MEM,124,DAL,105,229,241.5,5.0,5.0,DAL,MEM,124,OVER,B,40.19,11.4,Rule1:UpsetClause,118.2,106.2,130.2,24.0,7,HIT,HIT,True
941,2026-02-27,NBA,NYK@MIL,NYK,127,MIL,98,225,219.5,8.5,8.5,NYK,MIL,98,UNDER,A,-2.96,4.0,Rule1:UpsetClause,105.5,92.4,118.6,26.2,5,HIT,HIT,True
942,2026-02-28,NBA,HOU@MIA,HOU,105,MIA,115,220,226.0,2.0,2.0,HOU,MIA,115,UNDER,C,-30.65,22.8,Rule4:UnderExecution,112.0,97.9,126.1,28.2,12,HIT,HIT,True
943,2026-02-28,NBA,LAL@GSW,LAL,129,GSW,101,230,225.5,4.0,4.0,LAL,GSW,101,OVER,B,21.65,14.7,Rule1:UpsetClause,110.8,99.8,121.8,22.0,7,HIT,HIT,True
944,2026-02-28,NBA,NOP@UTA,NOP,115,UTA,105,220,244.5,5.5,5.5,UTA,NOP,115,UNDER,A,-0.73,9.9,Rule1:UpsetClause,119.5,109.3,129.7,20.4,5,HIT,HIT,True
945,2026-02-28,NBA,POR@CHA,POR,93,CHA,109,202,229.5,6.5,6.5,CHA,POR,93,UNDER,A,-32.43,7.4,Rule1:UpsetClause,111.5,100.3,122.7,22.3,5,HIT,MISS,False
946,2026-02-28,NBA,TOR@WAS,TOR,134,WAS,125,259,229.0,14.0,14.0,TOR,WAS,125,UNDER,A,-32.41,0.6,Rule2:StructuralOutlier,107.5,89.2,125.8,36.6,5,HIT,HIT,True
947,2026-03-01,NBA,CLE@BK,CLE,106,BK,102,208,224.5,11.5,11.5,CLE,BK,102,UNDER,A,-15.93,1.5,Rule1:UpsetClause,106.5,90.6,122.4,31.8,5,HIT,HIT,True
948,2026-03-01,NBA,CLE@BKN,CLE,106,BKN,102,208,224.5,11.5,11.5,CLE,BKN,102,UNDER,A,-38.45,1.5,Rule1:UpsetClause,106.5,90.6,122.4,31.8,5,HIT,HIT,True
949,2026-03-01,NBA,DET@ORL,DET,106,ORL,92,198,225.5,5.0,5.0,DET,ORL,92,OVER,B,28.48,11.4,Rule1:UpsetClause,110.2,98.2,122.2,24.0,7,MISS,HIT,False
950,2026-03-01,NBA,MIL@CHI,MIL,97,CHI,120,217,231.5,2.5,2.5,MIL,CHI,120,UNDER,C,-17.05,20.7,Rule4:UnderExecution,114.5,99.9,129.1,29.2,12,HIT,HIT,True
951,2026-03-01,NBA,MIN@DEN,MIN,117,DEN,108,225,241.0,3.0,3.0,DEN,MIN,117,OVER,C,61.71,18.6,Rule3:OverExecution,119.0,103.8,134.2,30.3,12,HIT,HIT,True
952,2026-03-01,NBA,NOP@LAC,NOP,117,LAC,137,254,222.5,8.5,8.5,LAC,NOP,117,UNDER,A,-6.28,4.0,Rule1:UpsetClause,107.0,93.9,120.1,26.2,5,HIT,HIT,True
953,2026-03-01,NBA,OKC@DAL,OKC,100,DAL,87,187,237.0,16.5,16.5,OKC,DAL,87,UNDER,A,-22.19,0.3,Rule2:StructuralOutlier,110.2,89.6,130.9,41.4,5,HIT,MISS,False
954,2026-03-01,NBA,PHI@BOS,PHI,98,BOS,114,212,220.0,8.5,8.5,BOS,PHI,98,UNDER,A,-16.71,4.0,Rule1:UpsetClause,105.8,92.7,118.8,26.2,5,HIT,HIT,True
955,2026-03-01,NBA,SA@NY,SA,89,NY,114,203,227.5,1.0,1.0,SA,NY,114,OVER,C,42.0,27.2,Rule3:OverExecution,113.2,100.2,126.3,26.1,12,HIT,HIT,True
956,2026-03-01,NBA,SAC@LAL,SAC,104,LAL,128,232,236.0,13.0,13.0,LAL,SAC,104,OVER,A,3.46,0.9,Rule2:StructuralOutlier,111.5,94.2,128.8,34.7,5,HIT,HIT,True
957,2026-03-01,NBA,SAS@NYK,SAS,89,NYK,114,203,227.5,1.0,1.0,NYK,SAS,89,UNDER,C,-35.59,27.2,Rule4:UnderExecution,113.2,100.2,126.3,26.1,12,HIT,MISS,False
958,2026-03-02,NBA,BOS@MIL,BOS,108,MIL,81,189,216.0,2.5,2.5,BOS,MIL,81,UNDER,C,-28.83,20.7,Rule4:UnderExecution,106.8,92.1,121.4,29.2,12,HIT,MISS,False
959,2026-03-02,NBA,DEN@UTA,DEN,128,UTA,125,253,242.0,11.5,11.5,DEN,UTA,125,OVER,A,3.94,1.5,Rule1:UpsetClause,115.2,99.3,131.2,31.9,5,HIT,HIT,True
960,2026-03-02,NBA,HOU@WAS,HOU,123,WAS,118,241,225.5,14.5,14.5,HOU,WAS,118,UNDER,A,-9.26,0.5,Rule2:StructuralOutlier,105.5,86.7,124.3,37.6,5,HIT,HIT,True
961,2026-03-02,NBA,LAC@GSW,LAC,114,GSW,101,215,216.5,1.0,1.0,LAC,GSW,101,OVER,C,40.36,27.2,Rule3:OverExecution,107.8,94.7,120.8,26.1,12,HIT,HIT,True
962,2026-03-03,NBA,BKN@MIA,BKN,98,MIA,124,222,226.0,12.5,12.5,MIA,BKN,98,UNDER,A,-6.38,1.0,Rule2:StructuralOutlier,106.8,89.9,123.6,33.8,5,HIT,HIT,True
963,2026-03-03,NBA,DAL@CHA,DAL,90,CHA,117,207,227.0,13.0,13.0,CHA,DAL,90,UNDER,A,-31.27,0.9,Rule2:StructuralOutlier,107.0,89.7,124.3,34.7,5,HIT,HIT,True
964,2026-03-03,NBA,DET@CLE,DET,109,CLE,113,222,228.0,2.5,2.5,DET,CLE,113,UNDER,C,-3.65,20.7,Rule4:UnderExecution,112.8,98.1,127.4,29.2,12,HIT,HIT,True
965,2026-03-03,NBA,MEM@MIN,MEM,110,MIN,117,227,236.0,14.0,14.0,MIN,MEM,110,OVER,A,21.92,0.6,Rule2:StructuralOutlier,111.0,92.7,129.3,36.6,5,HIT,HIT,True
966,2026-03-03,NBA,NOP@LAL,NOP,101,LAL,110,211,243.0,8.0,8.0,LAL,NOP,101,UNDER,A,-0.72,4.7,Rule1:UpsetClause,117.5,104.9,130.1,25.2,5,HIT,MISS,False
967,2026-03-03,NBA,NYK@TOR,NYK,111,TOR,95,206,221.5,-2.5,2.5,NYK,TOR,95,UNDER,C,-50.7,40.1,Rule4:UnderExecution,109.5,94.9,124.1,29.2,12,HIT,HIT,True
968,2026-03-03,NBA,OKC@CHI,OKC,116,CHI,108,224,232.0,-9.5,9.5,OKC,CHI,108,UNDER,A,-77.56,49.0,Rule4:UnderExecution,111.2,97.2,125.3,28.1,5,HIT,HIT,True
969,2026-03-03,NBA,PHX@SAC,PHX,114,SAC,103,217,224.0,-9.5,9.5,PHX,SAC,103,UNDER,A,-53.95,49.0,Rule4:UnderExecution,107.2,93.2,121.3,28.1,5,HIT,HIT,True
970,2026-03-03,NBA,SAS@PHI,SAS,131,PHI,91,222,231.0,-8.0,8.0,SAS,PHI,91,OVER,A,7.3,48.3,Rule3:OverExecution,111.5,98.9,124.1,25.2,5,MISS,HIT,False
971,2026-03-03,NBA,WAS@ORL,WAS,109,ORL,126,235,228.0,16.0,16.0,ORL,WAS,109,OVER,A,13.2,0.3,Rule2:StructuralOutlier,106.0,85.8,126.2,40.4,5,HIT,HIT,True
972,2026-03-04,NBA,ATL@MIL,ATL,131,MIL,113,244,232.5,1.0,1.0,MIL,ATL,131,UNDER,C,-57.67,27.2,Rule4:UnderExecution,115.8,102.7,128.8,26.1,12,MISS,HIT,False
973,2026-03-04,NBA,CHA@BOS,CHA,118,BOS,89,207,215.0,6.5,6.5,BOS,CHA,118,UNDER,A,-52.39,7.4,Rule1:UpsetClause,104.2,93.1,115.4,22.3,5,MISS,HIT,False
974,2026-03-04,NBA,IND@LAC,IND,107,LAC,130,237,230.0,12.0,12.0,LAC,IND,107,OVER,A,51.0,1.2,Rule1:UpsetClause,109.0,92.6,125.4,32.8,5,HIT,HIT,True
975,2026-03-04,NBA,OKC@NYK,OKC,103,NYK,100,203,221.0,4.0,4.0,OKC,NYK,100,UNDER,B,-77.41,14.7,Rule1:UpsetClause,108.5,97.5,119.5,22.0,7,HIT,HIT,True
976,2026-03-04,NBA,POR@MEM,POR,122,MEM,114,236,231.5,9.5,9.5,POR,MEM,114,OVER,A,13.85,2.9,Rule1:UpsetClause,111.0,97.0,125.0,28.1,5,HIT,HIT,True
977,2026-03-04,NBA,UTA@PHI,UTA,102,PHI,106,208,238.0,7.0,7.0,PHI,UTA,102,OVER,A,14.46,6.4,Rule1:UpsetClause,115.5,103.8,127.2,23.3,5,MISS,HIT,False
978,2026-03-05,NBA,BKN@MIA,BKN,110,MIA,126,236,225.0,12.5,12.5,MIA,BKN,110,OVER,A,5.51,1.0,Rule2:StructuralOutlier,106.2,89.4,123.1,33.8,5,HIT,HIT,True
979,2026-03-05,NBA,CHI@PHX,CHI,105,PHX,103,208,225.0,11.5,11.5,PHX,CHI,105,UNDER,A,-83.18,1.5,Rule1:UpsetClause,106.8,90.8,122.7,31.8,5,HIT,HIT,True
980,2026-03-05,NBA,DAL@ORL,DAL,114,ORL,115,229,229.5,7.5,7.5,ORL,DAL,114,UNDER,A,-32.5,5.5,Rule1:UpsetClause,111.0,98.9,123.1,24.2,5,HIT,HIT,True
981,2026-03-05,NBA,DET@SAS,DET,106,SAS,121,227,229.0,3.0,3.0,SAS,DET,106,UNDER,C,-1.06,18.6,Rule4:UnderExecution,113.0,97.8,128.2,30.3,12,HIT,HIT,True
982,2026-03-05,NBA,GSW@HOU,GSW,115,HOU,113,228,214.5,9.5,9.5,HOU,GSW,115,UNDER,A,-15.63,2.9,Rule1:UpsetClause,102.5,88.5,116.5,28.1,5,HIT,HIT,True
983,2026-03-05,NBA,LAL@DEN,LAL,113,DEN,120,233,241.0,4.0,4.0,DEN,LAL,113,UNDER,B,-40.21,14.7,Rule1:UpsetClause,118.5,107.5,129.5,22.0,7,HIT,HIT,True
984,2026-03-05,NBA,NOP@SAC,NOP,133,SAC,123,256,236.0,6.5,6.5,NOP,SAC,123,UNDER,A,-19.93,7.4,Rule1:UpsetClause,114.8,103.6,125.9,22.3,5,HIT,HIT,True
985,2026-03-05,NBA,TOR@MIN,TOR,107,MIN,115,222,227.0,5.0,5.0,MIN,TOR,107,UNDER,B,-23.39,11.4,Rule1:UpsetClause,111.0,99.0,123.0,24.0,7,HIT,HIT,True
986,2026-03-05,NBA,UTA@WAS,UTA,122,WAS,112,234,241.0,4.0,4.0,WAS,UTA,122,UNDER,B,-7.5,14.7,Rule1:UpsetClause,118.5,107.5,129.5,22.0,7,HIT,HIT,True
987,2026-03-06,NBA,DAL@BOS,DAL,100,BOS,120,220,226.0,15.5,15.5,BOS,DAL,100,UNDER,A,-61.31,0.4,Rule2:StructuralOutlier,105.2,85.5,125.0,39.4,5,HIT,HIT,True
988,2026-03-06,NBA,IND@LAL,IND,117,LAL,128,245,235.5,9.0,9.0,LAL,IND,117,OVER,A,21.68,3.4,Rule1:UpsetClause,113.2,99.7,126.8,27.1,5,HIT,HIT,True
989,2026-03-06,NBA,LAC@SAS,LAC,112,SAS,116,228,221.5,7.0,7.0,SAS,LAC,112,OVER,A,31.41,6.4,Rule1:UpsetClause,107.2,95.6,118.9,23.3,5,HIT,HIT,True
990,2026-03-06,NBA,MIA@CHA,MIA,128,CHA,120,248,229.5,7.0,7.0,CHA,MIA,128,UNDER,A,-18.16,6.4,Rule1:UpsetClause,111.2,99.6,122.9,23.3,5,MISS,HIT,False
991,2026-03-06,NBA,NOP@PHX,NOP,116,PHX,118,234,228.0,4.0,4.0,PHX,NOP,116,UNDER,B,-75.68,14.7,Rule1:UpsetClause,112.0,101.0,123.0,22.0,7,HIT,HIT,True
992,2026-03-06,NBA,NYK@DEN,NYK,142,DEN,103,245,230.0,1.0,1.0,DEN,NYK,142,UNDER,C,-44.66,27.2,Rule4:UnderExecution,114.5,101.5,127.5,26.1,12,MISS,HIT,False
993,2026-03-06,NBA,POR@HOU,POR,99,HOU,106,205,221.0,6.5,6.5,HOU,POR,99,UNDER,A,-58.61,7.4,Rule1:UpsetClause,107.2,96.1,118.4,22.3,5,HIT,HIT,True
994,2026-03-07,NBA,BKN@DET,BKN,107,DET,105,212,214.5,13.5,13.5,DET,BKN,107,OVER,A,6.24,0.7,Rule2:StructuralOutlier,100.5,82.7,118.3,35.7,5,HIT,HIT,True
995,2026-03-07,NBA,GSW@OKC,GSW,97,OKC,104,201,219.5,-11.5,11.5,GSW,OKC,104,OVER,A,55.4,49.5,Rule3:OverExecution,104.0,88.1,119.9,31.8,5,HIT,HIT,True
996,2026-03-07,NBA,LAC@MEM,LAC,123,MEM,120,243,229.0,7.5,7.5,MEM,LAC,123,OVER,A,31.16,5.5,Rule1:UpsetClause,110.8,98.6,122.9,24.2,5,HIT,MISS,False
997,2026-03-07,NBA,ORL@MIN,ORL,119,MIN,92,211,225.0,7.0,7.0,MIN,ORL,119,UNDER,A,-16.56,6.4,Rule1:UpsetClause,109.0,97.3,120.7,23.3,5,HIT,HIT,True
998,2026-03-07,NBA,PHI@ATL,PHI,116,ATL,125,241,234.5,7.0,7.0,ATL,PHI,116,UNDER,A,-49.29,6.4,Rule1:UpsetClause,113.8,102.1,125.4,23.3,5,HIT,HIT,True
999,2026-03-07,NBA,UTA@MIL,UTA,99,MIL,113,212,230.5,9.5,9.5,MIL,UTA,99,UNDER,A,-22.16,2.9,Rule1:UpsetClause,110.5,96.5,124.5,28.1,5,HIT,HIT,True
1000,2026-03-08,NBA,BOS@CLE,BOS,109,CLE,98,207,224.5,2.0,2.0,CLE,BOS,109,UNDER,C,-60.64,22.8,Rule4:UnderExecution,111.2,97.2,125.3,28.2,12,HIT,HIT,True
1001,2026-03-08,NBA,CHA@PHX,CHA,99,PHX,111,210,218.5,-4.5,4.5,CHA,PHX,111,UNDER,B,-84.1,44.5,Rule4:UnderExecution,107.0,95.5,118.5,23.0,7,HIT,HIT,True
1002,2026-03-08,NBA,CHI@SAC,CHI,110,SAC,126,236,236.0,-4.0,4.0,CHI,SAC,126,UNDER,B,-42.74,43.6,Rule4:UnderExecution,116.0,105.0,127.0,22.0,7,HIT,HIT,True
1003,2026-03-08,NBA,DAL@TOR,DAL,92,TOR,122,214,233.5,10.0,10.0,TOR,DAL,92,UNDER,A,-53.52,2.4,Rule1:UpsetClause,111.8,97.2,126.2,29.0,5,HIT,MISS,False
1004,2026-03-08,NBA,DET@MIA,DET,110,MIA,121,231,230.5,1.0,1.0,DET,MIA,121,OVER,C,23.37,27.2,Rule3:OverExecution,114.8,101.7,127.8,26.1,12,HIT,HIT,True
1005,2026-03-08,NBA,HOU@SAS,HOU,120,SAS,145,265,223.0,6.0,6.0,SAS,HOU,120,OVER,A,14.77,8.6,Rule1:UpsetClause,108.5,97.8,119.2,21.4,5,HIT,MISS,False
1006,2026-03-08,NBA,IND@POR,IND,111,POR,131,242,237.5,9.0,9.0,POR,IND,111,OVER,A,23.66,3.4,Rule1:UpsetClause,114.2,100.7,127.8,27.1,5,HIT,HIT,True
1007,2026-03-08,NBA,NYK@LAL,NYK,97,LAL,110,207,227.0,5.0,5.0,NYK,LAL,110,UNDER,B,-39.68,11.4,Rule1:UpsetClause,111.0,99.0,123.0,24.0,7,HIT,HIT,True
1008,2026-03-08,NBA,ORL@MIL,ORL,130,MIL,91,221,217.5,6.0,6.0,MIL,ORL,130,UNDER,A,-41.94,8.6,Rule1:UpsetClause,105.8,95.0,116.5,21.4,5,MISS,HIT,False
1009,2026-03-08,NBA,WAS@NOP,WAS,118,NOP,138,256,244.5,11.5,11.5,NOP,WAS,118,OVER,A,18.7,1.5,Rule1:UpsetClause,116.5,100.6,132.4,31.9,5,HIT,HIT,True
1010,2026-03-09,NBA,DEN@OKC,DEN,126,OKC,129,255,237.0,3.5,3.5,OKC,DEN,126,UNDER,B,-41.74,16.6,Rule4:UnderExecution,116.8,106.2,127.2,21.0,7,HIT,HIT,True
1011,2026-03-09,NBA,GSW@UTA,GSW,116,UTA,119,235,225.5,6.5,6.5,UTA,GSW,116,UNDER,A,-20.36,7.4,Rule1:UpsetClause,109.5,98.3,120.7,22.3,5,HIT,HIT,True
1012,2026-03-09,NBA,MEM@BKN,MEM,115,BKN,129,244,220.0,1.0,1.0,BKN,MEM,115,OVER,C,20.97,27.2,Rule3:OverExecution,109.5,96.5,122.5,26.1,12,HIT,HIT,True
1013,2026-03-09,NBA,NYK@LAC,NYK,118,LAC,126,244,221.0,-1.5,1.5,NYK,LAC,126,OVER,C,16.71,37.0,Rule3:OverExecution,109.8,96.2,123.3,27.2,12,HIT,MISS,False
1014,2026-03-09,NBA,PHI@CLE,PHI,101,CLE,115,216,225.5,14.0,14.0,CLE,PHI,101,UNDER,A,-58.8,0.6,Rule2:StructuralOutlier,105.8,87.5,124.0,36.6,5,HIT,HIT,True
1015,2026-03-10,NBA,BOS@SAS,BOS,116,SAS,125,241,221.5,3.5,3.5,SAS,BOS,116,UNDER,B,-32.57,16.6,Rule4:UnderExecution,109.0,98.5,119.5,21.0,7,HIT,HIT,True
1016,2026-03-10,NBA,CHA@POR,CHA,103,POR,101,204,227.5,-3.0,3.0,CHA,POR,101,UNDER,C,-65.17,41.4,Rule4:UnderExecution,112.2,97.1,127.4,30.3,12,HIT,HIT,True
1017,2026-03-10,NBA,CHI@GSW,CHI,130,GSW,124,254,226.5,5.5,5.5,GSW,CHI,130,UNDER,A,-21.99,9.9,Rule1:UpsetClause,110.5,100.3,120.7,20.4,5,MISS,HIT,False
1018,2026-03-10,NBA,DAL@ATL,DAL,112,ATL,124,236,240.5,10.0,10.0,ATL,DAL,112,UNDER,A,-69.79,2.4,Rule1:UpsetClause,115.2,100.8,129.8,29.0,5,HIT,HIT,True
1019,2026-03-10,NBA,DET@BKN,DET,138,BKN,100,238,217.0,15.0,15.0,DET,BKN,100,UNDER,A,-22.1,0.4,Rule2:StructuralOutlier,101.0,81.8,120.2,38.5,5,HIT,HIT,True
1020,2026-03-10,NBA,IND@SAC,IND,109,SAC,114,223,236.0,3.5,3.5,SAC,IND,109,OVER,B,7.68,16.6,Rule3:OverExecution,116.2,105.8,126.8,21.0,7,HIT,HIT,True
1021,2026-03-10,NBA,MEM@PHI,MEM,129,PHI,139,268,229.0,5.0,5.0,PHI,MEM,129,OVER,B,8.84,11.4,Rule1:UpsetClause,112.0,100.0,124.0,24.0,7,HIT,MISS,False
1022,2026-03-10,NBA,MIN@LAL,MIN,106,LAL,120,226,229.0,-3.0,3.0,MIN,LAL,120,UNDER,C,-63.55,41.4,Rule4:UnderExecution,113.0,97.8,128.2,30.3,12,HIT,HIT,True
1023,2026-03-10,NBA,PHX@MIL,PHX,129,MIL,114,243,218.5,-2.0,2.0,PHX,MIL,114,UNDER,C,-62.62,38.6,Rule4:UnderExecution,108.2,94.2,122.3,28.2,12,HIT,HIT,True
1024,2026-03-10,NBA,TOR@HOU,TOR,99,HOU,113,212,220.0,4.5,4.5,HOU,TOR,99,UNDER,B,-38.21,13.0,Rule1:UpsetClause,107.8,96.2,119.2,23.0,7,HIT,HIT,True
1025,2026-03-10,NBA,WAS@MIA,WAS,129,MIA,150,279,236.5,16.0,16.0,MIA,WAS,129,OVER,A,46.65,0.3,Rule2:StructuralOutlier,110.2,90.0,130.4,40.4,5,HIT,HIT,True
1026,2026-03-11,NBA,CHA@SAC,CHA,117,SAC,109,226,224.5,-14.5,14.5,CHA,SAC,109,UNDER,A,-29.01,49.8,Rule2:StructuralOutlier,105.0,86.2,123.8,37.6,5,HIT,HIT,True
1027,2026-03-11,NBA,CLE@ORL,CLE,122,ORL,128,250,226.5,3.5,3.5,CLE,ORL,128,UNDER,B,-55.91,16.6,Rule4:UnderExecution,111.5,101.0,122.0,21.0,7,MISS,HIT,False
1028,2026-03-11,NBA,HOU@DEN,HOU,93,DEN,129,222,232.0,7.0,7.0,DEN,HOU,93,OVER,A,42.64,6.4,Rule1:UpsetClause,112.5,100.8,124.2,23.3,5,MISS,HIT,False
1029,2026-03-11,NBA,MIN@LAC,MIN,128,LAC,153,281,226.5,2.0,2.0,LAC,MIN,128,OVER,C,45.66,22.8,Rule3:OverExecution,112.2,98.2,126.3,28.2,12,HIT,MISS,False
1030,2026-03-11,NBA,NYK@UTA,NYK,134,UTA,117,251,231.5,14.0,14.0,NYK,UTA,117,UNDER,A,-16.17,0.6,Rule2:StructuralOutlier,108.8,90.5,127.0,36.6,5,HIT,HIT,True
1031,2026-03-11,NBA,TOR@NOP,TOR,111,NOP,122,233,235.5,2.5,2.5,NOP,TOR,111,UNDER,C,-16.42,20.7,Rule4:UnderExecution,116.5,101.9,131.1,29.2,12,HIT,HIT,True
1032,2026-03-12,NBA,BKN@ATL,BKN,97,ATL,108,205,226.5,16.0,16.0,ATL,BKN,97,UNDER,A,-14.93,0.3,Rule2:StructuralOutlier,105.2,85.0,125.5,40.4,5,HIT,HIT,True
1033,2026-03-12,NBA,BOS@OKC,BOS,102,OKC,104,206,217.0,9.0,9.0,OKC,BOS,102,UNDER,A,-96.23,3.4,Rule1:UpsetClause,104.0,90.5,117.5,27.1,5,HIT,HIT,True
1034,2026-03-12,NBA,CHI@LAL,CHI,130,LAL,142,272,240.5,11.0,11.0,LAL,CHI,130,UNDER,A,-27.63,1.7,Rule1:UpsetClause,114.8,99.3,130.2,30.9,5,HIT,HIT,True
1035,2026-03-12,NBA,DAL@MEM,DAL,120,MEM,112,232,239.5,-5.0,5.0,DAL,MEM,112,OVER,B,24.23,45.3,Rule3:OverExecution,117.2,105.2,129.2,24.0,7,HIT,HIT,True
1036,2026-03-12,NBA,DEN@SAS,DEN,136,SAS,131,267,241.5,3.0,3.0,SAS,DEN,136,OVER,C,84.58,18.6,Rule3:OverExecution,119.2,104.1,134.4,30.3,12,HIT,MISS,False
1037,2026-03-12,NBA,MIL@MIA,MIL,105,MIA,112,217,234.0,5.5,5.5,MIA,MIL,105,OVER,A,21.06,9.9,Rule1:UpsetClause,114.2,104.0,124.5,20.4,5,HIT,HIT,True
1038,2026-03-12,NBA,PHI@DET,PHI,109,DET,131,240,224.0,15.0,15.0,DET,PHI,109,OVER,A,13.18,0.4,Rule2:StructuralOutlier,104.5,85.2,123.8,38.5,5,HIT,HIT,True
1039,2026-03-12,NBA,PHX@IND,PHX,123,IND,108,231,222.0,9.0,9.0,PHX,IND,108,OVER,A,7.52,3.4,Rule1:UpsetClause,106.5,93.0,120.0,27.1,5,HIT,HIT,True
1040,2026-03-12,NBA,WAS@ORL,WAS,131,ORL,136,267,236.5,13.5,13.5,ORL,WAS,131,OVER,A,43.96,0.7,Rule2:StructuralOutlier,111.5,93.7,129.3,35.6,5,HIT,MISS,False
1041,2026-03-13,NBA,CHI@LAC,CHI,108,LAC,119,227,235.0,13.5,13.5,LAC,CHI,108,OVER,A,68.53,0.7,Rule2:StructuralOutlier,110.8,92.9,128.6,35.6,5,HIT,HIT,True
1042,2026-03-13,NBA,CLE@DAL,CLE,138,DAL,105,243,236.0,13.0,13.0,CLE,DAL,105,UNDER,A,-64.55,0.9,Rule2:StructuralOutlier,111.5,94.2,128.8,34.7,5,HIT,HIT,True
1043,2026-03-13,NBA,MEM@DET,MEM,110,DET,126,236,232.0,16.5,16.5,DET,MEM,110,OVER,A,77.55,0.3,Rule2:StructuralOutlier,107.8,87.1,128.4,41.4,5,HIT,HIT,True
1044,2026-03-13,NBA,MIN@GSW,MIN,127,GSW,117,244,223.0,-5.0,5.0,MIN,GSW,117,OVER,B,14.44,45.3,Rule3:OverExecution,109.0,97.0,121.0,24.0,7,HIT,HIT,True
1045,2026-03-13,NBA,NOP@HOU,NOP,105,HOU,107,212,230.5,6.0,6.0,HOU,NOP,105,UNDER,A,-26.99,8.6,Rule1:UpsetClause,112.2,101.5,123.0,21.4,5,HIT,HIT,True
1046,2026-03-13,NBA,NYK@IND,NYK,101,IND,92,193,228.0,12.5,12.5,NYK,IND,92,OVER,A,35.08,1.0,Rule2:StructuralOutlier,107.8,90.9,124.6,33.8,5,HIT,HIT,True
1047,2026-03-13,NBA,PHX@TOR,PHX,115,TOR,122,237,220.5,5.5,5.5,TOR,PHX,115,UNDER,A,-63.01,9.9,Rule1:UpsetClause,107.5,97.3,117.7,20.4,5,HIT,HIT,True
1048,2026-03-13,NBA,UTA@POR,UTA,114,POR,124,238,235.0,16.0,16.0,POR,UTA,114,UNDER,A,-12.39,0.3,Rule2:StructuralOutlier,109.5,89.3,129.7,40.4,5,HIT,HIT,True
1049,2026-03-14,NBA,BKN@PHI,BKN,97,PHI,104,201,217.0,9.0,9.0,PHI,BKN,97,UNDER,A,-5.34,3.4,Rule1:UpsetClause,104.0,90.5,117.5,27.1,5,HIT,HIT,True
1050,2026-03-14,NBA,CHA@SAS,CHA,102,SAS,115,217,232.0,6.0,6.0,SAS,CHA,102,OVER,A,40.52,8.6,Rule1:UpsetClause,113.0,102.3,123.7,21.4,5,MISS,HIT,False
1051,2026-03-14,NBA,DEN@LAL,DEN,125,LAL,127,252,245.5,-2.0,2.0,DEN,LAL,127,UNDER,C,-4.57,38.6,Rule4:UnderExecution,121.8,107.7,135.8,28.2,12,HIT,HIT,True
1052,2026-03-14,NBA,MIL@ATL,MIL,99,ATL,122,221,228.0,11.0,11.0,ATL,MIL,99,UNDER,A,-32.95,1.7,Rule1:UpsetClause,108.5,93.0,124.0,30.9,5,HIT,HIT,True
1053,2026-03-14,NBA,ORL@MIA,ORL,121,MIA,117,238,237.0,-4.5,4.5,ORL,MIA,117,OVER,B,52.42,44.5,Rule3:OverExecution,116.2,104.8,127.8,23.0,7,HIT,HIT,True
1054,2026-03-14,NBA,SAC@LAC,SAC,118,LAC,109,227,231.5,-13.5,13.5,SAC,LAC,109,OVER,A,18.44,49.7,Rule2:StructuralOutlier,109.0,91.2,126.8,35.7,5,HIT,HIT,True
1055,2026-03-14,NBA,WAS@BOS,WAS,100,BOS,111,211,233.0,20.5,20.5,BOS,WAS,100,OVER,A,22.08,0.1,Rule2:StructuralOutlier,106.2,81.8,130.7,48.9,5,HIT,HIT,True
1056,2026-03-15,NBA,DAL@CLE,DAL,130,CLE,120,250,234.0,15.0,15.0,CLE,DAL,130,UNDER,A,-58.66,0.4,Rule2:StructuralOutlier,109.5,90.2,128.8,38.5,5,MISS,HIT,False
1057,2026-03-15,NBA,DET@TOR,DET,108,TOR,119,227,224.5,3.0,3.0,DET,TOR,119,OVER,C,11.81,18.6,Rule3:OverExecution,110.8,95.6,125.9,30.3,12,HIT,HIT,True
1058,2026-03-15,NBA,IND@MIL,IND,123,MIL,134,257,228.0,7.5,7.5,MIL,IND,123,UNDER,A,-16.49,5.5,Rule1:UpsetClause,110.2,98.1,122.4,24.2,5,MISS,HIT,False
1059,2026-03-15,NBA,MIN@OKC,MIN,103,OKC,116,219,228.0,9.0,9.0,OKC,MIN,103,OVER,A,15.29,3.4,Rule1:UpsetClause,109.5,96.0,123.0,27.1,5,HIT,HIT,True
1060,2026-03-15,NBA,UTA@SAC,UTA,111,SAC,116,227,230.5,3.5,3.5,SAC,UTA,111,UNDER,B,-37.02,16.6,Rule4:UnderExecution,113.5,103.0,124.0,21.0,7,HIT,HIT,True
1061,2026-03-16,NBA,DAL@NOP,DAL,111,NOP,129,240,240.5,9.0,9.0,NOP,DAL,111,UNDER,A,-20.69,3.4,Rule1:UpsetClause,115.8,102.2,129.3,27.1,5,HIT,HIT,True
1062,2026-03-16,NBA,GSW@WAS,GSW,125,WAS,117,242,234.5,7.5,7.5,GSW,WAS,117,OVER,A,61.76,5.5,Rule1:UpsetClause,113.5,101.4,125.6,24.2,5,HIT,HIT,True
1063,2026-03-16,NBA,LAL@HOU,LAL,100,HOU,92,192,223.5,-1.0,1.0,LAL,HOU,92,OVER,C,19.26,35.3,Rule3:OverExecution,111.2,98.2,124.3,26.1,12,MISS,HIT,False
1064,2026-03-16,NBA,MEM@CHI,MEM,107,CHI,132,239,244.0,7.0,7.0,CHI,MEM,107,OVER,A,34.49,6.4,Rule1:UpsetClause,118.5,106.8,130.2,23.3,5,HIT,HIT,True
1065,2026-03-16,NBA,ORL@ATL,ORL,112,ATL,124,236,232.0,3.5,3.5,ATL,ORL,112,OVER,B,9.8,16.6,Rule3:OverExecution,114.2,103.8,124.8,21.0,7,HIT,HIT,True
1066,2026-03-16,NBA,PHX@BOS,PHX,112,BOS,122,234,216.5,9.0,9.0,BOS,PHX,112,UNDER,A,-48.15,3.4,Rule1:UpsetClause,103.8,90.2,117.3,27.1,5,HIT,HIT,True
1067,2026-03-16,NBA,POR@BKN,POR,114,BKN,95,209,221.0,11.5,11.5,POR,BKN,95,UNDER,A,-16.88,1.5,Rule1:UpsetClause,104.8,88.8,120.7,31.8,5,HIT,HIT,True
1068,2026-03-16,NBA,SAS@LAC,SAS,119,LAC,115,234,234.0,-8.0,8.0,SAS,LAC,115,OVER,A,112.68,48.3,Rule3:OverExecution,113.0,100.4,125.6,25.2,5,HIT,HIT,True
1069,2026-03-17,NBA,CLE@MIL,CLE,123,MIL,116,239,226.5,-12.5,12.5,CLE,MIL,116,UNDER,A,-15.53,49.6,Rule2:StructuralOutlier,107.0,90.1,123.9,33.8,5,HIT,HIT,True
1070,2026-03-17,NBA,DET@WAS,DET,130,WAS,117,247,233.5,19.5,19.5,DET,WAS,117,OVER,A,79.81,0.1,Rule2:StructuralOutlier,107.0,83.5,130.5,47.1,5,HIT,HIT,True
1071,2026-03-17,NBA,IND@NYK,IND,110,NYK,136,246,222.5,14.0,14.0,NYK,IND,110,OVER,A,12.06,0.6,Rule2:StructuralOutlier,104.2,86.0,122.5,36.6,5,HIT,HIT,True
1072,2026-03-17,NBA,MIA@CHA,MIA,106,CHA,136,242,236.5,5.0,5.0,CHA,MIA,106,UNDER,B,-3.52,11.4,Rule1:UpsetClause,115.8,103.8,127.8,24.0,7,HIT,HIT,True
1073,2026-03-17,NBA,OKC@ORL,OKC,113,ORL,108,221,224.5,10.0,10.0,OKC,ORL,108,UNDER,A,-14.84,2.4,Rule1:UpsetClause,107.2,92.8,121.8,29.0,5,HIT,HIT,True
1074,2026-03-17,NBA,PHI@DEN,PHI,96,DEN,124,220,236.5,15.5,15.5,DEN,PHI,96,OVER,A,25.19,0.4,Rule2:StructuralOutlier,110.5,90.8,130.2,39.4,5,HIT,HIT,True
1075,2026-03-17,NBA,PHX@MIN,PHX,104,MIN,116,220,220.5,3.5,3.5,MIN,PHX,104,OVER,B,3.52,16.6,Rule3:OverExecution,108.5,98.0,119.0,21.0,7,HIT,HIT,True
1076,2026-03-17,NBA,SAS@SAC,SAS,132,SAC,104,236,233.5,-13.5,13.5,SAS,SAC,104,OVER,A,59.96,49.7,Rule2:StructuralOutlier,110.0,92.2,127.8,35.7,5,HIT,HIT,True
1077,2026-03-18,NBA,ATL@DAL,ATL,135,DAL,120,255,239.0,-8.5,8.5,ATL,DAL,120,UNDER,A,-28.13,48.5,Rule4:UnderExecution,115.2,102.2,128.3,26.1,5,HIT,HIT,True
1078,2026-03-18,NBA,DEN@MEM,DEN,118,MEM,125,243,247.5,-12.5,12.5,DEN,MEM,125,OVER,A,54.11,49.6,Rule2:StructuralOutlier,117.5,100.6,134.4,33.8,5,HIT,HIT,True
1079,2026-03-18,NBA,GSW@BOS,GSW,99,BOS,120,219,217.0,11.5,11.5,BOS,GSW,99,OVER,A,8.07,1.5,Rule1:UpsetClause,102.8,86.8,118.7,31.8,5,HIT,HIT,True
1080,2026-03-18,NBA,LAC@NOP,LAC,109,NOP,124,233,237.0,-2.0,2.0,LAC,NOP,124,OVER,C,38.42,38.6,Rule3:OverExecution,117.5,103.4,131.6,28.2,12,HIT,HIT,True
1081,2026-03-18,NBA,LAL@HOU,LAL,124,HOU,116,240,223.5,2.0,2.0,HOU,LAL,124,UNDER,C,-69.58,22.8,Rule4:UnderExecution,110.8,96.7,124.8,28.2,12,HIT,HIT,True
1082,2026-03-18,NBA,OKC@BKN,OKC,121,BKN,92,213,216.5,19.0,19.0,OKC,BKN,92,UNDER,A,-66.4,0.1,Rule2:StructuralOutlier,98.8,75.7,121.8,46.1,5,HIT,HIT,True
1083,2026-03-18,NBA,POR@IND,POR,127,IND,119,246,233.0,11.5,11.5,POR,IND,119,OVER,A,13.3,1.5,Rule1:UpsetClause,110.8,94.8,126.7,31.8,5,HIT,HIT,True
1084,2026-03-18,NBA,TOR@CHI,TOR,139,CHI,109,248,237.0,8.0,8.0,TOR,CHI,109,UNDER,A,-9.06,4.7,Rule1:UpsetClause,114.5,101.9,127.1,25.2,5,HIT,HIT,True
1085,2026-03-18,NBA,UTA@MIN,UTA,111,MIN,147,258,231.5,12.5,12.5,MIN,UTA,111,OVER,A,21.82,1.0,Rule2:StructuralOutlier,109.5,92.6,126.4,33.8,5,HIT,HIT,True
1086,2026-03-19,NBA,CLE@CHI,CLE,115,CHI,110,225,237.0,9.5,9.5,CLE,CHI,110,OVER,A,12.54,2.9,Rule1:UpsetClause,113.8,99.7,127.8,28.1,5,HIT,HIT,True
1087,2026-03-19,NBA,DET@WAS,DET,117,WAS,95,212,231.5,14.5,14.5,DET,WAS,95,OVER,A,83.46,0.5,Rule2:StructuralOutlier,108.5,89.7,127.3,37.6,5,HIT,HIT,True
1088,2026-03-19,NBA,LAC@NOP,LAC,99,NOP,105,204,229.0,4.0,4.0,NOP,LAC,99,OVER,B,31.93,14.7,Rule1:UpsetClause,112.5,101.5,123.5,22.0,7,MISS,HIT,False
1089,2026-03-19,NBA,LAL@MIA,LAL,134,MIA,126,260,242.5,3.5,3.5,MIA,LAL,134,OVER,B,2.27,16.6,Rule3:OverExecution,119.5,109.0,130.0,21.0,7,HIT,MISS,False
1090,2026-03-19,NBA,MIL@UTA,MIL,96,UTA,128,224,227.0,-6.0,6.0,MIL,UTA,128,OVER,A,22.01,46.6,Rule3:OverExecution,110.5,99.8,121.2,21.4,5,HIT,MISS,False
1091,2026-03-19,NBA,ORL@CHA,ORL,111,CHA,130,241,226.5,6.0,6.0,CHA,ORL,111,OVER,A,2.87,8.6,Rule1:UpsetClause,110.2,99.5,121.0,21.4,5,HIT,HIT,True
1092,2026-03-19,NBA,PHI@SAC,PHI,139,SAC,118,257,228.5,-2.5,2.5,PHI,SAC,118,UNDER,C,-3.18,40.1,Rule4:UnderExecution,113.0,98.4,127.6,29.2,12,HIT,HIT,True
1093,2026-03-19,NBA,PHX@SAS,PHX,100,SAS,101,201,228.0,10.0,10.0,SAS,PHX,100,OVER,A,43.74,2.4,Rule1:UpsetClause,109.0,94.5,123.5,29.0,5,HIT,HIT,True
1094,2026-03-20,NBA,ATL@HOU,ATL,95,HOU,117,212,227.5,3.5,3.5,HOU,ATL,95,UNDER,B,-66.27,16.6,Rule4:UnderExecution,112.0,101.5,122.5,21.0,7,HIT,MISS,False
1095,2026-03-20,NBA,BOS@MEM,BOS,117,MEM,112,229,229.5,15.0,15.0,BOS,MEM,112,OVER,A,16.94,0.4,Rule2:StructuralOutlier,107.2,88.0,126.5,38.5,5,HIT,HIT,True
1096,2026-03-20,NBA,GSW@DET,GSW,101,DET,115,216,219.0,6.0,6.0,DET,GSW,101,OVER,A,55.52,8.6,Rule1:UpsetClause,106.5,95.8,117.2,21.4,5,HIT,HIT,True
1097,2026-03-20,NBA,NYK@BKN,NYK,93,BKN,92,185,214.5,18.5,18.5,NYK,BKN,92,UNDER,A,-29.49,0.1,Rule2:StructuralOutlier,98.0,75.4,120.6,45.2,5,HIT,HIT,True
1098,2026-03-20,NBA,POR@MIN,POR,108,MIN,104,212,231.0,1.0,1.0,POR,MIN,104,OVER,C,85.39,27.2,Rule3:OverExecution,115.0,102.0,128.1,26.1,12,HIT,HIT,True
1099,2026-03-20,NBA,TOR@DEN,TOR,115,DEN,121,236,238.0,6.5,6.5,DEN,TOR,115,UNDER,A,-11.07,7.4,Rule1:UpsetClause,115.8,104.6,126.9,22.3,5,HIT,HIT,True
1100,2026-03-21,NBA,CLE@NOP,CLE,111,NOP,106,217,238.0,5.0,5.0,CLE,NOP,106,UNDER,B,-21.65,11.4,Rule1:UpsetClause,116.5,104.5,128.5,24.0,7,HIT,HIT,True
1101,2026-03-21,NBA,GSW@ATL,GSW,110,ATL,126,236,228.0,7.5,7.5,ATL,GSW,110,OVER,A,23.8,5.5,Rule1:UpsetClause,110.2,98.1,122.4,24.2,5,HIT,HIT,True
1102,2026-03-21,NBA,IND@SAS,IND,119,SAS,134,253,235.0,-16.5,16.5,IND,SAS,134,UNDER,A,-5.91,49.9,Rule2:StructuralOutlier,109.2,88.6,129.9,41.4,5,MISS,HIT,False
1103,2026-03-21,NBA,LAC@DAL,LAC,138,DAL,131,269,233.5,-7.5,7.5,LAC,DAL,131,OVER,A,3.62,47.9,Rule3:OverExecution,113.0,100.9,125.1,24.2,5,HIT,MISS,False
1104,2026-03-21,NBA,LAL@ORL,LAL,105,ORL,104,209,234.5,2.5,2.5,LAL,ORL,104,OVER,C,33.19,20.7,Rule3:OverExecution,116.0,101.4,130.6,29.2,12,HIT,HIT,True
1105,2026-03-21,NBA,MEM@CHA,MEM,101,CHA,124,225,232.5,19.0,19.0,CHA,MEM,101,OVER,A,10.98,0.1,Rule2:StructuralOutlier,106.8,83.7,129.8,46.1,5,HIT,HIT,True
1106,2026-03-21,NBA,MIA@HOU,MIA,122,HOU,123,245,228.5,-2.5,2.5,MIA,HOU,123,OVER,C,16.55,40.1,Rule3:OverExecution,113.0,98.4,127.6,29.2,12,HIT,HIT,True
1107,2026-03-21,NBA,MIL@PHX,MIL,108,PHX,105,213,218.5,-11.0,11.0,MIL,PHX,105,UNDER,A,-39.66,49.4,Rule4:UnderExecution,103.8,88.3,119.2,30.9,5,HIT,HIT,True
1108,2026-03-21,NBA,OKC@WAS,OKC,132,WAS,111,243,231.0,21.5,21.5,OKC,WAS,111,UNDER,A,-8.71,0.0,Rule2:StructuralOutlier,104.8,79.3,130.2,50.9,5,HIT,HIT,True
1109,2026-03-21,NBA,PHI@UTA,PHI,126,UTA,116,242,228.5,6.0,6.0,UTA,PHI,126,OVER,A,6.23,8.6,Rule1:UpsetClause,111.2,100.5,122.0,21.4,5,HIT,MISS,False
1110,2026-03-22,NBA,BKN@SAC,BKN,122,SAC,126,248,218.5,7.0,7.0,SAC,BKN,122,UNDER,A,-85.41,6.4,Rule1:UpsetClause,105.8,94.1,117.4,23.3,5,MISS,HIT,False
1111,2026-03-22,NBA,MIN@BOS,MIN,102,BOS,92,194,222.5,10.0,10.0,BOS,MIN,102,OVER,A,20.47,2.4,Rule1:UpsetClause,106.2,91.8,120.8,29.0,5,HIT,HIT,True
1112,2026-03-22,NBA,POR@DEN,POR,112,DEN,128,240,237.5,8.0,8.0,DEN,POR,112,UNDER,A,-46.79,4.7,Rule1:UpsetClause,114.8,102.2,127.3,25.2,5,HIT,HIT,True
1113,2026-03-22,NBA,TOR@PHX,TOR,98,PHX,120,218,220.0,-4.5,4.5,TOR,PHX,120,UNDER,B,-30.21,44.5,Rule4:UnderExecution,107.8,96.2,119.2,23.0,7,MISS,HIT,False
1114,2026-03-22,NBA,WAS@NYK,WAS,113,NYK,145,258,229.5,22.5,22.5,NYK,WAS,113,OVER,A,21.87,0.0,Rule2:StructuralOutlier,103.5,77.1,129.9,52.8,5,HIT,HIT,True
1115,2026-03-23,NBA,BKN@POR,BKN,99,POR,134,233,219.5,15.5,15.5,POR,BKN,99,UNDER,A,-22.12,0.4,Rule2:StructuralOutlier,102.0,82.3,121.7,39.4,5,HIT,HIT,True
1116,2026-03-23,NBA,GSW@DAL,GSW,137,DAL,131,268,230.0,-2.5,2.5,GSW,DAL,131,OVER,C,34.04,40.1,Rule3:OverExecution,113.8,99.1,128.4,29.2,12,HIT,MISS,False
1117,2026-03-23,NBA,HOU@CHI,HOU,124,CHI,132,256,233.5,-8.5,8.5,HOU,CHI,132,UNDER,A,-38.34,48.5,Rule4:UnderExecution,112.5,99.4,125.6,26.2,5,MISS,HIT,False
1118,2026-03-23,NBA,IND@ORL,IND,128,ORL,126,254,233.5,10.5,10.5,ORL,IND,128,OVER,A,34.04,2.1,Rule1:UpsetClause,111.5,96.5,126.5,29.9,5,HIT,MISS,False
1119,2026-03-23,NBA,LAL@DET,LAL,110,DET,113,223,224.5,1.0,1.0,DET,LAL,110,UNDER,C,-15.09,27.2,Rule4:UnderExecution,111.8,98.7,124.8,26.1,12,HIT,HIT,True
1120,2026-03-23,NBA,MEM@ATL,MEM,107,ATL,146,253,239.0,13.5,13.5,ATL,MEM,107,OVER,A,10.38,0.7,Rule2:StructuralOutlier,112.8,94.9,130.6,35.6,5,HIT,HIT,True
1121,2026-03-23,NBA,MIL@LAC,MIL,96,LAC,129,225,221.0,14.0,14.0,LAC,MIL,96,OVER,A,30.27,0.6,Rule2:StructuralOutlier,103.5,85.2,121.8,36.6,5,HIT,HIT,True
1122,2026-03-23,NBA,OKC@PHI,OKC,123,PHI,103,226,226.5,16.0,16.0,OKC,PHI,103,UNDER,A,-27.15,0.3,Rule2:StructuralOutlier,105.2,85.0,125.5,40.4,5,HIT,HIT,True
1123,2026-03-23,NBA,SAS@MIA,SAS,136,MIA,111,247,244.5,3.5,3.5,SAS,MIA,111,OVER,B,45.21,16.6,Rule3:OverExecution,120.5,110.0,131.0,21.0,7,HIT,HIT,True
1124,2026-03-23,NBA,TOR@UTA,TOR,143,UTA,127,270,231.5,-9.5,9.5,TOR,UTA,127,OVER,A,8.83,49.0,Rule3:OverExecution,111.0,97.0,125.0,28.1,5,HIT,MISS,False
1125,2026-03-24,NBA,DEN@PHX,DEN,125,PHX,123,248,233.5,6.0,6.0,DEN,PHX,123,UNDER,A,-48.85,8.6,Rule1:UpsetClause,113.8,103.0,124.5,21.4,5,HIT,HIT,True
1126,2026-03-24,NBA,NOP@NYK,NOP,116,NYK,121,237,228.5,8.5,8.5,NYK,NOP,116,UNDER,A,-12.89,4.0,Rule1:UpsetClause,110.0,96.9,123.1,26.2,5,HIT,HIT,True
1127,2026-03-24,NBA,ORL@CLE,ORL,131,CLE,136,267,229.5,10.5,10.5,CLE,ORL,131,UNDER,A,-12.7,2.1,Rule1:UpsetClause,109.5,94.5,124.5,29.9,5,MISS,HIT,False
1128,2026-03-24,NBA,SAC@CHA,SAC,90,CHA,134,224,233.0,18.0,18.0,CHA,SAC,90,OVER,A,15.13,0.2,Rule2:StructuralOutlier,107.5,85.4,129.6,44.2,5,HIT,HIT,True
1129,2026-03-25,NBA,ATL@DET,ATL,130,DET,129,259,229.5,2.5,2.5,DET,ATL,130,UNDER,C,-0.45,20.7,Rule4:UnderExecution,113.5,98.9,128.1,29.2,12,MISS,HIT,False
1130,2026-03-25,NBA,BKN@GSW,BKN,106,GSW,109,215,218.5,12.5,12.5,GSW,BKN,106,OVER,A,9.55,1.0,Rule2:StructuralOutlier,103.0,86.1,119.9,33.8,5,HIT,HIT,True
1131,2026-03-25,NBA,CHI@PHI,CHI,137,PHI,157,294,241.0,6.5,6.5,PHI,CHI,137,OVER,A,2.7,7.4,Rule1:UpsetClause,117.2,106.1,128.4,22.4,5,HIT,MISS,False
1132,2026-03-25,NBA,DAL@DEN,DAL,135,DEN,142,277,246.0,10.5,10.5,DEN,DAL,135,OVER,A,21.52,2.1,Rule1:UpsetClause,117.8,102.8,132.7,29.9,5,HIT,MISS,False
1133,2026-03-25,NBA,HOU@MIN,HOU,108,MIN,110,218,223.0,-2.0,2.0,HOU,MIN,110,OVER,C,2.46,38.6,Rule3:OverExecution,110.5,96.4,124.6,28.2,12,HIT,HIT,True
1134,2026-03-25,NBA,LAL@IND,LAL,137,IND,130,267,241.0,8.5,8.5,LAL,IND,130,OVER,A,41.4,4.0,Rule1:UpsetClause,116.2,103.2,129.3,26.1,5,HIT,MISS,False
1135,2026-03-25,NBA,MIA@CLE,MIA,120,CLE,103,223,243.0,2.5,2.5,CLE,MIA,120,OVER,C,15.81,20.7,Rule3:OverExecution,120.2,105.6,134.9,29.2,12,HIT,HIT,True
1136,2026-03-25,NBA,MIL@POR,MIL,99,POR,130,229,225.5,15.5,15.5,POR,MIL,99,OVER,A,17.62,0.4,Rule2:StructuralOutlier,105.0,85.3,124.7,39.4,5,HIT,HIT,True
1137,2026-03-25,NBA,OKC@BOS,OKC,109,BOS,119,228,221.5,-2.0,2.0,OKC,BOS,119,UNDER,C,-52.31,38.6,Rule4:UnderExecution,109.8,95.7,123.8,28.2,12,HIT,HIT,True
1138,2026-03-25,NBA,SAS@MEM,SAS,123,MEM,98,221,235.0,-17.0,17.0,SAS,MEM,98,OVER,A,49.1,49.9,Rule2:StructuralOutlier,109.0,87.8,130.2,42.3,5,HIT,HIT,True
1139,2026-03-25,NBA,WAS@UTA,WAS,133,UTA,110,243,239.0,3.5,3.5,UTA,WAS,133,OVER,B,60.86,16.6,Rule3:OverExecution,117.8,107.2,128.2,21.0,7,HIT,MISS,False
1140,2026-03-26,NBA,NOP@DET,NOP,108,DET,129,237,225.5,5.5,5.5,DET,NOP,108,OVER,A,11.2,9.9,Rule1:UpsetClause,110.0,99.8,120.2,20.4,5,HIT,HIT,True
1141,2026-03-26,NBA,NYK@CHA,NYK,103,CHA,114,217,224.0,2.5,2.5,CHA,NYK,103,UNDER,C,-5.06,20.7,Rule4:UnderExecution,110.8,96.1,125.4,29.2,12,HIT,HIT,True
1142,2026-03-26,NBA,SAC@ORL,SAC,117,ORL,121,238,231.0,15.5,15.5,ORL,SAC,117,OVER,A,41.93,0.4,Rule2:StructuralOutlier,107.8,88.0,127.5,39.4,5,HIT,HIT,True
1143,2026-03-27,NBA,ATL@BOS,ATL,102,BOS,109,211,223.5,4.5,4.5,BOS,ATL,102,UNDER,B,-27.15,13.0,Rule1:UpsetClause,109.5,98.0,121.0,23.0,7,HIT,HIT,True
1144,2026-03-27,NBA,BKN@LAL,BKN,99,LAL,116,215,225.0,18.5,18.5,LAL,BKN,99,UNDER,A,-8.45,0.1,Rule2:StructuralOutlier,103.2,80.7,125.8,45.2,5,HIT,HIT,True
1145,2026-03-27,NBA,CHI@OKC,CHI,113,OKC,131,244,241.5,19.0,19.0,OKC,CHI,113,OVER,A,4.78,0.1,Rule2:StructuralOutlier,111.2,88.2,134.3,46.1,5,HIT,HIT,True
1146,2026-03-27,NBA,DAL@POR,DAL,100,POR,93,193,239.5,11.0,11.0,POR,DAL,100,OVER,A,65.34,1.7,Rule1:UpsetClause,114.2,98.8,129.7,30.9,5,HIT,HIT,True
1147,2026-03-27,NBA,HOU@MEM,HOU,119,MEM,109,228,227.5,-14.0,14.0,HOU,MEM,109,OVER,A,4.32,49.8,Rule2:StructuralOutlier,106.8,88.5,125.0,36.6,5,HIT,HIT,True
1148,2026-03-27,NBA,LAC@IND,LAC,114,IND,113,227,236.5,9.0,9.0,IND,LAC,114,OVER,A,63.84,3.4,Rule1:UpsetClause,113.8,100.2,127.3,27.1,5,HIT,HIT,True
1149,2026-03-27,NBA,MIA@CLE,MIA,128,CLE,149,277,241.0,5.5,5.5,CLE,MIA,128,UNDER,A,-8.17,9.9,Rule1:UpsetClause,117.8,107.5,128.0,20.4,5,MISS,HIT,False
1150,2026-03-27,NBA,NOP@TOR,NOP,106,TOR,119,225,229.0,8.5,8.5,TOR,NOP,106,UNDER,A,-4.68,4.0,Rule1:UpsetClause,110.2,97.2,123.3,26.2,5,HIT,HIT,True
1151,2026-03-27,NBA,UTA@DEN,UTA,129,DEN,135,264,248.0,20.0,20.0,DEN,UTA,129,OVER,A,48.15,0.1,Rule2:StructuralOutlier,114.0,90.0,138.0,48.0,5,HIT,HIT,True
1152,2026-03-27,NBA,WAS@GSW,WAS,126,GSW,131,257,230.5,12.0,12.0,GSW,WAS,126,OVER,A,74.19,1.2,Rule1:UpsetClause,109.2,92.8,125.7,32.8,5,HIT,MISS,False
1153,2026-03-28,NBA,CHI@MEM,CHI,124,MEM,125,249,247.5,-5.5,5.5,CHI,MEM,125,OVER,A,20.19,46.0,Rule3:OverExecution,121.0,110.8,131.2,20.4,5,HIT,HIT,True
1154,2026-03-28,NBA,DET@MIN,DET,109,MIN,87,196,222.0,2.0,2.0,DET,MIN,87,OVER,C,42.6,22.8,Rule3:OverExecution,110.0,95.9,124.1,28.2,12,MISS,HIT,False
1155,2026-03-28,NBA,PHI@CHA,PHI,118,CHA,114,232,232.0,6.5,6.5,CHA,PHI,118,OVER,A,8.76,7.4,Rule1:UpsetClause,112.8,101.6,123.9,22.3,5,HIT,HIT,True
1156,2026-03-28,NBA,SAC@ATL,SAC,113,ATL,123,236,235.0,13.5,13.5,ATL,SAC,113,OVER,A,35.56,0.7,Rule2:StructuralOutlier,110.8,92.9,128.6,35.6,5,HIT,HIT,True
1157,2026-03-28,NBA,SAS@MIL,SAS,127,MIL,95,222,227.5,17.0,17.0,SAS,MIL,95,OVER,A,16.55,0.2,Rule2:StructuralOutlier,105.2,84.1,126.4,42.3,5,HIT,HIT,True
1158,2026-03-28,NBA,UTA@PHX,UTA,109,PHX,134,243,231.5,17.5,17.5,PHX,UTA,109,OVER,A,23.16,0.2,Rule2:StructuralOutlier,107.0,85.4,128.6,43.2,5,HIT,HIT,True
1159,2026-03-29,NBA,BOS@CHA,BOS,114,CHA,99,213,217.0,2.0,2.0,BOS,CHA,99,UNDER,C,-52.77,22.8,Rule4:UnderExecution,107.5,93.4,121.6,28.2,12,HIT,HIT,True
1160,2026-03-29,NBA,GSW@DEN,GSW,93,DEN,116,209,238.5,12.0,12.0,DEN,GSW,93,OVER,A,62.79,1.2,Rule1:UpsetClause,113.2,96.8,129.7,32.8,5,MISS,HIT,False
1161,2026-03-29,NBA,HOU@NOP,HOU,134,NOP,102,236,227.0,-5.5,5.5,HOU,NOP,102,UNDER,A,-25.22,46.0,Rule4:UnderExecution,110.8,100.5,121.0,20.4,5,HIT,HIT,True
1162,2026-03-29,NBA,LAC@MIL,LAC,127,MIL,113,240,219.5,17.5,17.5,LAC,MIL,113,OVER,A,16.3,0.2,Rule2:StructuralOutlier,101.0,79.4,122.6,43.2,5,HIT,HIT,True
1163,2026-03-29,NBA,MIA@IND,MIA,118,IND,135,253,245.5,8.5,8.5,IND,MIA,118,OVER,A,62.51,4.0,Rule1:UpsetClause,118.5,105.4,131.6,26.1,5,HIT,HIT,True
1164,2026-03-29,NBA,NYK@OKC,NYK,100,OKC,111,211,223.5,8.0,8.0,OKC,NYK,100,UNDER,A,-11.72,4.7,Rule1:UpsetClause,107.8,95.2,120.3,25.2,5,HIT,HIT,True
1165,2026-03-29,NBA,ORL@TOR,ORL,87,TOR,139,226,226.0,1.5,1.5,TOR,ORL,87,OVER,C,43.06,25.0,Rule3:OverExecution,112.2,98.7,125.8,27.2,12,MISS,HIT,False
1166,2026-03-29,NBA,SAC@BKN,SAC,99,BKN,116,215,216.5,2.0,2.0,BKN,SAC,99,OVER,C,16.02,22.8,Rule3:OverExecution,107.2,93.2,121.3,28.2,12,HIT,HIT,True
1167,2026-03-29,NBA,WAS@POR,WAS,88,POR,123,211,235.5,16.5,16.5,POR,WAS,88,OVER,A,38.81,0.3,Rule2:StructuralOutlier,109.5,88.8,130.2,41.4,5,MISS,HIT,False
1168,2026-03-30,NBA,BOS@ATL,BOS,102,ATL,112,214,226.0,3.0,3.0,ATL,BOS,102,UNDER,C,-11.7,18.6,Rule4:UnderExecution,111.5,96.3,126.7,30.3,12,HIT,HIT,True
1169,2026-03-30,NBA,CHI@SAS,CHI,114,SAS,129,243,246.5,18.0,18.0,SAS,CHI,114,OVER,A,44.77,0.2,Rule2:StructuralOutlier,114.2,92.2,136.3,44.2,5,HIT,HIT,True
1170,2026-03-30,NBA,CLE@UTA,CLE,122,UTA,113,235,242.5,-16.5,16.5,CLE,UTA,113,OVER,A,32.84,49.9,Rule2:StructuralOutlier,113.0,92.3,133.7,41.4,5,HIT,HIT,True
1171,2026-03-30,NBA,DET@OKC,DET,110,OKC,114,224,218.0,12.0,12.0,OKC,DET,110,UNDER,A,-14.8,1.2,Rule1:UpsetClause,103.0,86.6,119.4,32.8,5,HIT,HIT,True
1172,2026-03-30,NBA,MIN@DAL,MIN,124,DAL,94,218,236.5,-8.5,8.5,MIN,DAL,94,UNDER,A,-2.6,48.5,Rule4:UnderExecution,114.0,100.9,127.1,26.2,5,HIT,MISS,False
1173,2026-03-30,NBA,PHI@MIA,PHI,109,MIA,119,228,242.5,2.5,2.5,MIA,PHI,109,OVER,C,61.83,20.7,Rule3:OverExecution,120.0,105.4,134.6,29.2,12,HIT,HIT,True
1174,2026-03-30,NBA,PHX@MEM,PHX,131,MEM,105,236,228.0,12.5,12.5,PHX,MEM,105,OVER,A,2.13,1.0,Rule2:StructuralOutlier,107.8,90.9,124.6,33.8,5,HIT,HIT,True
1175,2026-03-30,NBA,WAS@LAL,WAS,101,LAL,120,221,236.5,15.5,15.5,LAL,WAS,101,OVER,A,49.14,0.4,Rule2:StructuralOutlier,110.5,90.8,130.2,39.4,5,HIT,HIT,True
1176,2026-03-31,NBA,CHA@BKN,CHA,117,BKN,86,203,219.5,18.5,18.5,CHA,BKN,86,UNDER,A,-20.18,0.1,Rule2:StructuralOutlier,100.5,77.9,123.1,45.2,5,HIT,HIT,True
1177,2026-03-31,NBA,CLE@LAL,CLE,113,LAL,127,240,236.0,2.0,2.0,LAL,CLE,113,OVER,C,10.69,22.8,Rule3:OverExecution,117.0,102.9,131.1,28.2,12,HIT,HIT,True
1178,2026-03-31,NBA,DAL@MIL,DAL,99,MIL,123,222,231.0,3.0,3.0,MIL,DAL,99,UNDER,C,-10.62,18.6,Rule4:UnderExecution,114.0,98.8,129.2,30.3,12,HIT,HIT,True
1179,2026-03-31,NBA,NYK@HOU,NYK,94,HOU,111,205,218.5,1.0,1.0,HOU,NYK,94,UNDER,C,-5.44,27.2,Rule4:UnderExecution,108.8,95.7,121.8,26.1,12,HIT,MISS,False
1180,2026-03-31,NBA,PHX@ORL,PHX,111,ORL,115,226,225.0,2.5,2.5,ORL,PHX,111,OVER,C,9.21,20.7,Rule3:OverExecution,111.2,96.6,125.9,29.2,12,HIT,HIT,True
1181,2026-03-31,NBA,POR@LAC,POR,114,LAC,104,218,226.0,4.5,4.5,POR,LAC,104,OVER,B,16.39,13.0,Rule1:UpsetClause,110.8,99.2,122.2,23.0,7,HIT,HIT,True
1182,2026-03-31,NBA,TOR@DET,TOR,116,DET,127,243,220.5,3.5,3.5,DET,TOR,116,OVER,B,14.12,16.6,Rule3:OverExecution,108.5,98.0,119.0,21.0,7,HIT,HIT,True
1183,2026-04-01,NBA,ATL@ORL,ATL,130,ORL,101,231,235.5,2.5,2.5,ATL,ORL,101,OVER,C,41.61,20.7,Rule3:OverExecution,116.5,101.9,131.1,29.2,12,MISS,HIT,False
1184,2026-04-01,NBA,BOS@MIA,BOS,147,MIA,129,276,230.0,4.5,4.5,BOS,MIA,129,UNDER,B,-13.67,13.0,Rule1:UpsetClause,112.8,101.2,124.2,23.0,7,MISS,HIT,False
1185,2026-04-01,NBA,DEN@UTA,DEN,130,UTA,117,247,249.5,17.0,17.0,DEN,UTA,117,OVER,A,44.04,0.2,Rule2:StructuralOutlier,116.2,95.1,137.4,42.3,5,HIT,HIT,True
1186,2026-04-01,NBA,IND@CHI,IND,145,CHI,126,271,246.5,4.0,4.0,IND,CHI,126,OVER,B,50.01,14.7,Rule1:UpsetClause,121.2,110.2,132.2,22.0,7,HIT,HIT,True
1187,2026-04-01,NBA,MIL@HOU,MIL,113,HOU,119,232,216.5,19.5,19.5,HOU,MIL,113,UNDER,A,-4.73,0.1,Rule2:StructuralOutlier,98.5,75.0,122.0,47.1,5,HIT,HIT,True
1188,2026-04-01,NBA,NYK@MEM,NYK,130,MEM,119,249,225.5,13.5,13.5,NYK,MEM,119,OVER,A,21.86,0.7,Rule2:StructuralOutlier,106.0,88.2,123.8,35.7,5,HIT,HIT,True
1189,2026-04-01,NBA,PHI@WAS,PHI,153,WAS,131,284,238.5,14.5,14.5,PHI,WAS,131,OVER,A,63.55,0.5,Rule2:StructuralOutlier,112.0,93.2,130.8,37.6,5,HIT,MISS,False
1190,2026-04-01,NBA,SAC@TOR,SAC,123,TOR,115,238,228.5,12.5,12.5,TOR,SAC,123,OVER,A,31.37,1.0,Rule2:StructuralOutlier,108.0,91.1,124.9,33.8,5,HIT,HIT,True
1191,2026-04-01,NBA,SAS@GSW,SAS,127,GSW,113,240,228.5,14.5,14.5,SAS,GSW,113,OVER,A,57.42,0.5,Rule2:StructuralOutlier,107.0,88.2,125.8,37.6,5,HIT,HIT,True
1192,2026-04-02,NBA,CLE@GSW,CLE,118,GSW,111,229,229.5,10.0,10.0,CLE,GSW,111,OVER,A,31.66,2.4,Rule1:UpsetClause,109.8,95.2,124.2,29.0,5,HIT,HIT,True
1193,2026-04-02,NBA,LAL@OKC,LAL,96,OKC,139,235,233.0,9.0,9.0,OKC,LAL,96,UNDER,A,-50.88,3.4,Rule1:UpsetClause,112.0,98.5,125.5,27.1,5,HIT,MISS,False
1194,2026-04-02,NBA,MIN@DET,MIN,108,DET,113,221,221.0,5.5,5.5,DET,MIN,108,OVER,A,10.29,9.9,Rule1:UpsetClause,107.8,97.5,118.0,20.4,5,HIT,HIT,True
1195,2026-04-02,NBA,NOP@POR,NOP,106,POR,118,224,235.0,5.5,5.5,POR,NOP,106,UNDER,A,-28.61,9.9,Rule1:UpsetClause,114.8,104.5,125.0,20.4,5,HIT,HIT,True
1196,2026-04-02,NBA,PHX@CHA,PHX,107,CHA,127,234,228.0,5.5,5.5,CHA,PHX,107,UNDER,A,-25.64,9.9,Rule1:UpsetClause,111.2,101.0,121.5,20.4,5,HIT,HIT,True
1197,2026-04-02,NBA,SAS@LAC,SAS,118,LAC,99,217,231.5,2.5,2.5,SAS,LAC,99,OVER,C,59.32,20.7,Rule3:OverExecution,114.5,99.9,129.1,29.2,12,MISS,HIT,False
1198,2026-04-03,NBA,ATL@BKN,ATL,141,BKN,107,248,225.0,16.5,16.5,ATL,BKN,107,UNDER,A,-10.72,0.3,Rule2:StructuralOutlier,104.2,83.6,124.9,41.3,5,HIT,HIT,True
1199,2026-04-03,NBA,BOS@MIL,BOS,133,MIL,101,234,218.0,17.5,17.5,BOS,MIL,101,UNDER,A,-0.68,0.2,Rule2:StructuralOutlier,100.2,78.6,121.9,43.2,5,HIT,HIT,True
1200,2026-04-03,NBA,CHI@NYK,CHI,96,NYK,136,232,236.5,13.5,13.5,NYK,CHI,96,OVER,A,41.03,0.7,Rule2:StructuralOutlier,111.5,93.7,129.3,35.6,5,HIT,HIT,True
1201,2026-04-03,NBA,IND@CHA,IND,108,CHA,129,237,234.5,15.5,15.5,CHA,IND,108,OVER,A,45.01,0.4,Rule2:StructuralOutlier,109.5,89.8,129.2,39.4,5,HIT,HIT,True
1202,2026-04-03,NBA,MIN@PHI,MIN,103,PHI,115,218,234.5,3.5,3.5,PHI,MIN,103,OVER,B,38.19,16.6,Rule3:OverExecution,115.5,105.0,126.0,21.0,7,MISS,HIT,False
1203,2026-04-03,NBA,NOP@SAC,NOP,113,SAC,117,230,232.5,6.5,6.5,SAC,NOP,113,UNDER,A,-30.21,7.4,Rule1:UpsetClause,113.0,101.8,124.2,22.3,5,HIT,HIT,True
1204,2026-04-03,NBA,ORL@DAL,ORL,138,DAL,127,265,240.0,7.0,7.0,ORL,DAL,127,UNDER,A,-0.64,6.4,Rule1:UpsetClause,116.5,104.8,128.2,23.3,5,HIT,HIT,True
1205,2026-04-03,NBA,TOR@MEM,TOR,128,MEM,96,224,234.5,15.0,15.0,TOR,MEM,96,OVER,A,50.31,0.4,Rule2:StructuralOutlier,109.8,90.5,129.0,38.5,5,HIT,HIT,True
1206,2026-04-03,NBA,UTA@HOU,UTA,106,HOU,140,246,233.0,18.5,18.5,HOU,UTA,106,OVER,A,27.06,0.1,Rule2:StructuralOutlier,107.2,84.7,129.8,45.1,5,HIT,HIT,True
1207,2026-04-04,NBA,DET@PHI,DET,116,PHI,93,209,226.0,3.5,3.5,DET,PHI,93,OVER,B,29.23,16.6,Rule3:OverExecution,111.2,100.8,121.8,21.0,7,MISS,HIT,False
1208,2026-04-04,NBA,SAS@DEN,SAS,134,DEN,136,270,244.0,2.0,2.0,DEN,SAS,134,UNDER,C,-16.4,22.8,Rule4:UnderExecution,121.0,106.9,135.1,28.2,12,HIT,HIT,True
1209,2026-04-04,NBA,WAS@MIA,WAS,136,MIA,152,288,246.0,18.0,18.0,MIA,WAS,136,OVER,A,99.1,0.2,Rule2:StructuralOutlier,114.0,91.9,136.1,44.2,5,HIT,HIT,True
1210,2026-04-05,NBA,CHA@MIN,CHA,122,MIN,108,230,226.5,5.0,5.0,CHA,MIN,108,UNDER,B,-31.39,11.4,Rule1:UpsetClause,110.8,98.8,122.8,24.0,7,HIT,HIT,True
1211,2026-04-05,NBA,HOU@GSW,HOU,117,GSW,116,233,228.5,4.0,4.0,HOU,GSW,116,OVER,B,27.76,14.7,Rule1:UpsetClause,112.2,101.2,123.2,22.0,7,HIT,HIT,True
1212,2026-04-05,NBA,IND@CLE,IND,108,CLE,117,225,239.5,16.5,16.5,CLE,IND,108,OVER,A,42.66,0.3,Rule2:StructuralOutlier,111.5,90.8,132.2,41.4,5,HIT,HIT,True
1213,2026-04-05,NBA,LAC@SAC,LAC,138,SAC,109,247,228.0,13.5,13.5,LAC,SAC,109,OVER,A,43.44,0.7,Rule2:StructuralOutlier,107.2,89.4,125.1,35.7,5,HIT,HIT,True
1214,2026-04-05,NBA,LAL@DAL,LAL,128,DAL,134,262,235.0,1.5,1.5,DAL,LAL,128,UNDER,C,-24.84,25.0,Rule4:UnderExecution,116.8,103.2,130.3,27.1,12,HIT,HIT,True
1215,2026-04-05,NBA,MEM@MIL,MEM,115,MIL,131,246,230.5,7.5,7.5,MIL,MEM,115,OVER,A,19.55,5.5,Rule1:UpsetClause,111.5,99.4,123.6,24.2,5,HIT,HIT,True
1216,2026-04-05,NBA,ORL@NOP,ORL,112,NOP,108,220,237.0,6.5,6.5,ORL,NOP,108,OVER,A,15.29,7.4,Rule1:UpsetClause,115.2,104.1,126.4,22.3,5,HIT,HIT,True
1217,2026-04-05,NBA,PHX@CHI,PHX,120,CHI,110,230,242.5,11.5,11.5,PHX,CHI,110,OVER,A,28.06,1.5,Rule1:UpsetClause,115.5,99.6,131.4,31.9,5,HIT,HIT,True
1218,2026-04-05,NBA,TOR@BOS,TOR,101,BOS,115,216,220.5,9.0,9.0,BOS,TOR,101,OVER,A,2.97,3.4,Rule1:UpsetClause,105.8,92.2,119.3,27.1,5,HIT,HIT,True
1219,2026-04-05,NBA,UTA@OKC,UTA,111,OKC,146,257,240.5,25.0,25.0,OKC,UTA,111,OVER,A,7.43,0.0,Rule2:StructuralOutlier,107.8,79.0,136.5,57.5,5,HIT,HIT,True
1220,2026-04-05,NBA,WAS@BKN,WAS,115,BKN,121,236,230.5,3.0,3.0,BKN,WAS,115,OVER,C,62.62,18.6,Rule3:OverExecution,113.8,98.6,128.9,30.3,12,HIT,HIT,True
1221,2026-04-06,NBA,CLE@MEM,CLE,142,MEM,126,268,232.0,13.5,13.5,CLE,MEM,126,OVER,A,15.54,0.7,Rule2:StructuralOutlier,109.2,91.4,127.1,35.7,5,HIT,HIT,True
1222,2026-04-06,NBA,DET@ORL,DET,107,ORL,123,230,223.0,1.0,1.0,ORL,DET,107,OVER,C,26.95,27.2,Rule3:OverExecution,111.0,98.0,124.0,26.1,12,HIT,HIT,True
1223,2026-04-06,NBA,NYK@ATL,NYK,108,ATL,105,213,226.5,1.5,1.5,NYK,ATL,105,UNDER,C,-10.72,25.0,Rule4:UnderExecution,112.5,98.9,126.1,27.2,12,HIT,HIT,True
1224,2026-04-06,NBA,PHI@SAS,PHI,102,SAS,115,217,237.5,8.5,8.5,SAS,PHI,102,OVER,A,14.75,4.0,Rule1:UpsetClause,114.5,101.4,127.6,26.2,5,HIT,HIT,True
1225,2026-04-06,NBA,POR@DEN,POR,132,DEN,137,269,236.0,7.0,7.0,DEN,POR,132,UNDER,A,-55.85,6.4,Rule1:UpsetClause,114.5,102.8,126.2,23.3,5,MISS,HIT,False
1226,2026-04-07,NBA,CHA@BOS,CHA,102,BOS,113,215,221.5,4.5,4.5,BOS,CHA,102,UNDER,B,-1.23,13.0,Rule1:UpsetClause,108.5,97.0,120.0,23.0,7,HIT,HIT,True
1227,2026-04-07,NBA,CHI@WAS,CHI,129,WAS,98,227,249.0,6.5,6.5,CHI,WAS,98,OVER,A,52.59,7.4,Rule1:UpsetClause,121.2,110.1,132.4,22.4,5,MISS,HIT,False
1228,2026-04-07,NBA,DAL@LAC,DAL,103,LAC,116,219,235.5,12.0,12.0,LAC,DAL,103,OVER,A,15.52,1.2,Rule1:UpsetClause,111.8,95.3,128.2,32.8,5,HIT,HIT,True
1229,2026-04-07,NBA,HOU@PHX,HOU,119,PHX,105,224,223.0,1.5,1.5,HOU,PHX,105,OVER,C,3.14,25.0,Rule3:OverExecution,110.8,97.2,124.3,27.2,12,HIT,HIT,True
1230,2026-04-07,NBA,MIA@TOR,MIA,95,TOR,121,216,241.5,2.5,2.5,TOR,MIA,95,OVER,C,86.4,20.7,Rule3:OverExecution,119.5,104.9,134.1,29.2,12,MISS,HIT,False
1231,2026-04-07,NBA,MIL@BKN,MIL,90,BKN,96,186,217.5,1.5,1.5,BKN,MIL,90,OVER,C,19.94,25.0,Rule3:OverExecution,108.0,94.4,121.6,27.2,12,MISS,HIT,False
1232,2026-04-07,NBA,MIN@IND,MIN,124,IND,104,228,235.0,12.5,12.5,MIN,IND,104,OVER,A,2.92,1.0,Rule2:StructuralOutlier,111.2,94.4,128.1,33.8,5,HIT,HIT,True
1233,2026-04-07,NBA,OKC@LAL,OKC,123,LAL,87,210,221.0,18.0,18.0,OKC,LAL,87,UNDER,A,-12.7,0.2,Rule2:StructuralOutlier,101.5,79.4,123.6,44.2,5,HIT,HIT,True
1234,2026-04-07,NBA,SAC@GSW,SAC,105,GSW,110,215,233.5,15.5,15.5,GSW,SAC,105,OVER,A,42.28,0.4,Rule2:StructuralOutlier,109.0,89.3,128.7,39.4,5,HIT,HIT,True
1235,2026-04-07,NBA,UTA@NOP,UTA,137,NOP,156,293,243.0,6.0,6.0,NOP,UTA,137,OVER,A,10.5,8.6,Rule1:UpsetClause,118.5,107.8,129.2,21.4,5,HIT,MISS,False
1236,2026-04-08,NBA,ATL@CLE,ATL,116,CLE,122,238,237.0,4.5,4.5,CLE,ATL,116,UNDER,B,-16.5,13.0,Rule1:UpsetClause,116.2,104.8,127.8,23.0,7,HIT,HIT,True
1237,2026-04-08,NBA,DAL@PHX,DAL,107,PHX,112,219,233.5,12.5,12.5,PHX,DAL,107,UNDER,A,-17.11,1.0,Rule2:StructuralOutlier,110.5,93.6,127.4,33.8,5,HIT,HIT,True
1238,2026-04-08,NBA,MEM@DEN,MEM,119,DEN,136,255,247.0,23.5,23.5,DEN,MEM,119,OVER,A,55.99,0.0,Rule2:StructuralOutlier,111.8,84.4,139.1,54.6,5,HIT,HIT,True
1239,2026-04-08,NBA,MIL@DET,MIL,111,DET,137,248,222.5,22.0,22.0,DET,MIL,111,OVER,A,14.67,0.0,Rule2:StructuralOutlier,100.2,74.3,126.2,51.8,5,HIT,HIT,True
1240,2026-04-08,NBA,MIN@ORL,MIN,120,ORL,132,252,233.5,12.0,12.0,ORL,MIN,120,OVER,A,10.85,1.2,Rule1:UpsetClause,110.8,94.3,127.2,32.8,5,HIT,HIT,True
1241,2026-04-08,NBA,OKC@LAC,OKC,128,LAC,110,238,224.0,8.5,8.5,OKC,LAC,110,OVER,A,5.23,4.0,Rule1:UpsetClause,107.8,94.7,120.8,26.2,5,HIT,HIT,True
1242,2026-04-08,NBA,POR@SAS,POR,101,SAS,112,213,230.0,3.0,3.0,SAS,POR,101,UNDER,C,-30.52,18.6,Rule4:UnderExecution,113.5,98.3,128.7,30.3,12,HIT,HIT,True
1243,2026-04-09,NBA,BOS@NYK,BOS,106,NYK,112,218,211.0,4.0,4.0,NYK,BOS,106,OVER,B,3.04,14.7,Rule1:UpsetClause,103.5,92.5,114.5,22.0,7,HIT,HIT,True
1244,2026-04-09,NBA,CHI@WAS,CHI,119,WAS,108,227,249.0,6.5,6.5,CHI,WAS,108,OVER,A,45.43,7.4,Rule1:UpsetClause,121.2,110.1,132.4,22.4,5,MISS,HIT,False
1245,2026-04-09,NBA,IND@BKN,IND,123,BKN,94,217,225.5,3.0,3.0,IND,BKN,94,UNDER,C,-3.19,18.6,Rule4:UnderExecution,111.2,96.1,126.4,30.3,12,HIT,MISS,False
1246,2026-04-09,NBA,LAL@GSW,LAL,119,GSW,103,222,222.5,1.5,1.5,LAL,GSW,103,OVER,C,3.19,25.0,Rule3:OverExecution,110.5,96.9,124.1,27.2,12,HIT,HIT,True
1247,2026-04-09,NBA,MIA@TOR,MIA,114,TOR,128,242,236.5,4.5,4.5,TOR,MIA,114,OVER,B,46.67,13.0,Rule1:UpsetClause,116.0,104.5,127.5,23.0,7,HIT,HIT,True
1248,2026-04-09,NBA,PHI@HOU,PHI,102,HOU,113,215,226.5,6.0,6.0,HOU,PHI,102,UNDER,A,-15.53,8.6,Rule1:UpsetClause,110.2,99.5,121.0,21.4,5,HIT,HIT,True
1249,2026-04-10,NBA,BKN@MIL,BKN,108,MIL,125,233,218.0,10.0,10.0,MIL,BKN,108,UNDER,A,-16.05,2.4,Rule1:UpsetClause,104.0,89.5,118.5,29.0,5,HIT,HIT,True
1250,2026-04-10,NBA,CLE@ATL,CLE,102,ATL,124,226,233.0,8.0,8.0,ATL,CLE,102,OVER,A,29.9,4.7,Rule1:UpsetClause,112.5,99.9,125.1,25.2,5,HIT,HIT,True
1251,2026-04-10,NBA,DAL@SAS,DAL,120,SAS,139,259,236.0,18.0,18.0,SAS,DAL,120,OVER,A,0.79,0.2,Rule2:StructuralOutlier,109.0,86.9,131.1,44.2,5,HIT,HIT,True
1252,2026-04-10,NBA,DET@CHA,DET,118,CHA,100,218,225.5,5.5,5.5,DET,CHA,100,OVER,A,11.6,9.9,Rule1:UpsetClause,110.0,99.8,120.2,20.4,5,HIT,HIT,True
1253,2026-04-10,NBA,MIA@WAS,MIA,140,WAS,117,257,243.5,16.0,16.0,MIA,WAS,117,OVER,A,99.78,0.3,Rule2:StructuralOutlier,113.8,93.5,133.9,40.4,5,HIT,HIT,True
1254,2026-04-10,NBA,MIN@HOU,MIN,136,HOU,132,268,228.0,9.5,9.5,MIN,HOU,132,OVER,A,14.83,2.9,Rule1:UpsetClause,109.2,95.2,123.3,28.1,5,HIT,MISS,False
1255,2026-04-10,NBA,NOP@BOS,NOP,118,BOS,144,262,227.0,18.0,18.0,BOS,NOP,118,OVER,A,15.8,0.2,Rule2:StructuralOutlier,104.5,82.4,126.6,44.2,5,HIT,HIT,True
1256,2026-04-10,NBA,OKC@DEN,OKC,107,DEN,127,234,223.5,2.5,2.5,DEN,OKC,107,OVER,C,78.3,20.7,Rule3:OverExecution,110.5,95.9,125.1,29.2,12,HIT,HIT,True
1257,2026-04-10,NBA,ORL@CHI,ORL,127,CHI,103,230,246.5,15.5,15.5,ORL,CHI,103,OVER,A,21.8,0.4,Rule2:StructuralOutlier,115.5,95.8,135.2,39.4,5,HIT,HIT,True
1258,2026-04-10,NBA,PHI@IND,PHI,105,IND,94,199,234.5,15.0,15.0,PHI,IND,94,OVER,A,27.58,0.4,Rule2:StructuralOutlier,109.8,90.5,129.0,38.5,5,HIT,HIT,True
1259,2026-04-10,NBA,TOR@NYK,TOR,95,NYK,112,207,219.0,6.5,6.5,NYK,TOR,95,UNDER,A,-6.95,7.4,Rule1:UpsetClause,106.2,95.1,117.4,22.3,5,HIT,MISS,False
1260,2026-04-11,NBA,ATL@MIA,ATL,117,MIA,143,260,240.5,10.5,10.5,MIA,ATL,117,OVER,A,44.97,2.1,Rule1:UpsetClause,115.0,100.0,130.0,29.9,5,HIT,HIT,True
1261,2026-04-11,NBA,BKN@TOR,BKN,101,TOR,136,237,218.5,24.0,24.0,TOR,BKN,101,UNDER,A,-19.96,0.0,Rule2:StructuralOutlier,97.2,69.5,125.0,55.6,5,HIT,HIT,True
1262,2026-04-11,NBA,CHA@NYK,CHA,110,NYK,96,206,216.5,14.5,14.5,CHA,NYK,96,UNDER,A,-14.89,0.5,Rule2:StructuralOutlier,101.0,82.2,119.8,37.6,5,HIT,HIT,True
1263,2026-04-11,NBA,CHI@DAL,CHI,128,DAL,149,277,249.5,5.0,5.0,DAL,CHI,128,UNDER,B,-0.63,11.4,Rule1:UpsetClause,122.2,110.2,134.2,24.0,7,HIT,HIT,True
1264,2026-04-11,NBA,DET@IND,DET,133,IND,121,254,230.5,16.5,16.5,DET,IND,121,OVER,A,13.61,0.3,Rule2:StructuralOutlier,107.0,86.3,127.7,41.3,5,HIT,HIT,True
1265,2026-04-11,NBA,MEM@HOU,MEM,101,HOU,132,233,231.5,14.5,14.5,HOU,MEM,101,OVER,A,67.23,0.5,Rule2:StructuralOutlier,108.5,89.7,127.3,37.6,5,HIT,HIT,True
1266,2026-04-11,NBA,MIL@PHI,MIL,106,PHI,126,232,224.5,16.0,16.0,PHI,MIL,106,OVER,A,0.61,0.3,Rule2:StructuralOutlier,104.2,84.0,124.5,40.4,5,HIT,HIT,True
1267,2026-04-11,NBA,ORL@BOS,ORL,108,BOS,113,221,222.0,13.0,13.0,BOS,ORL,108,OVER,A,44.44,0.9,Rule2:StructuralOutlier,104.5,87.2,121.8,34.7,5,HIT,HIT,True
1268,2026-04-11,NBA,PHX@OKC,PHX,135,OKC,103,238,212.5,7.5,7.5,PHX,OKC,103,OVER,A,49.2,5.5,Rule1:UpsetClause,102.5,90.4,114.6,24.2,5,HIT,HIT,True
1269,2026-04-11,NBA,SAC@POR,SAC,110,POR,122,232,227.0,18.5,18.5,POR,SAC,110,UNDER,A,-12.23,0.1,Rule2:StructuralOutlier,104.2,81.7,126.8,45.2,5,HIT,HIT,True
1270,2026-04-11,NBA,WAS@CLE,WAS,117,CLE,130,247,234.5,11.0,11.0,CLE,WAS,117,OVER,A,35.97,1.7,Rule1:UpsetClause,111.8,96.3,127.2,30.9,5,HIT,HIT,True
1271,2026-04-12,NBA,ATL@MIA,ATL,117,MIA,143,260,240.5,10.5,10.5,MIA,ATL,117,OVER,A,60.11,2.1,Rule1:UpsetClause,115.0,100.0,130.0,29.9,5,HIT,HIT,True
1272,2026-04-12,NBA,BKN@TOR,BKN,101,TOR,136,237,218.5,24.0,24.0,TOR,BKN,101,UNDER,A,-0.49,0.0,Rule2:StructuralOutlier,97.2,69.5,125.0,55.6,5,HIT,HIT,True
1273,2026-04-12,NBA,CHA@NYK,CHA,110,NYK,96,206,216.5,14.5,14.5,NYK,CHA,110,UNDER,A,-21.32,0.5,Rule2:StructuralOutlier,101.0,82.2,119.8,37.6,5,HIT,HIT,True
1274,2026-04-12,NBA,CHI@DAL,CHI,128,DAL,149,277,249.5,5.0,5.0,DAL,CHI,128,OVER,B,23.97,11.4,Rule1:UpsetClause,122.2,110.2,134.2,24.0,7,HIT,HIT,True
1275,2026-04-12,NBA,DEN@SAS,DEN,128,SAS,118,246,234.0,10.0,10.0,SAS,DEN,128,OVER,A,89.65,2.4,Rule1:UpsetClause,112.0,97.5,126.5,29.0,5,HIT,MISS,False
1276,2026-04-12,NBA,DET@IND,DET,133,IND,121,254,230.5,16.5,16.5,IND,DET,133,OVER,A,27.42,0.3,Rule2:StructuralOutlier,107.0,86.3,127.7,41.3,5,HIT,MISS,False
1277,2026-04-12,NBA,GSW@LAC,GSW,110,LAC,115,225,229.5,4.0,4.0,LAC,GSW,110,OVER,B,38.47,14.7,Rule1:UpsetClause,112.8,101.8,123.8,22.0,7,HIT,HIT,True
1278,2026-04-12,NBA,MEM@HOU,MEM,101,HOU,132,233,231.5,14.5,14.5,HOU,MEM,101,OVER,A,58.26,0.5,Rule2:StructuralOutlier,108.5,89.7,127.3,37.6,5,HIT,HIT,True
1279,2026-04-12,NBA,MIL@PHI,MIL,106,PHI,126,232,224.5,16.0,16.0,PHI,MIL,106,OVER,A,13.3,0.3,Rule2:StructuralOutlier,104.2,84.0,124.5,40.4,5,HIT,HIT,True
1280,2026-04-12,NBA,NOP@MIN,NOP,126,MIN,132,258,238.0,3.5,3.5,MIN,NOP,126,OVER,B,32.66,16.6,Rule3:OverExecution,117.2,106.8,127.8,21.0,7,HIT,HIT,True
1281,2026-04-12,NBA,ORL@BOS,ORL,108,BOS,113,221,222.0,13.0,13.0,BOS,ORL,108,OVER,A,29.76,0.9,Rule2:StructuralOutlier,104.5,87.2,121.8,34.7,5,HIT,HIT,True
1282,2026-04-12,NBA,PHX@OKC,PHX,135,OKC,103,238,212.5,7.5,7.5,OKC,PHX,135,OVER,A,2.74,5.5,Rule1:UpsetClause,102.5,90.4,114.6,24.2,5,HIT,MISS,False
1283,2026-04-12,NBA,SAC@POR,SAC,110,POR,122,232,227.0,18.5,18.5,POR,SAC,110,OVER,A,2.81,0.1,Rule2:StructuralOutlier,104.2,81.7,126.8,45.2,5,HIT,HIT,True
1284,2026-04-12,NBA,UTA@LAL,UTA,107,LAL,131,238,239.5,14.5,14.5,LAL,UTA,107,OVER,A,64.19,0.5,Rule2:StructuralOutlier,112.5,93.7,131.3,37.6,5,HIT,HIT,True
1285,2026-04-12,NBA,WAS@CLE,WAS,117,CLE,130,247,234.5,11.0,11.0,CLE,WAS,117,OVER,A,39.5,1.7,Rule1:UpsetClause,111.8,96.3,127.2,30.9,5,HIT,HIT,True
1286,2026-04-13,NBA,MIA@CHA,MIA,126,CHA,127,253,228.0,6.0,6.0,CHA,MIA,126,OVER,A,30.42,8.6,Rule1:UpsetClause,111.0,100.3,121.7,21.4,5,HIT,MISS,False
1287,2026-04-13,NBA,POR@PHX,POR,114,PHX,110,224,216.0,2.5,2.5,POR,PHX,110,OVER,C,2.51,20.7,Rule3:OverExecution,106.8,92.1,121.4,29.2,12,HIT,HIT,True
1288,2026-04-15,NBA,GS@LAC,GS,126,LAC,121,247,220.0,5.5,5.5,LAC,GS,126,OVER,A,55.02,9.9,Rule1:UpsetClause,107.2,97.0,117.5,20.4,5,HIT,MISS,False
1289,2026-04-15,NBA,ORL@PHI,ORL,97,PHI,109,206,224.0,1.0,1.0,PHI,ORL,97,OVER,C,24.91,27.2,Rule3:OverExecution,111.5,98.5,124.5,26.1,12,MISS,HIT,False
1290,2026-05-08,WNBA,WAS@TOR,WAS,68,TOR,65,133,160.5,1.5,1.5,TOR,WAS,68,OVER,C,61.32,25.0,Rule3:OverExecution,79.5,65.9,93.1,27.2,12,HIT,HIT,True
1291,2026-05-08,WNBA,CON@NY,CON,75,NY,106,181,160.0,15.5,15.5,NY,CON,75,OVER,A,20.17,0.4,Rule2:StructuralOutlier,72.2,52.5,92.0,39.4,5,HIT,HIT,True
1292,2026-05-08,WNBA,GS@SEA,GS,91,SEA,80,171,156.5,5.5,5.5,GS,SEA,80,OVER,A,50.39,9.9,Rule1:UpsetClause,75.5,65.3,85.7,20.4,5,HIT,HIT,True
1293,2026-05-09,WNBA,DAL@IND,DAL,107,IND,104,211,179.0,5.5,5.5,IND,DAL,107,OVER,A,21.92,9.9,Rule1:UpsetClause,86.8,76.5,97.0,20.4,5,HIT,MISS,False
1294,2026-05-09,WNBA,PHO@LV,PHO,99,LV,66,165,168.5,9.5,9.5,LV,PHO,99,OVER,A,28.65,2.9,Rule1:UpsetClause,79.5,65.5,93.5,28.1,5,HIT,MISS,False
1295,2026-05-09,WNBA,ATL@MIN,ATL,91,MIN,90,181,160.5,5.5,5.5,MIN,ATL,91,OVER,A,31.76,9.9,Rule1:UpsetClause,77.5,67.3,87.7,20.4,5,HIT,MISS,False
1296,2026-05-09,WNBA,CHI@PDX,CHI,98,PDX,83,181,163.5,5.5,5.5,CHI,PDX,83,OVER,A,39.57,9.9,Rule1:UpsetClause,79.0,68.8,89.2,20.4,5,HIT,HIT,True
1297,2026-05-10,WNBA,SEA@CON,SEA,89,CON,82,171,163.0,1.5,1.5,CON,SEA,89,OVER,C,71.08,25.0,Rule3:OverExecution,80.8,67.2,94.3,27.2,12,HIT,HIT,True
1298,2026-05-10,WNBA,NY@WAS,NY,98,WAS,93,191,165.0,5.5,5.5,NY,WAS,93,OVER,A,61.56,9.9,Rule1:UpsetClause,79.8,69.5,90.0,20.4,5,HIT,MISS,False
1299,2026-05-10,WNBA,LV@LA,LV,105,LA,78,183,177.0,1.5,1.5,LV,LA,78,OVER,C,14.24,25.0,Rule3:OverExecution,87.8,74.2,101.3,27.2,12,HIT,HIT,True
1300,2026-05-10,WNBA,PHO@GS,PHO,79,GS,95,174,157.5,2.5,2.5,GS,PHO,79,OVER,C,14.44,20.7,Rule3:OverExecution,77.5,62.9,92.1,29.2,12,HIT,HIT,True
1301,2026-05-11,WNBA,ATL@DAL,ATL,77,DAL,72,149,181.0,1.5,1.5,ATL,DAL,72,OVER,C,74.63,25.0,Rule3:OverExecution,89.8,76.2,103.3,27.2,12,MISS,HIT,False
1302,2026-05-11,WNBA,NY@PDX,NY,96,PDX,98,194,173.5,12.5,12.5,NY,PDX,98,OVER,A,107.44,1.0,Rule2:StructuralOutlier,80.5,63.6,97.4,33.8,5,HIT,MISS,False
1303,2026-05-11,WNBA,MIN@PHO,MIN,88,PHO,84,172,167.0,4.5,4.5,PHO,MIN,88,UNDER,B,-3.58,13.0,Rule1:UpsetClause,81.2,69.8,92.8,23.0,7,HIT,HIT,True
1304,2026-05-12,WNBA,ATL@DAL,ATL,77,DAL,72,149,181.0,1.5,1.5,ATL,DAL,72,OVER,C,50.78,25.0,Rule3:OverExecution,89.8,76.2,103.3,27.2,12,MISS,HIT,False
1305,2026-05-12,WNBA,NY@PDX,NY,96,PDX,98,194,173.5,12.5,12.5,NY,PDX,98,OVER,A,126.45,1.0,Rule2:StructuralOutlier,80.5,63.6,97.4,33.8,5,HIT,MISS,False
1306,2026-05-12,WNBA,MIN@PHO,MIN,88,PHO,84,172,167.0,4.5,4.5,MIN,PHO,84,OVER,B,67.44,13.0,Rule1:UpsetClause,81.2,69.8,92.8,23.0,7,HIT,HIT,True
1307,2026-05-13,WNBA,SEA@TOR,SEA,73,TOR,86,159,168.0,3.5,3.5,TOR,SEA,73,OVER,B,81.5,16.6,Rule3:OverExecution,82.2,71.8,92.8,21.0,7,HIT,HIT,True
1308,2026-05-13,WNBA,LV@CON,LV,98,CON,69,167,172.0,14.5,14.5,LV,CON,69,OVER,A,28.86,0.5,Rule2:StructuralOutlier,78.8,60.0,97.5,37.6,5,HIT,HIT,True
1309,2026-05-13,WNBA,CHI@GS,CHI,69,GS,63,132,166.5,5.5,5.5,CHI,GS,63,OVER,A,86.03,9.9,Rule1:UpsetClause,80.5,70.3,90.7,20.4,5,MISS,HIT,False
1310,2026-05-13,WNBA,IND@LA,IND,87,LA,78,165,186.0,1.5,1.5,IND,LA,78,OVER,C,46.58,25.0,Rule3:OverExecution,92.2,78.7,105.8,27.2,12,MISS,HIT,False
1311,2026-05-14,WNBA,MIN@DAL,MIN,90,DAL,86,176,178.5,3.5,3.5,MIN,DAL,86,OVER,B,48.75,16.6,Rule3:OverExecution,87.5,77.0,98.0,21.0,7,HIT,HIT,True
1312,2026-05-14,WNBA,NY@PDX,NY,100,PDX,82,182,175.0,11.5,11.5,NY,PDX,82,OVER,A,146.79,1.5,Rule1:UpsetClause,81.8,65.8,97.7,31.8,5,HIT,HIT,True
1313,2026-05-15,WNBA,WAS@IND,WAS,104,IND,102,206,170.0,8.5,8.5,IND,WAS,104,OVER,A,61.95,4.0,Rule1:UpsetClause,80.8,67.7,93.8,26.2,5,HIT,MISS,False
1314,2026-05-15,WNBA,LV@CON,LV,101,CON,94,195,172.5,15.5,15.5,LV,CON,94,OVER,A,10.11,0.4,Rule2:StructuralOutlier,78.5,58.8,98.2,39.4,5,HIT,HIT,True
1315,2026-05-15,WNBA,CHI@PHO,CHI,83,PHO,91,174,165.5,4.0,4.0,CHI,PHO,91,OVER,B,27.66,14.7,Rule1:UpsetClause,80.8,69.8,91.8,22.0,7,HIT,HIT,True
1316,2026-05-15,WNBA,TOR@LA,TOR,95,LA,99,194,170.0,7.5,7.5,LA,TOR,95,UNDER,A,-17.11,5.5,Rule1:UpsetClause,81.2,69.1,93.4,24.2,5,MISS,HIT,False
1317,2026-05-16,WNBA,LV@ATL,LV,85,ATL,84,169,171.5,3.5,3.5,LV,ATL,84,OVER,B,18.12,16.6,Rule3:OverExecution,84.0,73.5,94.5,21.0,7,HIT,HIT,True
1318,2026-05-16,WNBA,SEA@IND,SEA,78,IND,89,167,176.5,11.5,11.5,IND,SEA,78,OVER,A,106.11,1.5,Rule1:UpsetClause,82.5,66.6,98.4,31.8,5,HIT,HIT,True
1319,2026-05-16,WNBA,CHI@MIN,CHI,86,MIN,79,165,165.5,5.5,5.5,MIN,CHI,86,OVER,A,44.1,9.9,Rule1:UpsetClause,80.0,69.8,90.2,20.4,5,HIT,HIT,True
1320,2026-05-16,WNBA,TOR@LA,TOR,106,LA,96,202,174.5,7.5,7.5,LA,TOR,106,OVER,A,15.24,5.5,Rule1:UpsetClause,83.5,71.4,95.6,24.2,5,HIT,MISS,False
1321,2026-05-17,WNBA,LV@ATL,LV,85,ATL,84,169,171.5,3.5,3.5,ATL,LV,85,OVER,B,8.93,16.6,Rule3:OverExecution,84.0,73.5,94.5,21.0,7,HIT,HIT,True
1322,2026-05-17,WNBA,SEA@IND,SEA,78,IND,89,167,176.5,11.5,11.5,IND,SEA,78,OVER,A,79.46,1.5,Rule1:UpsetClause,82.5,66.6,98.4,31.8,5,HIT,HIT,True
1323,2026-05-17,WNBA,CHI@MIN,CHI,86,MIN,79,165,165.5,5.5,5.5,CHI,MIN,79,OVER,A,14.68,9.9,Rule1:UpsetClause,80.0,69.8,90.2,20.4,5,HIT,HIT,True
1324,2026-05-17,WNBA,TOR@LA,TOR,106,LA,96,202,174.5,7.5,7.5,LA,TOR,106,OVER,A,83.49,5.5,Rule1:UpsetClause,83.5,71.4,95.6,24.2,5,HIT,MISS,False
1325,2026-05-18,WNBA,WAS@DAL,WAS,69,DAL,92,161,170.0,3.5,3.5,DAL,WAS,69,OVER,B,72.9,16.6,Rule3:OverExecution,83.2,72.8,93.8,21.0,7,MISS,HIT,False
1326,2026-05-18,WNBA,CON@PDX,CON,82,PDX,83,165,174.0,3.5,3.5,CON,PDX,83,OVER,B,108.31,16.6,Rule3:OverExecution,85.2,74.8,95.8,21.0,7,HIT,HIT,True
1327,2026-05-19,WNBA,TOR@PHO,TOR,98,PHO,90,188,169.5,7.5,7.5,TOR,PHO,90,OVER,A,73.49,5.5,Rule1:UpsetClause,81.0,68.9,93.1,24.2,5,HIT,HIT,True
1328,2026-05-20,WNBA,PDX@IND,PDX,73,IND,90,163,175.5,10.5,10.5,IND,PDX,73,OVER,A,103.67,2.1,Rule1:UpsetClause,82.5,67.5,97.5,29.9,5,HIT,HIT,True
1329,2026-05-20,WNBA,DAL@CHI,DAL,99,CHI,89,188,170.0,2.5,2.5,DAL,CHI,89,OVER,C,19.47,20.7,Rule3:OverExecution,83.8,69.1,98.4,29.2,12,HIT,HIT,True
1330,2026-05-20,WNBA,CON@SEA,CON,80,SEA,78,158,169.0,2.5,2.5,CON,SEA,78,OVER,C,24.72,20.7,Rule3:OverExecution,83.2,68.6,97.9,29.2,12,HIT,HIT,True
1331,2026-05-21,WNBA,GS@NY,GS,87,NY,70,157,169.0,5.5,5.5,NY,GS,87,OVER,A,91.63,9.9,Rule1:UpsetClause,81.8,71.5,92.0,20.4,5,HIT,HIT,True
1332,2026-05-21,WNBA,TOR@MIN,TOR,72,MIN,100,172,173.0,5.5,5.5,MIN,TOR,72,OVER,A,45.24,9.9,Rule1:UpsetClause,83.8,73.5,94.0,20.4,5,MISS,HIT,False
1333,2026-05-21,WNBA,LA@PHO,LA,97,PHO,88,185,178.0,2.5,2.5,LA,PHO,88,OVER,C,116.26,20.7,Rule3:OverExecution,87.8,73.1,102.4,29.2,12,HIT,HIT,True
1334,2026-05-22,WNBA,GS@IND,GS,82,IND,90,172,167.5,5.5,5.5,IND,GS,82,OVER,A,27.88,9.9,Rule1:UpsetClause,81.0,70.8,91.2,20.4,5,HIT,HIT,True
1335,2026-05-22,WNBA,DAL@ATL,DAL,69,ATL,86,155,174.0,5.5,5.5,ATL,DAL,69,UNDER,A,-23.02,9.9,Rule1:UpsetClause,84.2,74.0,94.5,20.4,5,HIT,MISS,False
1336,2026-05-22,WNBA,CON@SEA,CON,59,SEA,77,136,165.5,1.5,1.5,SEA,CON,59,UNDER,C,-59.25,25.0,Rule4:UnderExecution,82.0,68.4,95.6,27.2,12,HIT,MISS,False
1337,2026-05-23,WNBA,MIN@CHI,MIN,85,CHI,75,160,168.5,1.5,1.5,MIN,CHI,75,OVER,C,28.17,25.0,Rule3:OverExecution,83.5,69.9,97.1,27.2,12,HIT,HIT,True
1338,2026-05-23,WNBA,PDX@TOR,PDX,99,TOR,80,179,173.5,4.5,4.5,TOR,PDX,99,OVER,B,110.07,13.0,Rule1:UpsetClause,84.5,73.0,96.0,23.0,7,HIT,MISS,False
1339,2026-05-23,WNBA,LA@LV,LA,101,LV,95,196,180.5,9.5,9.5,LV,LA,101,OVER,A,30.57,2.9,Rule1:UpsetClause,85.5,71.5,99.5,28.1,5,HIT,MISS,False
1340,2026-05-24,WNBA,PHO@ATL,PHO,80,ATL,82,162,168.5,5.5,5.5,ATL,PHO,80,OVER,A,23.16,9.9,Rule1:UpsetClause,81.5,71.3,91.7,20.4,5,HIT,HIT,True
1341,2026-05-24,WNBA,DAL@NY,DAL,91,NY,76,167,179.5,6.5,6.5,NY,DAL,91,OVER,A,28.53,7.4,Rule1:UpsetClause,86.5,75.3,97.7,22.3,5,HIT,HIT,True
1342,2026-05-24,WNBA,WAS@SEA,WAS,85,SEA,97,182,158.0,5.5,5.5,SEA,WAS,85,UNDER,A,-40.68,9.9,Rule1:UpsetClause,76.2,66.0,86.5,20.4,5,HIT,HIT,True
1343,2026-05-25,WNBA,PDX@NY,PDX,81,NY,74,155,172.5,10.5,10.5,NY,PDX,81,OVER,A,71.28,2.1,Rule1:UpsetClause,81.0,66.0,96.0,29.9,5,HIT,HIT,True
1344,2026-05-25,WNBA,CON@GS,CON,70,GS,97,167,158.0,13.5,13.5,GS,CON,70,UNDER,A,-24.59,0.7,Rule2:StructuralOutlier,72.2,54.4,90.1,35.7,5,HIT,HIT,True
1345,2026-05-26,WNBA,PHO@NY,PHO,74,NY,84,158,169.0,4.5,4.5,NY,PHO,74,OVER,B,39.13,13.0,Rule1:UpsetClause,82.2,70.8,93.8,23.0,7,HIT,HIT,True
1346,2026-05-26,WNBA,TOR@CHI,TOR,111,CHI,104,215,174.0,4.5,4.5,CHI,TOR,111,OVER,B,37.19,13.0,Rule1:UpsetClause,84.8,73.2,96.2,23.0,7,HIT,MISS,False
1347,2026-05-26,WNBA,ATL@MIN,ATL,81,MIN,96,177,166.5,3.5,3.5,MIN,ATL,81,UNDER,B,-23.03,16.6,Rule4:UnderExecution,81.5,71.0,92.0,21.0,7,HIT,HIT,True
1348,2026-05-26,WNBA,CON@PDX,CON,61,PDX,71,132,165.5,7.5,7.5,CON,PDX,71,OVER,A,14.36,5.5,Rule1:UpsetClause,79.0,66.9,91.1,24.2,5,HIT,HIT,True
1349,2026-05-27,WNBA,PHO@NY,PHO,74,NY,84,158,169.0,4.5,4.5,NY,PHO,74,OVER,B,16.25,13.0,Rule1:UpsetClause,82.2,70.8,93.8,23.0,7,HIT,HIT,True
1350,2026-05-27,WNBA,TOR@CHI,TOR,111,CHI,104,215,174.0,4.5,4.5,CHI,TOR,111,OVER,B,67.03,13.0,Rule1:UpsetClause,84.8,73.2,96.2,23.0,7,HIT,MISS,False
1351,2026-05-27,WNBA,ATL@MIN,ATL,81,MIN,96,177,166.5,3.5,3.5,MIN,ATL,81,UNDER,B,-4.68,16.6,Rule4:UnderExecution,81.5,71.0,92.0,21.0,7,HIT,HIT,True
1352,2026-05-27,WNBA,CON@PDX,CON,61,PDX,71,132,165.5,7.5,7.5,CON,PDX,71,UNDER,A,-41.91,5.5,Rule1:UpsetClause,79.0,66.9,91.1,24.2,5,HIT,HIT,True
1353,2026-05-28,WNBA,LV@DAL,LV,87,DAL,95,182,178.5,5.5,5.5,LV,DAL,95,OVER,A,5.38,9.9,Rule1:UpsetClause,86.5,76.3,96.7,20.4,5,HIT,HIT,True
1354,2026-05-28,WNBA,IND@GS,IND,88,GS,90,178,166.5,2.5,2.5,GS,IND,88,OVER,C,25.8,20.7,Rule3:OverExecution,82.0,67.4,96.6,29.2,12,HIT,HIT,True
1355,2026-05-29,WNBA,PHO@NY,PHO,68,NY,75,143,170.5,5.5,5.5,NY,PHO,68,UNDER,A,-3.72,9.9,Rule1:UpsetClause,82.5,72.3,92.7,20.4,5,HIT,MISS,False
1356,2026-05-29,WNBA,MIN@CHI,MIN,79,CHI,58,137,172.5,4.5,4.5,MIN,CHI,58,OVER,B,61.33,13.0,Rule1:UpsetClause,84.0,72.5,95.5,23.0,7,MISS,HIT,False
1357,2026-05-29,WNBA,LA@WAS,LA,92,WAS,87,179,165.0,2.5,2.5,LA,WAS,87,OVER,C,120.35,20.7,Rule3:OverExecution,81.2,66.6,95.9,29.2,12,HIT,HIT,True
1358,2026-05-29,WNBA,ATL@PDX,ATL,86,PDX,66,152,163.5,9.5,9.5,ATL,PDX,66,UNDER,A,-4.22,2.9,Rule1:UpsetClause,77.0,63.0,91.0,28.1,5,HIT,HIT,True
1359,2026-05-30,WNBA,SEA@TOR,SEA,72,TOR,93,165,171.5,0.5,0.5,TOR,SEA,72,OVER,C,70.61,29.3,Rule3:OverExecution,85.5,73.0,98.0,25.1,12,MISS,HIT,False
1360,2026-05-30,WNBA,LA@CON,LA,81,CON,84,165,168.5,3.5,3.5,CON,LA,81,UNDER,B,-33.05,16.6,Rule4:UnderExecution,82.5,72.0,93.0,21.0,7,HIT,HIT,True
1361,2026-05-30,WNBA,IND@PDX,IND,84,PDX,100,184,174.0,10.5,10.5,IND,PDX,100,OVER,A,2.21,2.1,Rule1:UpsetClause,81.8,66.8,96.7,29.9,5,HIT,MISS,False
1362,2026-05-31,WNBA,LV@GS,LV,91,GS,81,172,168.0,1.5,1.5,LV,GS,81,OVER,C,25.89,25.0,Rule3:OverExecution,83.2,69.7,96.8,27.2,12,HIT,HIT,True
1363,2026-06-01,WNBA,SEA@DAL,SEA,56,DAL,79,135,166.5,13.5,13.5,DAL,SEA,56,OVER,A,7.27,0.7,Rule2:StructuralOutlier,76.5,58.7,94.3,35.7,5,MISS,HIT,False
1364,2026-06-01,WNBA,MIN@PHO,MIN,111,PHO,77,188,166.5,2.5,2.5,MIN,PHO,77,UNDER,C,-1.15,20.7,Rule4:UnderExecution,82.0,67.4,96.6,29.2,12,HIT,HIT,True
1365,2026-06-02,WNBA,CHI@WAS,CHI,72,WAS,90,162,161.0,1.5,1.5,CHI,WAS,90,OVER,C,80.85,25.0,Rule3:OverExecution,79.8,66.2,93.3,27.2,12,HIT,HIT,True
1366,2026-06-02,WNBA,CON@ATL,CON,75,ATL,91,166,161.0,13.5,13.5,ATL,CON,75,UNDER,A,-43.52,0.7,Rule2:StructuralOutlier,73.8,55.9,91.6,35.7,5,HIT,HIT,True
1367,2026-06-02,WNBA,PDX@GS,PDX,77,GS,95,172,160.5,9.5,9.5,GS,PDX,77,OVER,A,12.44,2.9,Rule1:UpsetClause,75.5,61.5,89.5,28.1,5,HIT,HIT,True
1368,2026-06-02,WNBA,LV@LA,LV,79,LA,69,148,176.5,7.5,7.5,LV,LA,69,OVER,A,38.41,5.5,Rule1:UpsetClause,84.5,72.4,96.6,24.2,5,MISS,HIT,False
1369,2026-06-03,WNBA,TOR@NY,TOR,82,NY,97,179,173.5,0.5,0.5,NY,TOR,82,OVER,C,27.47,29.3,Rule3:OverExecution,86.5,74.0,99.0,25.1,12,HIT,HIT,True
1370,2026-06-03,WNBA,PHO@SEA,PHO,72,SEA,68,140,160.0,7.5,7.5,SEA,PHO,72,UNDER,A,-57.3,5.5,Rule1:UpsetClause,76.2,64.1,88.4,24.2,5,HIT,HIT,True
1371,2026-06-04,WNBA,ATL@IND,ATL,71,IND,83,154,174.0,1.5,1.5,IND,ATL,71,OVER,C,16.78,25.0,Rule3:OverExecution,86.2,72.7,99.8,27.2,12,MISS,HIT,False
1372,2026-06-04,WNBA,GS@MIN,GS,84,MIN,87,171,168.5,3.5,3.5,MIN,GS,84,OVER,B,55.72,16.6,Rule3:OverExecution,82.5,72.0,93.0,21.0,7,HIT,HIT,True
1373,2026-06-05,WNBA,CON@CHI,CON,80,CHI,85,165,164.0,6.5,6.5,CHI,CON,80,UNDER,A,-16.6,7.4,Rule1:UpsetClause,78.8,67.6,89.9,22.3,5,HIT,HIT,True
1374,2026-06-05,WNBA,PHO@PDX,PHO,78,PDX,72,150,160.0,4.5,4.5,PHO,PDX,72,UNDER,B,-39.01,13.0,Rule1:UpsetClause,77.8,66.2,89.2,23.0,7,HIT,HIT,True
1375,2026-06-05,WNBA,DAL@LA,DAL,104,LA,96,200,178.5,2.5,2.5,DAL,LA,96,UNDER,C,-4.22,20.7,Rule4:UnderExecution,88.0,73.4,102.6,29.2,12,HIT,HIT,True
1376,2026-06-06,WNBA,SEA@MIN,SEA,68,MIN,88,156,162.0,13.5,13.5,MIN,SEA,68,OVER,A,7.04,0.7,Rule2:StructuralOutlier,74.2,56.4,92.1,35.7,5,HIT,HIT,True
1377,2026-06-06,WNBA,GS@LV,GS,79,LV,84,163,166.5,2.5,2.5,LV,GS,79,OVER,C,28.85,20.7,Rule3:OverExecution,82.0,67.4,96.6,29.2,12,HIT,HIT,True
1378,2026-06-06,WNBA,WAS@ATL,WAS,77,ATL,109,186,160.5,8.5,8.5,ATL,WAS,77,OVER,A,55.13,4.0,Rule1:UpsetClause,76.0,62.9,89.1,26.2,5,HIT,HIT,True
1379,2026-06-06,WNBA,IND@NY,IND,75,NY,83,158,174.5,3.5,3.5,NY,IND,75,UNDER,B,-4.42,16.6,Rule4:UnderExecution,85.5,75.0,96.0,21.0,7,HIT,PUSH,False
1380,2026-06-07,WNBA,CHI@TOR,CHI,68,TOR,85,153,175.0,0.5,0.5,TOR,CHI,68,OVER,C,82.01,29.3,Rule3:OverExecution,87.2,74.7,99.8,25.1,12,MISS,HIT,False
1381,2026-06-07,WNBA,PDX@LA,PDX,72,LA,89,161,173.5,7.5,7.5,LA,PDX,72,OVER,A,62.15,5.5,Rule1:UpsetClause,83.0,70.9,95.1,24.2,5,HIT,HIT,True
1382,2026-06-08,WNBA,NY@CON,NY,89,CON,80,169,163.0,12.5,12.5,NY,CON,80,UNDER,A,-44.66,1.0,Rule2:StructuralOutlier,75.2,58.4,92.1,33.8,5,HIT,HIT,True
1383,2026-06-08,WNBA,IND@WAS,IND,78,WAS,76,154,171.5,5.5,5.5,IND,WAS,76,OVER,A,59.2,9.9,Rule1:UpsetClause,83.0,72.8,93.2,20.4,5,HIT,HIT,True
1384,2026-06-08,WNBA,SEA@LV,SEA,91,LV,101,192,163.0,15.5,15.5,LV,SEA,91,UNDER,A,-21.92,0.4,Rule2:StructuralOutlier,73.8,54.0,93.5,39.4,5,HIT,HIT,True
1385,2026-06-09,WNBA,ATL@CHI,ATL,82,CHI,75,157,165.0,9.5,9.5,ATL,CHI,75,OVER,A,8.63,2.9,Rule1:UpsetClause,77.8,63.7,91.8,28.1,5,HIT,HIT,True
1386,2026-06-09,WNBA,DAL@MIN,DAL,76,MIN,100,176,171.0,4.5,4.5,MIN,DAL,76,OVER,B,20.31,13.0,Rule1:UpsetClause,83.2,71.8,94.8,23.0,7,HIT,HIT,True
1387,2026-06-09,WNBA,PHO@GS,PHO,81,GS,87,168,162.5,8.5,8.5,GS,PHO,81,OVER,A,17.09,4.0,Rule1:UpsetClause,77.0,63.9,90.1,26.2,5,HIT,HIT,True
1388,2026-06-10,WNBA,CON@TOR,CON,102,TOR,106,208,166.5,8.5,8.5,TOR,CON,102,OVER,A,38.67,4.0,Rule1:UpsetClause,79.0,65.9,92.1,26.2,5,HIT,MISS,False
1389,2026-06-10,WNBA,LA@SEA,LA,88,SEA,83,171,170.0,7.5,7.5,SEA,LA,88,UNDER,A,-47.13,5.5,Rule1:UpsetClause,81.2,69.1,93.4,24.2,5,HIT,HIT,True
1390,2026-06-11,WNBA,CHI@IND,CHI,106,IND,114,220,171.5,9.5,9.5,IND,CHI,106,UNDER,A,-30.56,2.9,Rule1:UpsetClause,81.0,67.0,95.0,28.1,5,MISS,HIT,False
1391,2026-06-11,WNBA,NY@ATL,NY,104,ATL,90,194,165.0,3.5,3.5,ATL,NY,104,OVER,B,3.14,16.6,Rule3:OverExecution,80.8,70.2,91.2,21.0,7,HIT,MISS,False
1392,2026-06-11,WNBA,PHO@DAL,PHO,70,DAL,85,155,168.5,6.5,6.5,DAL,PHO,70,OVER,A,7.39,7.4,Rule1:UpsetClause,81.0,69.8,92.2,22.3,5,HIT,HIT,True
1393,2026-06-11,WNBA,LV@PDX,LV,105,PDX,89,194,170.0,11.5,11.5,LV,PDX,89,OVER,A,18.87,1.5,Rule1:UpsetClause,79.2,63.3,95.2,31.8,5,HIT,HIT,True
1394,2026-06-12,WNBA,TOR@WAS,TOR,85,WAS,86,171,169.0,1.5,1.5,TOR,WAS,86,OVER,C,93.19,25.0,Rule3:OverExecution,83.8,70.2,97.3,27.2,12,HIT,HIT,True
1395,2026-06-12,WNBA,GS@SEA,GS,76,SEA,72,148,157.5,10.5,10.5,GS,SEA,72,OVER,A,18.18,2.1,Rule1:UpsetClause,73.5,58.5,88.5,29.9,5,HIT,HIT,True
1396,2026-06-13,WNBA,IND@CON,IND,85,CON,75,160,170.5,8.5,8.5,IND,CON,75,OVER,A,35.63,4.0,Rule1:UpsetClause,81.0,67.9,94.1,26.2,5,HIT,HIT,True
1397,2026-06-13,WNBA,MIN@LV,MIN,97,LV,100,197,174.5,3.5,3.5,LV,MIN,97,OVER,B,25.29,16.6,Rule3:OverExecution,85.5,75.0,96.0,21.0,7,HIT,MISS,False
1398,2026-06-13,WNBA,DAL@PDX,DAL,83,PDX,84,167,167.5,3.5,3.5,DAL,PDX,84,OVER,B,31.82,16.6,Rule3:OverExecution,82.0,71.5,92.5,21.0,7,HIT,HIT,True
1399,2026-06-13,WNBA,LA@PHO,LA,111,PHO,102,213,172.0,1.5,1.5,LA,PHO,102,OVER,C,27.62,25.0,Rule3:OverExecution,85.2,71.7,98.8,27.2,12,HIT,MISS,False
1400,2026-06-14,WNBA,WAS@NY,WAS,64,NY,86,150,166.5,13.5,13.5,NY,WAS,64,OVER,A,26.27,0.7,Rule2:StructuralOutlier,76.5,58.7,94.3,35.7,5,HIT,HIT,True
1401,2026-06-14,WNBA,ATL@TOR,ATL,102,TOR,77,179,170.5,6.5,6.5,ATL,TOR,77,OVER,A,59.75,7.4,Rule1:UpsetClause,82.0,70.8,93.2,22.3,5,HIT,HIT,True
1402,2026-06-15,WNBA,PDX@MIN,PDX,74,MIN,107,181,168.5,13.5,13.5,MIN,PDX,74,OVER,A,74.2,0.7,Rule2:StructuralOutlier,77.5,59.7,95.3,35.7,5,HIT,HIT,True
1403,2026-06-15,WNBA,LV@DAL,LV,66,DAL,96,162,178.0,2.5,2.5,DAL,LV,66,OVER,C,22.04,20.7,Rule3:OverExecution,87.8,73.1,102.4,29.2,12,MISS,HIT,False
1404,2026-06-15,WNBA,LA@GS,LA,58,GS,78,136,173.0,4.5,4.5,GS,LA,58,OVER,B,30.52,13.0,Rule1:UpsetClause,84.2,72.8,95.8,23.0,7,MISS,HIT,False
1405,2026-06-16,WNBA,TOR@IND,TOR,91,IND,113,204,179.5,8.5,8.5,IND,TOR,91,OVER,A,39.79,4.0,Rule1:UpsetClause,85.5,72.4,98.6,26.2,5,HIT,HIT,True
1406,2026-06-17,WNBA,WAS@CON,WAS,88,CON,81,169,160.0,1.5,1.5,CON,WAS,88,UNDER,C,-3.55,25.0,Rule4:UnderExecution,79.2,65.7,92.8,27.2,12,HIT,HIT,True
1407,2026-06-17,WNBA,NY@CHI,NY,96,CHI,95,191,169.5,10.5,10.5,NY,CHI,95,OVER,A,4.0,2.1,Rule1:UpsetClause,79.5,64.5,94.5,29.9,5,HIT,MISS,False
1408,2026-06-17,WNBA,SEA@PDX,SEA,89,PDX,94,183,162.5,4.5,4.5,SEA,PDX,94,UNDER,B,-21.17,13.0,Rule1:UpsetClause,79.0,67.5,90.5,23.0,7,MISS,HIT,False
1409,2026-06-17,WNBA,DAL@GS,DAL,80,GS,91,171,165.0,3.5,3.5,GS,DAL,80,UNDER,B,-18.06,16.6,Rule4:UnderExecution,80.8,70.2,91.2,21.0,7,HIT,HIT,True
1410,2026-06-18,WNBA,ATL@IND,ATL,108,IND,101,209,173.5,1.5,1.5,ATL,IND,101,OVER,C,48.5,25.0,Rule3:OverExecution,86.0,72.4,99.6,27.2,12,HIT,MISS,False
1411,2026-06-19,WNBA,WAS@NY,WAS,86,NY,83,169,168.5,12.5,12.5,NY,WAS,86,OVER,A,39.37,1.0,Rule2:StructuralOutlier,78.0,61.1,94.9,33.8,5,HIT,HIT,True
1412,2026-06-19,WNBA,TOR@CON,TOR,101,CON,97,198,168.5,2.5,2.5,CON,TOR,101,OVER,C,26.01,20.7,Rule3:OverExecution,83.0,68.4,97.6,29.2,12,HIT,MISS,False
1413,2026-06-19,WNBA,MIN@GS,MIN,81,GS,75,156,166.0,2.5,2.5,MIN,GS,75,OVER,C,58.36,20.7,Rule3:OverExecution,81.8,67.1,96.4,29.2,12,HIT,HIT,True
1414,2026-06-20,WNBA,IND@ATL,IND,96,ATL,113,209,176.5,5.5,5.5,ATL,IND,96,OVER,A,93.55,9.9,Rule1:UpsetClause,85.5,75.3,95.7,20.4,5,HIT,MISS,False
1415,2026-06-20,WNBA,SEA@PHO,SEA,73,PHO,93,166,163.5,6.5,6.5,SEA,PHO,93,UNDER,A,-20.56,7.4,Rule1:UpsetClause,78.5,67.3,89.7,22.3,5,MISS,HIT,False
1416,2026-06-20,WNBA,CHI@DAL,CHI,92,DAL,93,185,174.5,10.5,10.5,DAL,CHI,92,OVER,A,24.78,2.1,Rule1:UpsetClause,82.0,67.0,97.0,29.9,5,HIT,HIT,True
1417,2026-06-21,WNBA,GS@LV,GS,73,LV,92,165,167.5,3.5,3.5,LV,GS,73,OVER,B,27.17,16.6,Rule3:OverExecution,82.0,71.5,92.5,21.0,7,HIT,HIT,True
1418,2026-06-21,WNBA,WAS@MIN,WAS,84,MIN,79,163,169.5,14.5,14.5,MIN,WAS,84,OVER,A,63.62,0.5,Rule2:StructuralOutlier,77.5,58.7,96.3,37.6,5,HIT,HIT,True
1419,2026-06-21,WNBA,NY@LA,NY,97,LA,98,195,181.5,6.5,6.5,LA,NY,97,OVER,A,112.72,7.4,Rule1:UpsetClause,87.5,76.3,98.7,22.3,5,HIT,HIT,True
1420,2026-06-22,WNBA,CHI@CON,CHI,63,CON,92,155,169.5,3.5,3.5,CON,CHI,63,OVER,B,28.44,16.6,Rule3:OverExecution,83.0,72.5,93.5,21.0,7,MISS,HIT,False
1421,2026-06-22,WNBA,TOR@ATL,TOR,87,ATL,94,181,178.5,15.5,15.5,ATL,TOR,87,OVER,A,130.08,0.4,Rule2:StructuralOutlier,81.5,61.8,101.2,39.4,5,HIT,HIT,True
1422,2026-06-22,WNBA,PHO@IND,PHO,77,IND,86,163,178.0,7.5,7.5,IND,PHO,77,OVER,A,72.16,5.5,Rule1:UpsetClause,85.2,73.1,97.4,24.2,5,HIT,HIT,True
1423,2026-06-22,WNBA,DAL@SEA,DAL,112,SEA,110,222,171.0,9.5,9.5,SEA,DAL,112,UNDER,A,-35.95,2.9,Rule1:UpsetClause,80.8,66.7,94.8,28.1,5,MISS,HIT,False
1424,2026-06-23,WNBA,NY@LV,NY,87,LV,76,163,177.0,2.5,2.5,LV,NY,87,OVER,C,101.38,20.7,Rule3:OverExecution,87.2,72.6,101.9,29.2,12,HIT,HIT,True
1425,2026-06-24,WNBA,PHO@IND,PHO,111,IND,109,220,167.5,16.5,16.5,IND,PHO,111,OVER,A,55.69,0.3,Rule2:StructuralOutlier,75.5,54.8,96.2,41.3,5,HIT,MISS,False
1426,2026-06-24,WNBA,MIN@WAS,MIN,78,WAS,76,154,169.0,0.5,0.5,MIN,WAS,76,OVER,C,45.96,29.3,Rule3:OverExecution,84.2,71.7,96.8,25.1,12,HIT,HIT,True
1427,2026-06-24,WNBA,PDX@CHI,PDX,78,CHI,101,179,168.5,1.5,1.5,CHI,PDX,78,OVER,C,48.19,25.0,Rule3:OverExecution,83.5,69.9,97.1,27.2,12,HIT,HIT,True
1428,2026-06-24,WNBA,ATL@GS,ATL,66,GS,77,143,166.0,2.5,2.5,GS,ATL,66,OVER,C,20.83,20.7,Rule3:OverExecution,81.8,67.1,96.4,29.2,12,MISS,HIT,False
1429,2026-06-25,WNBA,DAL@LV,DAL,84,LV,99,183,179.5,0.5,0.5,LV,DAL,84,OVER,C,38.85,29.3,Rule3:OverExecution,89.5,77.0,102.0,25.1,12,HIT,HIT,True
1430,2026-06-25,WNBA,NY@SEA,NY,88,SEA,99,187,167.0,0.5,0.5,SEA,NY,88,OVER,C,36.16,29.3,Rule3:OverExecution,83.2,70.7,95.8,25.1,12,HIT,HIT,True
1431,2026-06-26,WNBA,WAS@CON,WAS,57,CON,68,125,164.5,4.5,4.5,CON,WAS,57,UNDER,B,-1.37,13.0,Rule1:UpsetClause,80.0,68.5,91.5,23.0,7,HIT,MISS,False
1432,2026-06-26,WNBA,PDX@CHI,PDX,94,CHI,124,218,173.5,6.5,6.5,CHI,PDX,94,OVER,A,60.42,7.4,Rule1:UpsetClause,83.5,72.3,94.7,22.3,5,HIT,HIT,True
1433,2026-06-26,WNBA,ATL@GS,ATL,75,GS,78,153,163.5,2.5,2.5,GS,ATL,75,UNDER,C,-5.16,20.7,Rule4:UnderExecution,80.5,65.9,95.1,29.2,12,HIT,HIT,True
1434,2026-06-27,WNBA,LA@IND,LA,87,IND,111,198,182.5,0.5,0.5,IND,LA,87,OVER,C,66.35,29.3,Rule3:OverExecution,91.0,78.5,103.5,25.1,12,HIT,HIT,True
1435,2026-06-27,WNBA,ATL@SEA,ATL,90,SEA,105,195,169.5,9.5,9.5,SEA,ATL,90,OVER,A,6.84,2.9,Rule1:UpsetClause,80.0,66.0,94.0,28.1,5,HIT,HIT,True
1436,2026-06-28,WNBA,PDX@WAS,PDX,123,WAS,124,247,168.0,6.5,6.5,WAS,PDX,123,OVER,A,16.56,7.4,Rule1:UpsetClause,80.8,69.6,91.9,22.3,5,HIT,MISS,False
1437,2026-06-29,WNBA,LV@NY,LV,85,NY,93,178,174.5,6.5,6.5,NY,LV,85,UNDER,A,-34.18,7.4,Rule1:UpsetClause,84.0,72.8,95.2,22.3,5,HIT,HIT,True
1438,2026-06-30,WNBA,LV@NY,LV,85,NY,93,178,174.5,6.5,6.5,NY,LV,85,UNDER,A,-34.08,7.4,Rule1:UpsetClause,84.0,72.8,95.2,22.3,5,HIT,HIT,True
